# ************************************************************
# Sequel Pro SQL dump
# Version 4096
#
# http://www.sequelpro.com/
# http://code.google.com/p/sequel-pro/
#
# Host: 192.168.2.138 (MySQL 5.5.40)
# Database: abc
# Generation Time: 2015-02-10 14:02:36 +0000
# ************************************************************


/*!40101 SET @OLD_CHARACTER_SET_CLIENT=@@CHARACTER_SET_CLIENT */;
/*!40101 SET @OLD_CHARACTER_SET_RESULTS=@@CHARACTER_SET_RESULTS */;
/*!40101 SET @OLD_COLLATION_CONNECTION=@@COLLATION_CONNECTION */;
/*!40101 SET NAMES utf8 */;
/*!40014 SET @OLD_FOREIGN_KEY_CHECKS=@@FOREIGN_KEY_CHECKS, FOREIGN_KEY_CHECKS=0 */;
/*!40101 SET @OLD_SQL_MODE=@@SQL_MODE, SQL_MODE='NO_AUTO_VALUE_ON_ZERO' */;
/*!40111 SET @OLD_SQL_NOTES=@@SQL_NOTES, SQL_NOTES=0 */;


# Dump of table abc_account_info
# ------------------------------------------------------------

DROP TABLE IF EXISTS `abc_account_info`;

CREATE TABLE `abc_account_info` (
  `account_id` int(11) NOT NULL AUTO_INCREMENT COMMENT '主键id',
  `account_user_id` int(11) DEFAULT NULL COMMENT '用户id',
  `account_user_type` tinyint(4) DEFAULT NULL COMMENT '用户类型',
  `account_legal_name` varchar(30) COLLATE utf8_bin DEFAULT NULL COMMENT '法人姓名',
  `account_user_name` varchar(30) COLLATE utf8_bin DEFAULT NULL COMMENT '用户姓名(企业名称)',
  `account_user_card` varchar(30) COLLATE utf8_bin DEFAULT NULL COMMENT '身份证号(法人身份证号)',
  `account_no` varchar(18) COLLATE utf8_bin DEFAULT NULL COMMENT '开户账户',
  `account_user_phone` varchar(15) COLLATE utf8_bin DEFAULT NULL COMMENT '手机号码(法人手机号码)',
  `account_user_email` varchar(50) COLLATE utf8_bin DEFAULT NULL COMMENT '邮箱地址(法人邮箱地址)',
  `account_bank_area` varchar(50) COLLATE utf8_bin DEFAULT NULL COMMENT '开户银行地区',
  `account_bank_name` varchar(50) COLLATE utf8_bin DEFAULT NULL COMMENT '开户银行名称',
  `account_bank_branch_name` varchar(50) COLLATE utf8_bin DEFAULT NULL COMMENT '开户银行支行名称',
  `account_user_account` varchar(50) COLLATE utf8_bin DEFAULT NULL COMMENT '帐号(企业对公账户号)',
  `account_cash_pwd` varchar(50) COLLATE utf8_bin DEFAULT NULL COMMENT '提现密码',
  `account_login_pwd` varchar(50) COLLATE utf8_bin DEFAULT NULL COMMENT '登录密码',
  `account_mark` varchar(512) COLLATE utf8_bin DEFAULT NULL COMMENT '备注',
  `account_del_flag` int(1) DEFAULT '0' COMMENT '删除标识（默认0未删除，已删除-1）',
  `account_modify_time` datetime DEFAULT NULL COMMENT '更新时间',
  `account_create_time` datetime DEFAULT NULL COMMENT '创建时间',
  PRIMARY KEY (`account_id`)
) ENGINE=InnoDB DEFAULT CHARSET=utf8 COLLATE=utf8_bin;

LOCK TABLES `abc_account_info` WRITE;
/*!40000 ALTER TABLE `abc_account_info` DISABLE KEYS */;

INSERT INTO `abc_account_info` (`account_id`, `account_user_id`, `account_user_type`, `account_legal_name`, `account_user_name`, `account_user_card`, `account_no`, `account_user_phone`, `account_user_email`, `account_bank_area`, `account_bank_name`, `account_bank_branch_name`, `account_user_account`, `account_cash_pwd`, `account_login_pwd`, `account_mark`, `account_del_flag`, `account_modify_time`, `account_create_time`)
VALUES
	(1,1,1,X'E8B5B5E4B880',X'E8B5B5E4B8802D31',X'363230353232313936393037323936313336',X'3133313132333435363738',X'3138373035363938383838',X'35393138343032354071712E636F6D',X'3331307CE4B88AE6B5B77C323930307CE4B88AE6B5B7E5B882',X'E68B9BE59586E993B6E8A18C',X'E68B9BE59586E993B6E8A18CE882A1E4BBBDE69C89E99990E585ACE58FB8E4B88AE6B5B7E88194E6B48BE694AFE8A18C',X'36323134383330323136353236353733',X'313233343536',X'313233343536',X'6D3232383037',0,'2015-02-08 13:48:45','2015-01-23 11:26:15'),
	(2,2,1,X'E992B1E4BA8C',X'E992B1E4BA8C2D32',X'353232343237313936303036303930313531',X'3133323132333435363738',X'3133323132333435363738',X'3133323132333435363738403136332E636F6D',X'31313030',X'E68B9BE59586E993B6E8A18C',X'E6BBA8E6B5B7E694AFE8A18C',X'36323235383832353032333034383637',X'313233343536',X'313233343536',X'6D3232383037',0,'2015-01-23 11:26:09','2015-01-23 11:26:15'),
	(3,3,1,X'E5AD99E4B889',X'E5AD99E4B8892D33',X'313330313831313937313033323439333958',X'3133333132333435363738',X'3133333132333435363738',X'3133333132333435363738403136332E636F6D',X'31313030',X'E68B9BE59586E993B6E8A18C',X'E6BBA8E6B5B7E694AFE8A18C',X'36323235383832353032333034383638',X'313233343536',X'313233343536',X'6D3232383037',0,'2015-01-23 11:26:09','2015-01-23 11:26:15'),
	(4,4,1,X'E69D8EE59B9B',X'E69D8EE59B9B2D34',X'333431343032313937363131303634323631',X'3133343132333435363738',X'3133343132333435363738',X'3133343132333435363738403136332E636F6D',X'31313030',X'E68B9BE59586E993B6E8A18C',X'E6BBA8E6B5B7E694AFE8A18C',X'36323235383832353032333034383639',X'313233343536',X'313233343536',X'6D3232383037',0,'2015-01-23 11:26:09','2015-01-23 11:26:15'),
	(5,5,1,X'E591A8E4BA94',X'E591A8E4BA942D35',X'323130393032313938303039303530373832',X'3133353132333435363738',X'3133353132333435363738',X'3133353132333435363738403136332E636F6D',X'31313030',X'E68B9BE59586E993B6E8A18C',X'E6BBA8E6B5B7E694AFE8A18C',X'36323235383832353032333034383730',X'313233343536',X'313233343536',X'E6B58BE8AF95',0,'2015-01-23 11:26:09','2015-01-23 11:26:15'),
	(6,6,2,X'E590B4E585AD',X'E590B4E585AD2D36',X'333430383232313937353034303537313835',X'3133363132333435363738',X'3133363132333435363738',X'3133363132333435363738403136332E636F6D',X'31313030',X'E68B9BE59586E993B6E8A18C',X'E6BBA8E6B5B7E694AFE8A18C',X'36323235383832353032333034383731',X'313233343536',X'313233343536',X'E6B58BE8AF95',0,'2015-01-23 11:26:09','2015-01-23 11:26:15'),
	(7,7,2,X'E98391E4B883',X'E98391E4B8832D37',X'333230353835313936363131313531343737',X'3133373132333435363738',X'3133373132333435363738',X'3133373132333435363738403136332E636F6D',X'31313030',X'E68B9BE59586E993B6E8A18C',X'E6BBA8E6B5B7E694AFE8A18C',X'36323235383832353032333034383732',X'313233343536',X'313233343536',X'E6B58BE8AF95',0,'2015-01-23 11:26:09','2015-01-23 11:26:15'),
	(8,8,2,X'E78E8BE585AB',X'E78E8BE585AB2D38',X'333431353033313935323131313736363730',X'3133383132333435363738',X'3133383132333435363738',X'3133383132333435363738403136332E636F6D',X'31313030',X'E68B9BE59586E993B6E8A18C',X'E6BBA8E6B5B7E694AFE8A18C',X'36323235383832353032333034383733',X'313233343536',X'313233343536',X'6D3231393239',0,'2015-01-23 11:26:09','2015-01-23 11:26:15'),
	(9,9,2,X'E586AFE4B99D',X'E586AFE4B99D2D39',X'353330333031313935373033303237393535',X'3133393132333435363738',X'3133393132333435363738',X'3133393132333435363738403136332E636F6D',X'31313030',X'E68B9BE59586E993B6E8A18C',X'E6BBA8E6B5B7E694AFE8A18C',X'36323235383832353032333034383734',X'313233343536',X'313233343536',X'6D3231383633',0,'2015-01-23 11:39:21','2015-01-23 11:39:18'),
	(10,10,2,X'E99988E58D81',X'E99988E58D812D3130',X'313230313134313937393032313936343939',X'3135303132333435363738',X'3135303132333435363738',X'3135303132333435363738403136332E636F6D',X'31313030',X'E68B9BE59586E993B6E8A18C',X'E6BBA8E6B5B7E694AFE8A18C',X'36323235383832353032333034383735',X'313233343536',X'313233343536',X'6D3231383333',0,'2015-01-23 11:39:21','2015-01-23 11:39:18'),
	(11,113,3,X'E8B4A2E58AA1',X'6361697775',NULL,X'3135323039383535383232',X'3135303039383535383232',X'3135303039383535383232403136332E636F6D',X'31313030',X'E68B9BE59586E993B6E8A18C',X'E6BBA8E6B5B7E694AFE8A18C',X'36323235383832353032333034383736',X'313233343536',X'313233343536',X'6D3231383333',0,'2015-01-23 11:39:21','2015-01-23 11:39:18'),
	(12,114,3,X'E79086E8B4A2',X'6C69636169',NULL,X'3138333132333435363738',X'3138333132333435363738',X'3138333132333435363738403136332E636F6D',X'31313030',X'E68B9BE59586E993B6E8A18C',X'E6BBA8E6B5B7E694AFE8A18C',X'36323235383832353032333034383737',X'313233343536',X'313233343536',X'E79086E8B4A2E6B58BE8AF95E8B584E98791E8B4A6E688B7',0,'2015-01-23 11:39:21','2015-01-23 11:39:18'),
	(13,115,3,X'64616E62616F31',X'64616E62616F31',X'333432363233313939303038323232373331',X'3138343132333435363738',X'3138343132333435363738',X'3138343132333435363738403136332E636F6D',X'31313030',X'E68B9BE59586E993B6E8A18C',X'E6BBA8E6B5B7E694AFE8A18C',X'36323235383832353032333034383738',X'313233343536',X'313233343536',X'E68B85E4BF9D31E6B58BE8AF95E8B584E98791E8B4A6E688B7',0,'2015-01-28 15:46:05','2015-01-23 11:39:18'),
	(14,116,3,X'64616E62616F32',X'64616E62616F32',X'333432363233313939303038323232373331',X'3138353132333435363738',X'3138353132333435363738',X'3138353132333435363738403136332E636F6D',X'31303030',X'E68B9BE59586E993B6E8A18C',X'E6BBA8E6B5B7E694AFE8A18C',X'36323235383832353032333034383739',X'313233343536',X'313233343536',X'E68B85E4BF9D32E6B58BE8AF95E8B584E98791E8B4A6E688B7',0,'2015-01-29 14:08:25','2015-01-23 11:39:18'),
	(15,117,3,X'7869616F64616931',X'7869616F64616931',NULL,X'3138363132333435363738',X'3138363132333435363738',X'3138363132333435363738403136332E636F6D',X'31313030',X'E68B9BE59586E993B6E8A18C',X'E6BBA8E6B5B7E694AFE8A18C',X'36323235383832353032333034383830',X'313233343536',X'313233343536',X'E5B08FE8B4B731E6B58BE8AF95E8B584E98791E8B4A6E688B7',0,'2015-01-23 11:39:21','2015-01-23 11:39:18'),
	(16,118,3,X'7869616F64616932',X'7869616F64616932',NULL,X'3138373132333435363738',X'3138373132333435363738',X'3138373132333435363738403136332E636F6D',X'31313030',X'E68B9BE59586E993B6E8A18C',X'E6BBA8E6B5B7E694AFE8A18C',X'36323235383832353032333034383831',X'313233343536',X'313233343536',X'E5B08FE8B4B732E6B58BE8AF95E8B584E98791E8B4A6E688B7',0,'2015-01-23 11:39:21','2015-01-23 11:39:18'),
	(19,115,3,X'E4B88AE6B0B4E4B88A',X'E4B88AE6B0B4E4B88A',X'333432363233313939303038323232373331',X'3138393132333435363738',X'3138393132333435363738',X'31383931323334353637384071712E636F6D',X'31303030',X'E4B8ADE59BBDE5B7A5E59586E993B6E8A18C',X'E6B5B7E6B780',X'36323235383832353032333034383635',X'31',NULL,X'E6B58BE8AF95',-1,'2015-01-28 16:58:20','2015-01-28 16:58:20'),
	(20,12345,0,X'6A6979756C69616E67',X'6A796C',X'31323334353637383930',X'6A6979756C69616E673930383232',X'',X'6A6979756C69616E673930383232403136332E636F6D',X'4148',X'434D',X'434D43',X'36323235383832353032333034383735',NULL,NULL,X'E6B58BE8AF95E695B0E68DAEEFBC81',0,'2015-02-02 18:10:52','2015-02-02 17:47:48'),
	(21,12345,0,X'6A6979756C69616E67',X'6A796C',X'31323334353637383930',X'6A6979756C69616E673930383232',X'',X'6A6979756C69616E673930383232403136332E636F6D',X'4148',X'434D',X'434D43',X'36323235383832353032333034383735',NULL,NULL,X'E6B58BE8AF95E695B0E68DAEEFBC81',0,'2015-02-02 18:10:52','2015-02-02 18:10:52'),
	(24,12,1,NULL,X'667265656B6B6B6B',X'333432343031313939323039303735363935',X'3138373035363936383832',X'3138373035363936383635',X'35363634363435344071712E636F6D',X'3334307CE5AE89E5BEBDE79C817C333738317CE5B7A2E6B996E5B882',X'E4B8ADE59BBDE5BBBAE8AEBEE993B6E8A18C',X'E4B8ADE59BBDE5BBBAE8AEBEE993B6E8A18CE882A1E4BBBDE69C89E99990E585ACE58FB8E5B7A2E6B996E5B882E58D8AE6B1A4E694AFE8A18C',X'36323237303031373531303230323635343037',X'313233343536',X'313233343536',X'E6B58BE8AF95E5BC80E688B7',0,'2015-02-10 20:35:41','2015-02-08 16:17:03');

/*!40000 ALTER TABLE `abc_account_info` ENABLE KEYS */;
UNLOCK TABLES;


# Dump of table abc_activity_record
# ------------------------------------------------------------

DROP TABLE IF EXISTS `abc_activity_record`;

CREATE TABLE `abc_activity_record` (
  `ar_id` int(11) unsigned NOT NULL AUTO_INCREMENT COMMENT '主键id',
  `ar_type` tinyint(2) NOT NULL COMMENT '活动类型 1:投资活动 2:转让活动 3:收购活动',
  `ar_foreign_id` int(11) DEFAULT NULL COMMENT '外键id',
  `ar_createtime` datetime NOT NULL COMMENT '创建时间',
  `ar_creator` int(11) NOT NULL COMMENT '创建人',
  `ar_endtime` datetime DEFAULT NULL COMMENT '结束时间',
  PRIMARY KEY (`ar_id`)
) ENGINE=InnoDB DEFAULT CHARSET=utf8 COMMENT='业务活动记录表';

LOCK TABLES `abc_activity_record` WRITE;
/*!40000 ALTER TABLE `abc_activity_record` DISABLE KEYS */;

INSERT INTO `abc_activity_record` (`ar_id`, `ar_type`, `ar_foreign_id`, `ar_createtime`, `ar_creator`, `ar_endtime`)
VALUES
	(1,1,1,'2015-01-23 14:13:12',2,NULL),
	(2,1,2,'2015-01-24 16:00:08',3,NULL),
	(3,1,3,'2015-01-24 16:00:21',1,NULL),
	(4,1,4,'2015-01-24 17:18:13',5,NULL),
	(5,1,5,'2015-01-24 17:18:39',4,NULL),
	(6,2,6,'2015-01-24 22:25:26',1,NULL),
	(7,1,7,'2015-01-26 09:49:33',2,NULL),
	(8,2,8,'2015-01-26 09:52:41',3,NULL),
	(9,3,9,'2015-01-26 10:08:19',3,NULL),
	(10,1,10,'2015-01-26 11:20:37',2,NULL),
	(11,3,11,'2015-01-26 11:23:16',2,NULL),
	(12,2,12,'2015-01-26 11:27:35',3,NULL),
	(13,1,13,'2015-01-26 13:15:24',1,NULL),
	(14,1,14,'2015-01-26 13:15:30',2,NULL),
	(15,2,15,'2015-01-26 13:18:46',3,NULL),
	(16,3,16,'2015-01-26 13:24:29',2,NULL),
	(17,3,17,'2015-01-26 13:44:12',3,NULL),
	(18,1,18,'2015-01-28 14:26:27',1,NULL),
	(19,1,19,'2015-01-29 17:11:00',1,NULL),
	(20,1,20,'2015-01-29 20:48:31',1,NULL),
	(21,1,21,'2015-01-29 20:51:45',2,NULL),
	(22,2,22,'2015-01-29 21:07:31',3,NULL),
	(23,1,23,'2015-01-30 14:02:30',1,NULL),
	(24,3,24,'2015-01-30 14:04:22',1,NULL),
	(25,1,25,'2015-01-30 21:01:30',1,NULL),
	(26,2,26,'2015-01-30 21:03:54',3,NULL),
	(27,1,27,'2015-01-31 16:42:46',6,NULL),
	(28,2,28,'2015-01-31 17:34:42',4,NULL),
	(29,1,29,'2015-02-07 18:07:32',1,NULL),
	(30,1,30,'2015-02-07 18:07:38',3,NULL),
	(31,1,31,'2015-02-09 15:11:18',1,NULL),
	(32,1,32,'2015-02-09 15:15:40',12,NULL);

/*!40000 ALTER TABLE `abc_activity_record` ENABLE KEYS */;
UNLOCK TABLES;


# Dump of table abc_area
# ------------------------------------------------------------

DROP TABLE IF EXISTS `abc_area`;

CREATE TABLE `abc_area` (
  `area_id` int(11) NOT NULL AUTO_INCREMENT COMMENT '主键',
  `area_name` varchar(20) COLLATE utf8_bin DEFAULT NULL COMMENT '地区名称',
  `area_super_area` varchar(20) COLLATE utf8_bin DEFAULT NULL COMMENT '父级地区',
  `area_area_code` varchar(20) COLLATE utf8_bin DEFAULT NULL COMMENT '地区编号',
  `area_sign` tinyint(1) DEFAULT NULL COMMENT '0：省 1：市 2：县',
  PRIMARY KEY (`area_id`)
) ENGINE=InnoDB DEFAULT CHARSET=utf8 COLLATE=utf8_bin COMMENT='区域信息表';

LOCK TABLES `abc_area` WRITE;
/*!40000 ALTER TABLE `abc_area` DISABLE KEYS */;

INSERT INTO `abc_area` (`area_id`, `area_name`, `area_super_area`, `area_area_code`, `area_sign`)
VALUES
	(1,X'E58C97E4BAAC',NULL,X'313130',0),
	(2,X'E58C97E4BAACE5B882',X'313130',X'31303030',1),
	(3,X'E5A4A9E6B4A5E5B882',NULL,X'313230',0),
	(4,X'E5A4A9E6B4A5',X'313230',X'31313030',1),
	(5,X'E6B2B3E58C97E79C81',NULL,X'313330',0),
	(6,X'E79FB3E5AEB6E5BA84',X'313330',X'31323130',1),
	(7,X'E59490E5B1B1',X'313330',X'31323430',1),
	(8,X'E6BBA6E58EBF',X'313330',X'31323433',2),
	(9,X'E6BBA6E58D97E58EBF',X'313330',X'31323434',2),
	(10,X'E4B990E4BAADE58EBF',X'313330',X'31323435',2),
	(11,X'E8BF81E5AE89E5B882',X'313330',X'31323436',2),
	(12,X'E8BF81E8A5BFE58EBF',X'313330',X'31323437',2),
	(13,X'E981B5E58C96E5B882',X'313330',X'31323438',2),
	(14,X'E78E89E794B0E58EBF',X'313330',X'31323439',2),
	(15,X'E59490E6B5B7E58EBF',X'313330',X'31323531',2),
	(16,X'E7A7A6E79A87E5B29BE5B882',X'313330',X'31323630',2),
	(17,X'E99D92E9BE99E58EBF',X'313330',X'31323631',2),
	(18,X'E6988CE9BB8EE58EBF',X'313330',X'31323632',2),
	(19,X'E68A9AE5AE81E58EBF',X'313330',X'31323633',2),
	(20,X'E58DA2E9BE99E58EBF',X'313330',X'31323634',2),
	(21,X'E982AFE983B8E5B882',X'313330',X'31323730',2),
	(22,X'E982AFE983B8E58EBF',X'313330',X'31323731',2),
	(23,X'E5A4A7E5908DE58EBF',X'313330',X'31323831',2),
	(24,X'E9AD8FE58EBF',X'313330',X'31323832',2),
	(25,X'E982B1E58EBF',X'313330',X'31323834',2),
	(26,X'E9B8A1E6B3BDE58EBF',X'313330',X'31323835',2),
	(27,X'E882A5E4B9A1E58EBF',X'313330',X'31323836',2),
	(28,X'E5B9BFE5B9B3E58EBF',X'313330',X'31323837',2),
	(29,X'E68890E5AE89E58EBF',X'313330',X'31323838',2),
	(30,X'E4B8B4E6BCB3E58EBF',X'313330',X'31323931',2),
	(31,X'E6B689E58EBF',X'313330',X'31323932',2),
	(32,X'E6B0B8E5B9B4E58EBF',X'313330',X'31323933',2),
	(33,X'E9A686E999B6E58EBF',X'313330',X'31323934',2),
	(34,X'E6ADA6E5AE89E5B882',X'313330',X'31323935',2),
	(35,X'E982A2E58FB0E5B882',X'313330',X'31333130',2),
	(36,X'E982A2E58FB0E58EBF',X'313330',X'31333131',2),
	(37,X'E58D97E5AEABE5B882',X'313330',X'31333231',2),
	(38,X'E6B299E6B2B3E5B882',X'313330',X'31333232',2),
	(39,X'E4B8B4E59F8EE58EBF',X'313330',X'31333233',2),
	(40,X'E58685E982B1E58EBF',X'313330',X'31333234',2),
	(41,X'E69F8FE4B9A1E58EBF',X'313330',X'31333235',2),
	(42,X'E99A86E5B0A7E58EBF',X'313330',X'31333236',2),
	(43,X'E4BBBBE58EBF',X'313330',X'31333237',2),
	(44,X'E58D97E5928CE58EBF',X'313330',X'31333238',2),
	(45,X'E5AE81E6998BE58EBF',X'313330',X'31333239',2),
	(46,X'E5B7A8E9B9BFE58EBF',X'313330',X'31333331',2),
	(47,X'E696B0E6B2B3E58EBF',X'313330',X'31333332',2),
	(48,X'E5B9BFE5AE97E58EBF',X'313330',X'31323933',2),
	(49,X'E9A686E999B6E58EBF',X'313330',X'31323934',2),
	(50,X'E6ADA6E5AE89E5B882',X'313330',X'31323935',2),
	(51,X'E982A2E58FB0E5B882',X'313330',X'31333130',2),
	(52,X'E982A2E58FB0E58EBF',X'313330',X'31333131',2),
	(53,X'E58D97E5AEABE5B882',X'313330',X'31333231',2),
	(54,X'E6B299E6B2B3E5B882',X'313330',X'31333232',2),
	(55,X'E4B8B4E59F8EE58EBF',X'313330',X'31333233',2),
	(56,X'E58685E982B1E58EBF',X'313330',X'31333333',2),
	(57,X'E5B9B3E4B9A1E58EBF',X'313330',X'31333334',2),
	(58,X'E5A881E58EBF',X'313330',X'31333335',2),
	(59,X'E6B885E6B2B3E58EBF',X'313330',X'31333336',2),
	(60,X'E4B8B4E8A5BFE58EBF',X'313330',X'31333337',2),
	(61,X'E4BF9DE5AE9AE5B882',X'313330',X'31333430',2),
	(62,X'E6BBA1E59F8EE58EBF',X'313330',X'31333431',2),
	(63,X'E6B885E88B91E58EBF',X'313330',X'31333432',2),
	(64,X'E5AE9AE5B79EE5B882',X'313330',X'31333531',2),
	(65,X'E6B6BFE5B79EE5B882',X'313330',X'31333532',2),
	(66,X'E69893E58EBF',X'313330',X'31333533',2),
	(67,X'E5BE90E6B0B4E58EBF',X'313330',X'31333534',2),
	(68,X'E6B69EE6BA90E58EBF',X'313330',X'31333535',2),
	(69,X'E5AE9AE585B4E58EBF',X'313330',X'31333536',2),
	(70,X'E9A1BAE5B9B3E58EBF',X'313330',X'31333537',2),
	(71,X'E59490E58EBF',X'313330',X'31333538',2),
	(72,X'E69C9BE983BDE58EBF',X'313330',X'31333539',2),
	(73,X'E6B69EE6B0B4E58EBF',X'313330',X'31333631',2),
	(74,X'E9AB98E998B3E58EBF',X'313330',X'31333632',2),
	(75,X'E5AE89E696B0E58EBF',X'313330',X'31333633',2),
	(76,X'E99B84E58EBF',X'313330',X'31333634',2),
	(77,X'E5AEB9E59F8EE58EBF',X'313330',X'31333635',2),
	(78,X'E9AB98E7A291E5BA97E5B882',X'313330',X'31333636',2),
	(79,X'E69BB2E998B3E58EBF',X'313330',X'31333637',2),
	(80,X'E9989CE5B9B3E58EBF',X'313330',X'31333638',2),
	(81,X'E5AE89E59BBDE5B882',X'313330',X'31333639',2),
	(82,X'E58D9AE9878EE58EBF',X'313330',X'31333731',2),
	(83,X'E8A0A1E58EBF',X'313330',X'31333732',2),
	(84,X'E5BCA0E5AEB6E58FA3E5B882',X'313330',X'31333830',2),
	(85,X'E5AEA3E58C96E58EBF',X'313330',X'31333831',2),
	(86,X'E5BCA0E58C97E58EBF',X'313330',X'31333931',2),
	(87,X'E5BAB7E4BF9DE58EBF',X'313330',X'31333932',2),
	(88,X'E6B2BDE6BA90E58EBF',X'313330',X'31333933',2),
	(89,X'E5B09AE4B989E58EBF',X'313330',X'31333934',2),
	(90,X'E8949AE58EBF',X'313330',X'31333935',2),
	(91,X'E998B3E58E9FE58EBF',X'313330',X'31333936',2),
	(92,X'E68080E5AE89E58EBF',X'313330',X'31333937',2),
	(93,X'E6B996E58D97E79C81',NULL,X'343330',0),
	(94,X'E98193E58EBF',X'343330',X'35363534',1),
	(95,X'E5AE81E8BF9CE58EBF',X'343330',X'35363535',1),
	(96,X'E6B19FE6B0B8E58EBF',X'343330',X'35363536',1),
	(97,X'E6B19FE58D8EE58EBF',X'343330',X'35363537',1),
	(98,X'E8939DE5B1B1E58EBF',X'343330',X'35363538',1),
	(99,X'E696B0E794B0E58EBF',X'343330',X'35363539',1),
	(100,X'E58F8CE7898CE58EBF',X'343330',X'35363631',1),
	(101,X'E7A581E998B3E58EBF',X'343330',X'35363632',1),
	(102,X'E68080E58C96E5B882',X'343330',X'35363730',1),
	(103,X'E6B4AAE6B19FE5B882',X'343330',X'35363732',1),
	(104,X'E6B285E999B5E58EBF',X'343330',X'35363734',1),
	(105,X'E8BEB0E6BAAAE58EBF',X'343330',X'35363735',1),
	(106,X'E6BA86E6B5A6E58EBF',X'343330',X'35363736',1),
	(107,X'E9BABBE998B3E58EBF',X'343330',X'35363737',1),
	(108,X'E696B0E69983E58EBF',X'343330',X'35363738',1),
	(109,X'E88AB7E6B19FE58EBF',X'343330',X'35363739',1),
	(110,X'E4BC9AE5908CE58EBF',X'343330',X'35363831',1),
	(111,X'E99D96E5B79EE58EBF',X'343330',X'35363832',1),
	(112,X'E9809AE98193E58EBF',X'343330',X'35363833',1),
	(113,X'E59089E9A696E5B882',X'343330',X'35363930',1),
	(114,X'E6B3B8E6BAAAE58EBF',X'343330',X'35363932',1),
	(115,X'E587A4E587B0E58EBF',X'343330',X'35363933',1),
	(116,X'E88AB1E59EA3E58EBF',X'343330',X'35363934',1),
	(117,X'E4BF9DE99D96E58EBF',X'343330',X'35363935',1),
	(118,X'E58FA4E4B888E58EBF',X'343330',X'35363936',1),
	(119,X'E6B0B8E9A1BAE58EBF',X'343330',X'35363937',1),
	(120,X'E9BE99E5B1B1E58EBF',X'343330',X'35363938',1),
	(121,X'E58F8CE5B3B0E58EBF',X'343330',X'35363234',1),
	(122,X'E696B0E58C96E58EBF',X'343330',X'35363235',1),
	(123,X'E983B4E5B79EE5B882',X'343330',X'35363330',1),
	(124,X'E8B584E585B4E5B882',X'343330',X'35363332',1),
	(125,X'E6A182E998B3E58EBF',X'343330',X'35363334',1),
	(126,X'E6B0B8E585B4E58EBF',X'343330',X'35363335',1),
	(127,X'E5AE9CE7ABA0E58EBF',X'343330',X'35363336',1),
	(128,X'E59889E7A6BEE58EBF',X'343330',X'35363337',1),
	(129,X'E4B8B4E6ADA6E58EBF',X'343330',X'35363338',1),
	(130,X'E6B19DE59F8EE58EBF',X'343330',X'35363339',1),
	(131,X'E6A182E4B89CE58EBF',X'343330',X'35363431',1),
	(132,X'E5AE89E4BB81E58EBF',X'343330',X'35363432',1),
	(133,X'E6B0B8E5B79EE5B882',X'343330',X'35363530',1),
	(134,X'E4B89CE5AE89E58EBF',X'343330',X'35363533',1),
	(135,X'E7828EE999B5E58EBF',X'343330',X'35353236',1),
	(136,X'E995BFE6B299',X'343330',X'35353130',1),
	(137,X'E6A0AAE5B79EE5B882',X'343330',X'35353230',1),
	(138,X'E6A0AAE6B4B2E58EBF',X'343330',X'35353231',1),
	(139,X'E694B8E58EBFE58EBF',X'343330',X'35353232',1),
	(140,X'E88CB6E999B5E58EBF',X'343330',X'35353233',1),
	(141,X'E6BEA7E58EBF',X'343330',X'35353833',1),
	(142,X'E986B4E999B5E5B882',X'343330',X'35353235',1),
	(143,X'E6B998E6BDADE5B882',X'343330',X'35353330',1),
	(144,X'E6B998E4B9A1E5B882',X'343330',X'35353332',1),
	(145,X'E99FB6E5B1B1E58EBF',X'343330',X'35353333',1),
	(146,X'E8A1A1E998B3E5B882',X'343330',X'35353430',1),
	(147,X'E8A1A1E998B3E58EBF',X'343330',X'35353431',1),
	(148,X'E8A1A1E58D97E58EBF',X'343330',X'35353432',1),
	(149,X'E8A1A1E5B1B1E58EBF',X'343330',X'35353433',1),
	(150,X'E8A1A1E4B89CE58EBF',X'343330',X'35353434',1),
	(151,X'E5B8B8E5AE81E58EBF',X'343330',X'35353435',1),
	(152,X'E7A581E4B89CE58EBF',X'343330',X'35353436',1),
	(153,X'E88092E998B3E58EBF',X'343330',X'35353437',1),
	(154,X'E982B5E998B3E5B882',X'343330',X'35353530',1),
	(155,X'E982B5E4B89CE58EBF',X'343330',X'35353531',1),
	(156,X'E696B0E982B5E58EBF',X'343330',X'35353532',1),
	(157,X'E982B5E998B3E58EBF',X'343330',X'35353533',1),
	(158,X'E99A86E59B9EE58EBF',X'343330',X'35353534',1),
	(159,X'E6B49EE58FA3E58EBF',X'343330',X'35353535',1),
	(160,X'E6ADA6E58688E58EBF',X'343330',X'35353536',1),
	(161,X'E7BBA5E5AE81E58EBF',X'343330',X'35353537',1),
	(162,X'E696B0E5AE81E58EBF',X'343330',X'35353538',1),
	(163,X'E59F8EE6ADA5E58EBF',X'343330',X'35353539',1),
	(164,X'E5B2B3E998B3E5B882',X'343330',X'35353730',1),
	(165,X'E5B2B3E998B3E58EBF',X'343330',X'35353731',1),
	(166,X'E4B8B4E6B998E58EBF',X'343330',X'35353732',1),
	(167,X'E58D8EE5AEB9E58EBF',X'343330',X'35353733',1),
	(168,X'E6B998E998B4E58EBF',X'343330',X'35353734',1),
	(169,X'E5B9B3E6B19FE58EBF',X'343330',X'35353735',1),
	(170,X'E6B1A9E7BD97E5B882',X'343330',X'35353736',1),
	(171,X'E5B8B8E5BEB7E5B882',X'343330',X'35353830',1),
	(172,X'E5AE89E4B9A1E58EBF',X'343330',X'35353831',1),
	(173,X'E6B189E5AFBFE58EBF',X'343330',X'35353832',1),
	(174,X'E4B8B4E6BEA7E58EBF',X'343330',X'35353834',1),
	(175,X'E6A183E6BA90E58EBF',X'343330',X'35353835',1),
	(176,X'E79FB3E997A8E58EBF',X'343330',X'35353836',1),
	(177,X'E6B4A5E5B882E5B882',X'343330',X'35353837',1),
	(178,X'E5BCA0E5AEB6E7958CE5B882',X'343330',X'35353930',1),
	(179,X'E68588E588A9E58EBF',X'343330',X'35353931',1),
	(180,X'E6A191E6A48DE58EBF',X'343330',X'35353932',1),
	(181,X'E79B8AE998B3E5B882',X'343330',X'35363130',1),
	(182,X'E6B285E6B19FE58EBF',X'343330',X'35363132',1),
	(183,X'E58D97E58EBF',X'343330',X'35363134',1),
	(184,X'E6A183E6B19FE58EBF',X'343330',X'35363135',1),
	(185,X'E5AE89E58C96E58EBF',X'343330',X'35363136',1),
	(186,X'E5A884E5BA95E5B882',X'343330',X'35363230',1),
	(187,X'E586B7E6B0B4E6B19FE5B882',X'343330',X'35363232',1),
	(188,X'E6B69FE6BA90E58EBF',X'343330',X'35363233',1);

/*!40000 ALTER TABLE `abc_area` ENABLE KEYS */;
UNLOCK TABLES;


# Dump of table abc_article_class
# ------------------------------------------------------------

DROP TABLE IF EXISTS `abc_article_class`;

CREATE TABLE `abc_article_class` (
  `ac_id` int(11) NOT NULL AUTO_INCREMENT COMMENT '文章类别ID',
  `ac_name` varchar(20) COLLATE utf8_bin NOT NULL DEFAULT '' COMMENT '文章类别',
  `ac_mode` varchar(50) COLLATE utf8_bin DEFAULT NULL,
  `ac_path` varchar(200) COLLATE utf8_bin DEFAULT NULL,
  `ac_template` varchar(200) COLLATE utf8_bin DEFAULT NULL,
  `ac_content_template` text COLLATE utf8_bin,
  `ac_desc` varchar(200) COLLATE utf8_bin DEFAULT NULL,
  `ac_key_word` varchar(100) COLLATE utf8_bin DEFAULT NULL,
  `ac_type` int(11) unsigned zerofill DEFAULT NULL,
  `ac_order` int(11) DEFAULT NULL,
  `ac_class` int(11) unsigned zerofill DEFAULT NULL COMMENT '父级类别ID',
  PRIMARY KEY (`ac_id`)
) ENGINE=InnoDB DEFAULT CHARSET=utf8 COLLATE=utf8_bin;

LOCK TABLES `abc_article_class` WRITE;
/*!40000 ALTER TABLE `abc_article_class` DISABLE KEYS */;

INSERT INTO `abc_article_class` (`ac_id`, `ac_name`, `ac_mode`, `ac_path`, `ac_template`, `ac_content_template`, `ac_desc`, `ac_key_word`, `ac_type`, `ac_order`, `ac_class`)
VALUES
	(1,X'E6A08FE79BAEE5908DE7A7B0',NULL,NULL,NULL,NULL,X'313131',NULL,00000000000,NULL,00000000000);

/*!40000 ALTER TABLE `abc_article_class` ENABLE KEYS */;
UNLOCK TABLES;


# Dump of table abc_article_info
# ------------------------------------------------------------

DROP TABLE IF EXISTS `abc_article_info`;

CREATE TABLE `abc_article_info` (
  `ai_id` int(11) NOT NULL AUTO_INCREMENT COMMENT '文章ID',
  `ai_class_id` int(11) DEFAULT NULL COMMENT '文章类别ID（外键表：abc_article_class）',
  `ai_article_title` varchar(125) CHARACTER SET utf8 DEFAULT NULL COMMENT '文章标题',
  `ai_article_content` varchar(1000) CHARACTER SET utf8 DEFAULT NULL COMMENT '文章内容',
  `ai_is_top` int(1) DEFAULT NULL COMMENT '是否置顶（1：是 ，0：否）',
  `ai_article_source` varchar(125) CHARACTER SET utf8 DEFAULT NULL COMMENT '文章来源',
  `ai_add_emp` int(11) DEFAULT NULL COMMENT '发布者（外键表：SYS_employee）',
  `ai_add_date` datetime DEFAULT NULL COMMENT '发布者日期',
  `ai_article_count` int(10) unsigned zerofill DEFAULT NULL COMMENT '浏览次数',
  PRIMARY KEY (`ai_id`)
) ENGINE=InnoDB DEFAULT CHARSET=utf8 COLLATE=utf8_bin;

LOCK TABLES `abc_article_info` WRITE;
/*!40000 ALTER TABLE `abc_article_info` DISABLE KEYS */;

INSERT INTO `abc_article_info` (`ai_id`, `ai_class_id`, `ai_article_title`, `ai_article_content`, `ai_is_top`, `ai_article_source`, `ai_add_emp`, `ai_add_date`, `ai_article_count`)
VALUES
	(13,0,'2121','<p>212121</p><table><tbody><tr class=\"firstRow\"><td width=\"404\" valign=\"top\"><br/></td><td width=\"404\" valign=\"top\"><br/></td></tr><tr><td width=\"404\" valign=\"top\"><br/></td><td width=\"404\" valign=\"top\"><br/></td></tr><tr><td width=\"404\" valign=\"top\"><br/></td><td width=\"404\" valign=\"top\"><br/></td></tr></tbody></table><p><br/></p>',1,'21221',1,'2015-02-28 00:00:00',0000000000),
	(14,0,'1111111111111111','<p>22222</p>',0,'11111',112,'2015-02-28 00:00:00',0000000000),
	(15,1,'111','<p>55555555</p>',0,'11111',0,'2015-02-21 00:00:00',0000000000);

/*!40000 ALTER TABLE `abc_article_info` ENABLE KEYS */;
UNLOCK TABLES;


# Dump of table abc_bank_info
# ------------------------------------------------------------

DROP TABLE IF EXISTS `abc_bank_info`;

CREATE TABLE `abc_bank_info` (
  `bank_id` int(11) NOT NULL AUTO_INCREMENT COMMENT '主键id',
  `bank_user_id` int(11) DEFAULT NULL COMMENT '用户id',
  `bank_user_type` tinyint(4) DEFAULT NULL COMMENT '用户类型',
  `bank_name` varchar(50) COLLATE utf8_bin DEFAULT NULL COMMENT '银行名称',
  `bank_no` varchar(50) COLLATE utf8_bin DEFAULT NULL COMMENT '银行卡号',
  `bank_lawer` varchar(50) COLLATE utf8_bin DEFAULT NULL COMMENT '法人账户姓名',
  PRIMARY KEY (`bank_id`)
) ENGINE=InnoDB DEFAULT CHARSET=utf8 COLLATE=utf8_bin;

LOCK TABLES `abc_bank_info` WRITE;
/*!40000 ALTER TABLE `abc_bank_info` DISABLE KEYS */;

INSERT INTO `abc_bank_info` (`bank_id`, `bank_user_id`, `bank_user_type`, `bank_name`, `bank_no`, `bank_lawer`)
VALUES
	(1,1234,116,X'6A796C',X'3132343536373738',X'6A796C');

/*!40000 ALTER TABLE `abc_bank_info` ENABLE KEYS */;
UNLOCK TABLES;


# Dump of table abc_btn
# ------------------------------------------------------------

DROP TABLE IF EXISTS `abc_btn`;

CREATE TABLE `abc_btn` (
  `btn_id` int(11) NOT NULL AUTO_INCREMENT COMMENT '主键自增',
  `btn_name` varchar(30) COLLATE utf8_bin NOT NULL DEFAULT '0' COMMENT '按钮名称',
  `btn_icon` varchar(50) COLLATE utf8_bin DEFAULT NULL COMMENT '按钮图标',
  `btn_tag` varchar(20) COLLATE utf8_bin NOT NULL COMMENT '按钮在前端显示的标示',
  `btn_sort` int(11) NOT NULL DEFAULT '0' COMMENT '排序',
  `btn_des` varchar(50) COLLATE utf8_bin DEFAULT NULL COMMENT '备注',
  `btn_createtime` datetime DEFAULT NULL,
  `btn_modifytime` datetime DEFAULT NULL,
  PRIMARY KEY (`btn_id`)
) ENGINE=InnoDB DEFAULT CHARSET=utf8 COLLATE=utf8_bin COMMENT='按钮表';

LOCK TABLES `abc_btn` WRITE;
/*!40000 ALTER TABLE `abc_btn` DISABLE KEYS */;

INSERT INTO `abc_btn` (`btn_id`, `btn_name`, `btn_icon`, `btn_tag`, `btn_sort`, `btn_des`, `btn_createtime`, `btn_modifytime`)
VALUES
	(138,X'E6B58FE8A788',X'69636F6E2D7A6F6F6D',X'42726F77736572',99,X'E4B88DE883BDE588A0E999A4',NULL,NULL),
	(139,X'E6B7BBE58AA0',X'69636F6E2D616464',X'416464',98,X'E6B7BBE58AA0',NULL,NULL),
	(140,X'E4BFAEE694B9',X'69636F6E2D70656E63696C',X'45646974',97,X'E4BFAEE694B9',NULL,NULL),
	(141,X'E588A0E999A4',X'69636F6E2D63726F7373',X'44656C',96,X'E588A0E999A4',NULL,NULL),
	(142,X'E5AFBCE587BA457863656C',X'69636F6E2D6172726F775F7475726E5F7269676874',X'4578706F7274',69,X'E5AFBCE587BA',NULL,NULL),
	(143,X'E5AFBCE585A5',X'69636F6E2D6172726F775F7475726E5F6C656674',X'496D706F7274',0,X'E5AFBCE585A5',NULL,NULL),
	(144,X'E68993E58DB0',X'69636F6E2D7072696E746572',X'5072696E74',70,X'E68993E58DB0',NULL,NULL),
	(145,X'E4B88AE4BCA0',X'69636F6E2D666F6C6465725F7570',X'55706C6F6164',0,X'E4B88AE4BCA0',NULL,NULL),
	(146,X'E4B88BE8BDBD',X'69636F6E2D646F776E6C6F6164',X'446F776E4C6F6164',0,X'E4B88BE8BDBD',NULL,NULL),
	(147,X'E5AEA1E6A0B8',X'69636F6E2D757365725F6D61676E696679',X'4175646974',94,X'E5AEA1E6A0B8',NULL,NULL),
	(148,X'E5A48DE588B6',X'69636F6E2D706167655F636F7079',X'436F7079',0,X'E5A48DE588B6',NULL,NULL),
	(149,X'E68E88E69D83',X'69636F6E2D6C6F636B',X'417574686F72697A6174696F6E',0,X'E68E88E69D83',NULL,NULL),
	(150,X'E58886E9858DE8A792E889B2',X'69636F6E2D63616C63756C61746F725F6C696E6B',X'536574526F6C65',0,X'E58886E9858DE8A792E889B2',NULL,NULL),
	(151,X'E58886E9858DE68C89E992AE',X'69636F6E2D706C7567696E5F616464',X'53657442746E',0,X'E58886E9858DE68C89E992AE',NULL,NULL),
	(152,X'E4BFAEE694B9E5AF86E7A081',X'69636F6E2D6B6579',X'45646974507764',0,X'E4BFAEE694B9E5AF86E7A081',NULL,NULL),
	(153,X'E5889DE5A78BE58C96',X'69636F6E2D63726F7373',X'496E697469616C697A65',0,X'E5889DE5A78BE58C96',NULL,NULL),
	(154,X'E8BF98E58E9F',X'69636F6E2D636F696E73',X'526573746F7265',0,X'E695B0E68DAEE8BF98E58E9F',NULL,NULL),
	(155,X'E58F91E98081',X'69636F6E2D6172726F775F7475726E5F7269676874',X'53656E64',94,X'E58F91E98081',NULL,NULL),
	(156,X'E8BF94E59B9E',X'69636F6E2D6172726F775F726F746174655F636C6F636B77697365',X'476F4261636B',-1,X'E8BF94E59B9E',NULL,NULL),
	(157,X'E69FA5E79C8BE6B581E7A88BE59BBE',X'69636F6E2D7A6F6F6D',X'56696577466C6F77',0,X'E69FA5E79C8BE6B581E7A88BE59BBE',NULL,NULL),
	(158,X'E692A4E59B9E',X'69636F6E2D6172726F775F7265646F',X'526563616C6C',93,X'E692A4E59B9E',NULL,NULL),
	(159,X'E98080E59B9E',X'69636F6E2D6172726F775F756E646F',X'52657475726E',92,X'E98080E59B9E',NULL,NULL),
	(160,X'E7BBB4E68AA4',X'69636F6E2D757365725F726564',X'4D61696E7461696E',50,X'E7BBB4E68AA4E68C89E992AE',NULL,NULL),
	(161,X'E5AEA1E689B9E9858DE7BDAE',X'69636F6E2D636F675F65646974',X'417070726F76616C',0,X'E5AEA1E689B9E9858DE7BDAE',NULL,NULL),
	(162,X'E69FA5E79C8B',X'69636F6E2D7A6F6F6D',X'4C6F6F6B5570',95,X'E69FA5E79C8B',NULL,NULL),
	(163,X'E6909CE7B4A2',X'69636F6E2D736561726368',X'536561726368',-2,X'E6909CE7B4A2',NULL,NULL),
	(164,X'E8A1A8E586B3',X'69636F6E2D75736572',X'566F7465',80,X'E4BBA3E581BFE8BF98E6ACBEE8AF84E5AEA1E8A1A8E586B3',NULL,NULL),
	(165,X'E8B4B9E794A8E7BBB4E68AA4',X'69636F6E2D67726F75705F65646974',X'4665654D61696E7461696E',0,X'E8BFBDE581BFE7BBB4E68AA420E8B4B9E794A8E7BBB4E68AA4',NULL,NULL),
	(166,X'E7A1AEE8AEA4E694BEE6ACBE',X'69636F6E2D747578',X'436F6E6669726D4C6F616E',0,X'E7A1AEE8AEA4E694BEE6ACBE',NULL,NULL),
	(167,X'E68993E58DB0E59188E689B9E4BBB6',X'69636F6E2D775F6642746E53656C65637444617465',X'5072696E74446F63756D656E74',0,X'E68993E58DB0E59188E689B9E4BBB6',NULL,NULL),
	(168,X'E69FA5E79C8BE8AF84E5AEA1E6848FE8A781',X'69636F6E2D67726F75705F67656172',X'526576696577436F6D6D656E7473',0,X'E69FA5E79C8BE8AF84E5AEA1E6848FE8A781',NULL,NULL),
	(169,X'E8B79FE8B8AAE6B581E7A88B',X'69636F6E2D626F6F6B5F726564',X'50726F63547261636B',0,X'E8B79FE8B8AAE6B581E7A88B',NULL,NULL),
	(170,X'E8AEA1E7AE97',X'69636F6E2D63616C63756C61746F72',X'43616C63756C617465',0,X'E8AEA1E7AE97E68C89E992AE',NULL,NULL),
	(171,X'E7ADBEE689B9',X'69636F6E2D77616E64',X'5369676E696E67',80,X'E7ADBEE689B9',NULL,NULL),
	(172,X'E5AEA1E6A0B8E6848FE8A781',X'69636F6E2D7265706F72745F75736572',X'436865636B4964656172',0,X'E5AEA1E6A0B8E6848FE8A781',NULL,NULL),
	(173,X'E695B0E68DAEE68E88E69D83',X'69636F6E2D666F6C6465725F6B6579',X'4461746141757468',0,X'E8818CE58AA1E695B0E68DAEE68E88E69D83',NULL,NULL),
	(174,X'E4BBA3E8BF98',X'69636F6E2D636F696E73',X'5265706C616365506179',0,X'E4BBA3E8BF98',NULL,NULL),
	(175,X'E590AFE794A8',X'69636F6E2D757365725F65646974',X'456E61626C65',2,X'E590AFE794A8',NULL,NULL),
	(176,X'E5889DE5A78BE58C96E5AF86E7A081',X'69636F6E2D6B65795F7374617274',X'496E697450617373776F7264',0,X'E5889DE5A78BE58C96E5AF86E7A081',NULL,NULL),
	(177,X'E58F91E5B883',X'69636F6E2D7265706F7274',X'52656C65617365',0,X'E58F91E5B883',NULL,NULL),
	(178,X'E8B584E98791E58CB9E9858D',X'69636F6E2D636F696E73',X'4D61746368696E6746756E6473',0,X'E8B584E98791E58CB9E9858D',NULL,NULL),
	(179,X'E58CB9E9858DE69CBAE69E84',X'69636F6E2D67726F75705F6C696E6B',X'4D61746368696E674F7267',0,X'E58CB9E9858DE69CBAE69E84',NULL,NULL),
	(180,X'E8B584E98791E58892E8BDAC',X'69636F6E2D736869656C645F676F',X'5472616E7366657246756E6473',0,X'E8B584E98791E58892E8BDAC',NULL,NULL),
	(181,X'E68993E58DB0E8B584E98791E58892E8BDACE58D95',X'69636F6E2D7072696E746572',X'5072696E7446756E645472616E73666572',0,X'E68993E58DB0E8B584E98791E58892E8BDACE58D95',NULL,NULL),
	(182,X'E68993E58DB0E694B6E8B4B9E58D95',X'69636F6E2D7072696E746572',X'5072696E7442696C6C',0,X'E68993E58DB0E694B6E8B4B9E58D95',NULL,NULL),
	(183,X'E68993E58DB0E68A95E6A087E6B885E58D95',X'69636F6E2D7072696E746572',X'5072696E74426964',0,X'E68993E58DB0E68A95E6A087E6B885E58D95',NULL,NULL),
	(184,X'E8BF98E6ACBE',X'69636F6E2D636F696E735F64656C657465',X'52657061796D656E74',0,X'E8BF98E6ACBE',NULL,NULL),
	(185,X'E5BC80E5A78BE7BB9FE8AEA1',X'69636F6E2D63686172745F626172',X'5374617274537461',0,X'E5BC80E5A78BE7BB9FE8AEA1',NULL,NULL),
	(186,X'E69FA5E79C8BE6848FE8A781',X'69636F6E2D7265706F72745F75736572',X'5669657749646561',0,X'E69FA5E79C8BE6848FE8A781',NULL,NULL),
	(187,X'E68B85E4BF9DE58CB9E9858D',X'69636F6E2D636F6D70757465725F6C696E6B',X'477561724D61746368',0,X'E68B85E4BF9DE58CB9E9858D',NULL,NULL),
	(188,X'E5AEA1E6A0B8E8BF9BE5BAA6',X'69636F6E2D6170706C69636174696F6E5F666F726D5F6D61676E696679',X'417564697453636865',0,X'E5AEA1E6A0B8E8BF9BE5BAA6',NULL,NULL),
	(189,X'E5BCBAE588B6E8BF98E6ACBE',X'69636F6E2D636F696E73',X'436F6D506179',0,X'E5BCBAE588B6E8BF98E6ACBE',NULL,NULL),
	(190,X'E5819CE794A8',X'69636F6E2D6C6F636B5F73746F70',X'4C6F636B53746F70',1,X'E5819CE794A8',NULL,NULL),
	(191,X'E58591E78EB0E58892E8BDAC',X'69636F6E2D736869656C645F676F',X'436173685472616E73666572',0,X'E58591E78EB0E58892E8BDAC',NULL,NULL),
	(192,X'E58F91E98081E5AEA1E6A0B8',X'69636F6E2D6172726F775F7475726E5F7269676874',X'47756172436865636B',89,X'E58F91E98081E68B85E4BF9DE5AEA1E6A0B8',NULL,NULL),
	(193,X'E8B584E69699E8A1A5E585A8',X'69636F6E2D616464',X'4D617461696E416464',92,X'E8B584E69699E8A1A5E585A8',NULL,NULL),
	(194,X'E58F91E98081E5B9B3E58FB0E5AEA1E6A0B8',X'69636F6E2D6172726F775F7475726E5F7269676874',X'53656E64546F436865636B',90,X'E58F91E98081E5B9B3E58FB0E5AEA1E6A0B8',NULL,NULL),
	(195,X'E69FA5E79C8BE58E86E58FB2',X'69636F6E2D62656C6C',X'56696577486973746F7279',91,X'E69FA5E79C8BE58E86E58FB2',NULL,NULL),
	(196,X'E58F96E6B688E58F91E5B883',X'69636F6E2D6172726F775F7265646F',X'43616E63656C52656C65617365',0,X'E58F96E6B688E58F91E5B883',NULL,NULL),
	(197,X'E68993E58DB0E8BDACE8AEA9E6B885E58D95',X'69636F6E2D7072696E746572',X'5072696E745472616E73666572',0,X'E68993E58DB0E8BDACE8AEA9E6B885E58D95',NULL,NULL),
	(198,X'E7949FE68890E9A1B5E99DA2',X'69636F6E2D6F6B',X'53697465507562',0,X'E7949FE68890E9A1B5E99DA2',NULL,NULL),
	(204,X'E58F91E5B883',X'69636F6E2D6F6B',X'52656C65617365',0,X'E58F91E5B883','2014-12-06 18:06:47',NULL),
	(206,X'E5BCBAE588B6E6BBA1E6A087',X'69636F6E2D636F696E73',X'436F6D46756C6C',0,X'E5BCBAE588B6E6BBA1E6A087','2014-12-06 18:32:40',NULL),
	(207,X'E6B58BE8AF95',NULL,X'64656C74657374',1,X'61616161616161616161616161','2014-12-08 10:04:29',NULL),
	(208,X'E6B58BE8AF95',NULL,X'64656C74657374',1,X'61616161616161616161616161','2014-12-15 13:51:58',NULL),
	(209,X'E6B58BE8AF95',NULL,X'64656C74657374',1,X'61616161616161616161616161','2015-01-07 17:33:18',NULL),
	(210,X'E6B58BE8AF95',NULL,X'64656C74657374',1,X'61616161616161616161616161','2015-01-08 17:56:44',NULL),
	(211,X'E6B58BE8AF95',NULL,X'64656C74657374',1,X'61616161616161616161616161','2015-01-08 17:56:44',NULL),
	(212,X'E6B58BE8AF95',NULL,X'64656C74657374',1,X'61616161616161616161616161','2015-01-08 18:04:48',NULL),
	(213,X'E6B58BE8AF95',NULL,X'64656C74657374',1,X'61616161616161616161616161','2015-01-08 18:15:45',NULL),
	(214,X'E6B58BE8AF95',NULL,X'64656C74657374',1,X'61616161616161616161616161','2015-01-09 10:36:34',NULL),
	(215,X'E6B58BE8AF95',NULL,X'64656C74657374',1,X'61616161616161616161616161','2015-01-09 10:48:10',NULL),
	(216,X'E6B58BE8AF95',NULL,X'64656C74657374',1,X'61616161616161616161616161','2015-01-09 16:20:11',NULL),
	(217,X'E6B58BE8AF95',NULL,X'64656C74657374',1,X'61616161616161616161616161','2015-01-09 16:28:13',NULL),
	(218,X'E6B58BE8AF95',NULL,X'64656C74657374',1,X'61616161616161616161616161','2015-01-12 18:18:55',NULL),
	(219,X'E6B58BE8AF95',NULL,X'64656C74657374',1,X'61616161616161616161616161','2015-01-28 15:18:10',NULL),
	(220,X'E6B58BE8AF95',NULL,X'64656C74657374',1,X'61616161616161616161616161','2015-02-02 17:48:16',NULL),
	(221,X'E6B58BE8AF95',NULL,X'64656C74657374',1,X'61616161616161616161616161','2015-02-02 18:11:17',NULL);

/*!40000 ALTER TABLE `abc_btn` ENABLE KEYS */;
UNLOCK TABLES;


# Dump of table abc_buy_loan
# ------------------------------------------------------------

DROP TABLE IF EXISTS `abc_buy_loan`;

CREATE TABLE `abc_buy_loan` (
  `bl_id` int(11) unsigned NOT NULL AUTO_INCREMENT COMMENT '主键id',
  `bl_origin_id` int(11) NOT NULL COMMENT '原始贷款id',
  `bl_user_id` int(11) NOT NULL COMMENT '收购人',
  `bl_buy_money` decimal(18,2) NOT NULL COMMENT '收购金额',
  `bl_buy_total` decimal(18,2) NOT NULL COMMENT '收购债权总额',
  `bl_buy_period` int(11) DEFAULT NULL COMMENT '收购期数',
  `bl_fee` decimal(18,2) DEFAULT NULL COMMENT '收购手续费',
  `bl_state` tinyint(1) NOT NULL COMMENT '收购状态 -1:已删除 1:收购申请待审核 2：收购申请审核通过 3：收购申请审核未通过 4:收购中 5：满标待审 6：满标审核已通过 7：满标审核未通过 8：已流标 9:划转中 10:已划转',
  `bl_createtime` datetime NOT NULL COMMENT '创建日期',
  `bl_start_time` datetime DEFAULT NULL COMMENT '认购开始日期',
  `bl_end_time` int(11) DEFAULT NULL COMMENT '认购结束日期',
  `bl_full_time` datetime DEFAULT NULL COMMENT '满标日期',
  `bl_full_transferedtime` datetime DEFAULT NULL COMMENT '放款成功日期',
  `bl_is_transfer` tinyint(1) NOT NULL COMMENT '划转状态 1:已划转 0:未划转',
  `bl_current_invest` decimal(18,2) NOT NULL DEFAULT '0.00' COMMENT '当前投标总额',
  `bl_current_valid_invest` decimal(18,2) NOT NULL DEFAULT '0.00' COMMENT '当前有效投标总额',
  `bl_next_payment_id` int(11) NOT NULL COMMENT '下一次还款计划id',
  `bl_freeze_seq_no` varchar(64) NOT NULL DEFAULT '' COMMENT '冻结交易流水号',
  PRIMARY KEY (`bl_id`)
) ENGINE=InnoDB DEFAULT CHARSET=utf8 COMMENT='债权收购表';

LOCK TABLES `abc_buy_loan` WRITE;
/*!40000 ALTER TABLE `abc_buy_loan` DISABLE KEYS */;

INSERT INTO `abc_buy_loan` (`bl_id`, `bl_origin_id`, `bl_user_id`, `bl_buy_money`, `bl_buy_total`, `bl_buy_period`, `bl_fee`, `bl_state`, `bl_createtime`, `bl_start_time`, `bl_end_time`, `bl_full_time`, `bl_full_transferedtime`, `bl_is_transfer`, `bl_current_invest`, `bl_current_valid_invest`, `bl_next_payment_id`, `bl_freeze_seq_no`)
VALUES
	(1,5,6,1500.00,1000.00,1,20.00,6,'2015-01-26 10:04:10',NULL,NULL,'2015-01-26 10:08:19',NULL,0,1000.00,1000.00,26,''),
	(2,5,7,2000.00,1000.00,1,20.00,4,'2015-01-26 10:18:50',NULL,NULL,NULL,NULL,0,0.00,0.00,26,''),
	(4,8,4,2200.00,1000.00,1,20.00,6,'2015-01-26 13:23:43',NULL,NULL,'2015-01-26 13:44:41',NULL,0,1000.00,1000.00,28,''),
	(5,11,3,1200.00,1000.00,1,20.00,4,'2015-01-28 15:57:43','2015-01-29 14:13:54',NULL,NULL,NULL,0,0.00,0.00,29,''),
	(6,24,2,2222.00,1000.00,1,20.00,10,'2015-01-30 14:03:29','2015-01-30 14:04:03',NULL,'2015-01-30 14:04:46','2015-01-30 14:06:25',1,1000.00,1000.00,34,'');

/*!40000 ALTER TABLE `abc_buy_loan` ENABLE KEYS */;
UNLOCK TABLES;


# Dump of table abc_buy_loan_subscribe
# ------------------------------------------------------------

DROP TABLE IF EXISTS `abc_buy_loan_subscribe`;

CREATE TABLE `abc_buy_loan_subscribe` (
  `bls_id` int(11) unsigned NOT NULL AUTO_INCREMENT COMMENT '主键id',
  `bls_buy_id` int(11) NOT NULL COMMENT '收购申请id',
  `bls_loan_id` int(11) NOT NULL COMMENT '贷款id',
  `bls_user_id` int(11) NOT NULL COMMENT '转让人',
  `bls_transfer_time` datetime DEFAULT NULL COMMENT '转让日期',
  `bls_transfer_money` decimal(18,2) DEFAULT NULL COMMENT '转让金额',
  `bls_earn_money` decimal(18,2) DEFAULT NULL COMMENT '收益金额',
  `bls_state` tinyint(1) NOT NULL COMMENT '状态 －1:已删除 1:待认购 2:认购中 3:认购成功 4:认购失败 5:拒绝认购 6:暂时忽略',
  `bls_createtime` datetime NOT NULL COMMENT '创建时间',
  PRIMARY KEY (`bls_id`),
  KEY `lockIndex1` (`bls_loan_id`,`bls_user_id`,`bls_state`),
  KEY `lockIndex2` (`bls_buy_id`,`bls_loan_id`,`bls_user_id`,`bls_state`)
) ENGINE=InnoDB DEFAULT CHARSET=utf8 COMMENT='投资转让表';

LOCK TABLES `abc_buy_loan_subscribe` WRITE;
/*!40000 ALTER TABLE `abc_buy_loan_subscribe` DISABLE KEYS */;

INSERT INTO `abc_buy_loan_subscribe` (`bls_id`, `bls_buy_id`, `bls_loan_id`, `bls_user_id`, `bls_transfer_time`, `bls_transfer_money`, `bls_earn_money`, `bls_state`, `bls_createtime`)
VALUES
	(1,1,5,3,'2015-01-26 10:08:19',1000.00,500.00,2,'2015-01-26 10:04:10'),
	(2,2,5,3,NULL,NULL,NULL,1,'2015-01-26 10:18:50'),
	(4,4,8,2,'2015-01-26 13:24:58',50.00,60.00,2,'2015-01-26 13:23:43'),
	(5,4,8,3,'2015-01-26 13:44:40',950.00,1140.00,2,'2015-01-26 13:23:43'),
	(6,5,11,1,NULL,NULL,NULL,1,'2015-01-28 15:57:43'),
	(7,6,24,1,'2015-01-30 14:04:46',1000.00,1222.00,3,'2015-01-30 14:03:29');

/*!40000 ALTER TABLE `abc_buy_loan_subscribe` ENABLE KEYS */;
UNLOCK TABLES;


# Dump of table abc_buy_notify
# ------------------------------------------------------------

DROP TABLE IF EXISTS `abc_buy_notify`;

CREATE TABLE `abc_buy_notify` (
  `tr_id` int(11) unsigned NOT NULL AUTO_INCREMENT COMMENT '主键id',
  `tr_buy_id` int(11) NOT NULL COMMENT '收购申请id',
  `tr_loan_id` int(11) NOT NULL COMMENT '贷款id',
  `tr_user_id` int(11) NOT NULL COMMENT '转让人',
  `tr_transfer_time` datetime DEFAULT NULL COMMENT '转让日期',
  `tr_transfer_money` decimal(18,2) DEFAULT NULL COMMENT '转让金额',
  `tr_earn_money` decimal(18,2) DEFAULT NULL COMMENT '收益金额',
  `tr_is_frozen` tinyint(1) DEFAULT NULL COMMENT '冻结状态 1:已冻结 0:已解冻',
  `tr_is_transfer` tinyint(1) DEFAULT NULL COMMENT '是否已转让 1:已转让 0:未转让 2:已否决',
  `tr_invest_state` tinyint(1) DEFAULT NULL COMMENT '划转状态 1:已划转 0:未划转',
  PRIMARY KEY (`tr_id`)
) ENGINE=InnoDB DEFAULT CHARSET=utf8 COMMENT='投资转让表';



# Dump of table abc_card_city_base
# ------------------------------------------------------------

DROP TABLE IF EXISTS `abc_card_city_base`;

CREATE TABLE `abc_card_city_base` (
  `CITY_CODE` int(4) NOT NULL COMMENT '代码',
  `CITY_NAME` varchar(40) NOT NULL DEFAULT '' COMMENT '城市名称',
  `PROV_CODE` int(3) NOT NULL COMMENT '所属省份代码',
  PRIMARY KEY (`CITY_CODE`)
) ENGINE=InnoDB DEFAULT CHARSET=utf8 COMMENT='绑卡城市管理';

LOCK TABLES `abc_card_city_base` WRITE;
/*!40000 ALTER TABLE `abc_card_city_base` DISABLE KEYS */;

INSERT INTO `abc_card_city_base` (`CITY_CODE`, `CITY_NAME`, `PROV_CODE`)
VALUES
	(1,'北京市',0),
	(2,'天津市',0),
	(3,'河北省',0),
	(4,'山西省',0),
	(5,'内蒙古自治区',0),
	(6,'辽宁省',0),
	(7,'吉林省',0),
	(8,'黑龙江省',0),
	(9,'上海市',0),
	(10,'江苏省',0),
	(11,'浙江省',0),
	(12,'安徽省',0),
	(13,'福建省',0),
	(14,'江西省',0),
	(15,'山东省',0),
	(16,'河南省',0),
	(17,'湖北省',0),
	(18,'湖南省',0),
	(19,'广东省',0),
	(20,'广西壮族自治区',0),
	(21,'海南省',0),
	(22,'重庆市',0),
	(23,'四川省',0),
	(24,'贵州省',0),
	(25,'云南省',0),
	(26,'西藏自治区',0),
	(27,'陕西省',0),
	(28,'甘肃省',0),
	(29,'青海省',0),
	(30,'宁夏回族自治区',0),
	(31,'新疆维吾尔自治区',0),
	(32,'香港特别行政区',0),
	(33,'澳门特别行政区',0),
	(34,'台湾省',0),
	(1001,'北京市',1),
	(1002,'天津市',2),
	(1003,'石家庄市',3),
	(1004,'唐山市',3),
	(1005,'秦皇岛市',3),
	(1006,'邯郸市',3),
	(1007,'邢台市',3),
	(1008,'保定市',3),
	(1009,'张家口市',3),
	(1010,'承德市',3),
	(1011,'沧州市',3),
	(1012,'廊坊市',3),
	(1013,'衡水市',3),
	(1014,'太原市',4),
	(1015,'大同市',4),
	(1016,'阳泉市',4),
	(1017,'长治市',4),
	(1018,'晋城市',4),
	(1019,'朔州市',4),
	(1020,'晋中市',4),
	(1021,'运城市',4),
	(1022,'忻州市',4),
	(1023,'临汾市',4),
	(1024,'吕梁市',4),
	(1025,'呼和浩特市',5),
	(1026,'包头市',5),
	(1027,'乌海市',5),
	(1028,'赤峰市',5),
	(1029,'通辽市',5),
	(1030,'鄂尔多斯市',5),
	(1031,'呼伦贝尔市',5),
	(1032,'巴彦淖尔市',5),
	(1033,'乌兰察布市',5),
	(1034,'兴安盟',5),
	(1035,'锡林郭勒盟',5),
	(1036,'阿拉善盟',5),
	(1037,'沈阳市',6),
	(1038,'大连市',6),
	(1039,'鞍山市',6),
	(1040,'抚顺市',6),
	(1041,'本溪市',6),
	(1042,'丹东市',6),
	(1043,'锦州市',6),
	(1044,'营口市',6),
	(1045,'阜新市',6),
	(1046,'辽阳市',6),
	(1047,'盘锦市',6),
	(1048,'铁岭市',6),
	(1049,'朝阳市',6),
	(1050,'葫芦岛市',6),
	(1051,'长春市',7),
	(1052,'吉林市',7),
	(1053,'四平市',7),
	(1054,'辽源市',7),
	(1055,'通化市',7),
	(1056,'白山市',7),
	(1057,'松原市',7),
	(1058,'白城市',7),
	(1059,'延边朝鲜族自治州',7),
	(1060,'哈尔滨市',8),
	(1061,'齐齐哈尔市',8),
	(1062,'鸡西市',8),
	(1063,'鹤岗市',8),
	(1064,'双鸭山市',8),
	(1065,'大庆市',8),
	(1066,'伊春市',8),
	(1067,'佳木斯市',8),
	(1068,'七台河市',8),
	(1069,'牡丹江市',8),
	(1070,'黑河市',8),
	(1071,'绥化市',8),
	(1072,'大兴安岭地区',8),
	(1073,'上海市',9),
	(1074,'南京市',10),
	(1075,'无锡市',10),
	(1076,'徐州市',10),
	(1077,'常州市',10),
	(1078,'苏州市',10),
	(1079,'南通市',10),
	(1080,'连云港市',10),
	(1081,'淮安市',10),
	(1082,'盐城市',10),
	(1083,'扬州市',10),
	(1084,'镇江市',10),
	(1085,'泰州市',10),
	(1086,'宿迁市',10),
	(1087,'杭州市',11),
	(1088,'宁波市',11),
	(1089,'温州市',11),
	(1090,'嘉兴市',11),
	(1091,'湖州市',11),
	(1092,'绍兴市',11),
	(1093,'金华市',11),
	(1094,'衢州市',11),
	(1095,'舟山市',11),
	(1096,'台州市',11),
	(1097,'丽水市',11),
	(1098,'合肥市',12),
	(1099,'芜湖市',12),
	(1100,'蚌埠市',12),
	(1101,'淮南市',12),
	(1102,'马鞍山市',12),
	(1103,'淮北市',12),
	(1104,'铜陵市',12),
	(1105,'安庆市',12),
	(1106,'黄山市',12),
	(1107,'滁州市',12),
	(1108,'阜阳市',12),
	(1109,'宿州市',12),
	(1110,'巢湖市',12),
	(1111,'六安市',12),
	(1112,'亳州市',12),
	(1113,'池州市',12),
	(1114,'宣城市',12),
	(1115,'福州市',13),
	(1116,'厦门市',13),
	(1117,'莆田市',13),
	(1118,'三明市',13),
	(1119,'泉州市',13),
	(1120,'漳州市',13),
	(1121,'南平市',13),
	(1122,'龙岩市',13),
	(1123,'宁德市',13),
	(1124,'南昌市',14),
	(1125,'景德镇市',14),
	(1126,'萍乡市',14),
	(1127,'九江市',14),
	(1128,'新余市',14),
	(1129,'鹰潭市',14),
	(1130,'赣州市',14),
	(1131,'吉安市',14),
	(1132,'宜春市',14),
	(1133,'抚州市',14),
	(1134,'上饶市',14),
	(1135,'济南市',15),
	(1136,'青岛市',15),
	(1137,'淄博市',15),
	(1138,'枣庄市',15),
	(1139,'东营市',15),
	(1140,'烟台市',15),
	(1141,'潍坊市',15),
	(1142,'济宁市',15),
	(1143,'泰安市',15),
	(1144,'威海市',15),
	(1145,'日照市',15),
	(1146,'莱芜市',15),
	(1147,'临沂市',15),
	(1148,'德州市',15),
	(1149,'聊城市',15),
	(1150,'滨州市',15),
	(1151,'荷泽市',15),
	(1152,'郑州市',16),
	(1153,'开封市',16),
	(1154,'洛阳市',16),
	(1155,'平顶山市',16),
	(1156,'安阳市',16),
	(1157,'鹤壁市',16),
	(1158,'新乡市',16),
	(1159,'焦作市',16),
	(1160,'濮阳市',16),
	(1161,'许昌市',16),
	(1162,'漯河市',16),
	(1163,'三门峡市',16),
	(1164,'南阳市',16),
	(1165,'商丘市',16),
	(1166,'信阳市',16),
	(1167,'周口市',16),
	(1168,'驻马店市',16),
	(1169,'武汉市',17),
	(1170,'黄石市',17),
	(1171,'十堰市',17),
	(1172,'宜昌市',17),
	(1173,'襄樊市',17),
	(1174,'鄂州市',17),
	(1175,'荆门市',17),
	(1176,'孝感市',17),
	(1177,'荆州市',17),
	(1178,'黄冈市',17),
	(1179,'咸宁市',17),
	(1180,'随州市',17),
	(1181,'恩施土家族苗族自治州',17),
	(1182,'神农架',17),
	(1183,'长沙市',18),
	(1184,'株洲市',18),
	(1185,'湘潭市',18),
	(1186,'衡阳市',18),
	(1187,'邵阳市',18),
	(1188,'岳阳市',18),
	(1189,'常德市',18),
	(1190,'张家界市',18),
	(1191,'益阳市',18),
	(1192,'郴州市',18),
	(1193,'永州市',18),
	(1194,'怀化市',18),
	(1195,'娄底市',18),
	(1196,'湘西土家族苗族自治州',18),
	(1197,'广州市',19),
	(1198,'韶关市',19),
	(1199,'深圳市',19),
	(1200,'珠海市',19),
	(1201,'汕头市',19),
	(1202,'佛山市',19),
	(1203,'江门市',19),
	(1204,'湛江市',19),
	(1205,'茂名市',19),
	(1206,'肇庆市',19),
	(1207,'惠州市',19),
	(1208,'梅州市',19),
	(1209,'汕尾市',19),
	(1210,'河源市',19),
	(1211,'阳江市',19),
	(1212,'清远市',19),
	(1213,'东莞市',19),
	(1214,'中山市',19),
	(1215,'潮州市',19),
	(1216,'揭阳市',19),
	(1217,'云浮市',19),
	(1218,'南宁市',20),
	(1219,'柳州市',20),
	(1220,'桂林市',20),
	(1221,'梧州市',20),
	(1222,'北海市',20),
	(1223,'防城港市',20),
	(1224,'钦州市',20),
	(1225,'贵港市',20),
	(1226,'玉林市',20),
	(1227,'百色市',20),
	(1228,'贺州市',20),
	(1229,'河池市',20),
	(1230,'来宾市',20),
	(1231,'崇左市',20),
	(1232,'海口市',21),
	(1233,'三亚市',21),
	(1234,'重庆市',22),
	(1235,'成都市',23),
	(1236,'自贡市',23),
	(1237,'攀枝花市',23),
	(1238,'泸州市',23),
	(1239,'德阳市',23),
	(1240,'绵阳市',23),
	(1241,'广元市',23),
	(1242,'遂宁市',23),
	(1243,'内江市',23),
	(1244,'乐山市',23),
	(1245,'南充市',23),
	(1246,'眉山市',23),
	(1247,'宜宾市',23),
	(1248,'广安市',23),
	(1249,'达州市',23),
	(1250,'雅安市',23),
	(1251,'巴中市',23),
	(1252,'资阳市',23),
	(1253,'阿坝藏族羌族自治州',23),
	(1254,'甘孜藏族自治州',23),
	(1255,'凉山彝族自治州',23),
	(1256,'贵阳市',24),
	(1257,'六盘水市',24),
	(1258,'遵义市',24),
	(1259,'安顺市',24),
	(1260,'铜仁地区',24),
	(1261,'黔西南布依族苗族自治州',24),
	(1262,'毕节地区',24),
	(1263,'黔东南苗族侗族自治州',24),
	(1264,'黔南布依族苗族自治州',24),
	(1265,'昆明市',25),
	(1266,'曲靖市',25),
	(1267,'玉溪市',25),
	(1268,'保山市',25),
	(1269,'昭通市',25),
	(1270,'丽江市',25),
	(1271,'思茅市',25),
	(1272,'临沧市',25),
	(1273,'楚雄彝族自治州',25),
	(1274,'红河哈尼族彝族自治州',25),
	(1275,'文山壮族苗族自治州',25),
	(1276,'西双版纳傣族自治州',25),
	(1277,'大理白族自治州',25),
	(1278,'德宏傣族景颇族自治州',25),
	(1279,'怒江傈僳族自治州',25),
	(1280,'迪庆藏族自治州',25),
	(1281,'拉萨市',26),
	(1282,'昌都地区',26),
	(1283,'山南地区',26),
	(1284,'日喀则地区',26),
	(1285,'那曲地区',26),
	(1286,'阿里地区',26),
	(1287,'林芝地区',26),
	(1288,'西安市',27),
	(1289,'铜川市',27),
	(1290,'宝鸡市',27),
	(1291,'咸阳市',27),
	(1292,'渭南市',27),
	(1293,'延安市',27),
	(1294,'汉中市',27),
	(1295,'榆林市',27),
	(1296,'安康市',27),
	(1297,'商洛市',27),
	(1298,'兰州市',28),
	(1299,'嘉峪关市',28),
	(1300,'金昌市',28),
	(1301,'白银市',28),
	(1302,'天水市',28),
	(1303,'武威市',28),
	(1304,'张掖市',28),
	(1305,'平凉市',28),
	(1306,'酒泉市',28),
	(1307,'庆阳市',28),
	(1308,'定西市',28),
	(1309,'陇南市',28),
	(1310,'临夏回族自治州',28),
	(1311,'甘南藏族自治州',28),
	(1312,'西宁市',29),
	(1313,'海东地区',29),
	(1314,'海北藏族自治州',29),
	(1315,'黄南藏族自治州',29),
	(1316,'海南藏族自治州',29),
	(1317,'果洛藏族自治州',29),
	(1318,'玉树藏族自治州',29),
	(1319,'海西蒙古族藏族自治州',29),
	(1320,'银川市',30),
	(1321,'石嘴山市',30),
	(1322,'吴忠市',30),
	(1323,'固原市',30),
	(1324,'中卫市',30),
	(1325,'乌鲁木齐市',31),
	(1326,'克拉玛依市',31),
	(1327,'吐鲁番地区',31),
	(1328,'哈密地区',31),
	(1329,'昌吉回族自治州',31),
	(1330,'博尔塔拉蒙古自治州',31),
	(1331,'巴音郭楞蒙古自治州',31),
	(1332,'阿克苏地区',31),
	(1333,'克孜勒苏柯尔克孜自治州',31),
	(1334,'喀什地区',31),
	(1335,'和田地区',31),
	(1336,'伊犁哈萨克自治州',31),
	(1337,'塔城地区',31),
	(1338,'阿勒泰地区',31),
	(1339,'石河子市',31),
	(1340,'阿拉尔市',31),
	(1341,'图木舒克市',31),
	(1342,'五家渠市',31),
	(1343,'香港特别行政区',32),
	(1344,'澳门特别行政区',33),
	(1345,'台湾省',34),
	(1346,'仙桃市',17),
	(1347,'潜江市',17),
	(1348,'天门市',17),
	(1349,'东方市',21);

/*!40000 ALTER TABLE `abc_card_city_base` ENABLE KEYS */;
UNLOCK TABLES;


# Dump of table abc_cash_record
# ------------------------------------------------------------

DROP TABLE IF EXISTS `abc_cash_record`;

CREATE TABLE `abc_cash_record` (
  `cr_id` int(11) NOT NULL AUTO_INCREMENT COMMENT '主键id',
  `cr_request_url` varchar(1024) COLLATE utf8_bin DEFAULT NULL COMMENT '请求url',
  `cr_request_method` varchar(8) COLLATE utf8_bin DEFAULT NULL COMMENT '请求方式',
  `cr_request_parameter` varchar(4096) COLLATE utf8_bin DEFAULT NULL COMMENT '请求参数',
  `cr_seq_no` varchar(64) COLLATE utf8_bin DEFAULT NULL COMMENT '交易流水号',
  `cr_response` varchar(2048) COLLATE utf8_bin DEFAULT NULL COMMENT '支付接口返回数据',
  `cr_response_state` int(11) DEFAULT NULL COMMENT '支付请求的返回状态',
  `cr_money_amount` decimal(18,2) DEFAULT NULL COMMENT '支付钱数',
  `cr_operate_type` int(11) DEFAULT NULL COMMENT '支付操作类型（转账，退费，冻结，解冻，充值，提现）',
  `cr_operate_date` datetime DEFAULT NULL COMMENT '操作日期',
  PRIMARY KEY (`cr_id`)
) ENGINE=InnoDB DEFAULT CHARSET=utf8 COLLATE=utf8_bin COMMENT='资金操作记录表';

LOCK TABLES `abc_cash_record` WRITE;
/*!40000 ALTER TABLE `abc_cash_record` DISABLE KEYS */;

INSERT INTO `abc_cash_record` (`cr_id`, `cr_request_url`, `cr_request_method`, `cr_request_parameter`, `cr_seq_no`, `cr_response`, `cr_response_state`, `cr_money_amount`, `cr_operate_type`, `cr_operate_date`)
VALUES
	(1,X'6C6F63616C686F7374',X'474554',X'7B22627573696E6573734964223A312C22627573696E65737354797065223A22494E564553544552222C226465616C44657461696C223A5B7B226465616C44657461696C54797065223A22494E56455354455F4D4F4E4559222C226D6F6E6579416D6F756E74223A35303030302E302C227061794163636F756E744964223A223133323132333435363738222C22726563656976654163636F756E744964223A223133313132333435363738227D5D2C22696E6E65725365714E6F223A7B22756E697175654E6F223A2262306230316633372D313462332D343235362D623934382D623437626132333265396432227D2C226F70657261746F72223A327D',X'62306230316633372D313462332D343235362D623934382D623437626132333265396432',NULL,200,50000.00,2,'2015-01-23 14:13:21'),
	(30,X'6C6F63616C686F7374',X'474554',X'7B22627573696E6573734964223A312C22627573696E65737354797065223A225452414E53464552222C226465616C44657461696C223A5B7B226465616C44657461696C54797065223A22415050524F5052494154455F4D4F4E4559222C226D6F6E6579416D6F756E74223A35303030302E30302C227061794163636F756E744964223A223133323132333435363738222C22726563656976654163636F756E744964223A223133313132333435363738227D2C7B226465616C44657461696C54797065223A22504C415F464545222C226D6F6E6579416D6F756E74223A31312C227061794163636F756E744964223A223133313132333435363738222C22726563656976654163636F756E744964223A223135323039383535383232227D2C7B226465616C44657461696C54797065223A22494E535552414E43455F464545222C226D6F6E6579416D6F756E74223A3636362E30302C227061794163636F756E744964223A223133313132333435363738222C22726563656976654163636F756E744964223A223133313132333435363738227D5D2C22696E6E65725365714E6F223A7B22756E697175654E6F223A2232306461393266652D313539362D343131312D626165642D613061666630316666656330227D2C226F70657261746F72223A3131337D',X'32306461393266652D313539362D343131312D626165642D613061666630316666656330',NULL,200,50677.00,0,'2015-01-23 16:36:43'),
	(31,X'6C6F63616C686F7374',X'474554',X'7B22627573696E6573734964223A332C22627573696E65737354797065223A22494E564553544552222C226465616C44657461696C223A5B7B226465616C44657461696C54797065223A22494E56455354455F4D4F4E4559222C226D6F6E6579416D6F756E74223A313030302E302C227061794163636F756E744964223A223133333132333435363738222C22726563656976654163636F756E744964223A223133353132333435363738227D5D2C22696E6E65725365714E6F223A7B22756E697175654E6F223A2231666666656237372D313035362D343138622D626661642D646265356134386634356163227D2C226F70657261746F72223A337D',X'31666666656237372D313035362D343138622D626661642D646265356134386634356163',NULL,200,1000.00,2,'2015-01-24 16:00:39'),
	(32,X'6C6F63616C686F7374',X'474554',X'7B22627573696E6573734964223A332C22627573696E65737354797065223A22494E564553544552222C226465616C44657461696C223A5B7B226465616C44657461696C54797065223A22494E56455354455F4D4F4E4559222C226D6F6E6579416D6F756E74223A3230302E302C227061794163636F756E744964223A223133313132333435363738222C22726563656976654163636F756E744964223A223133353132333435363738227D5D2C22696E6E65725365714E6F223A7B22756E697175654E6F223A2238363162666665312D373463652D343066632D396262642D613461383334356332346533227D2C226F70657261746F72223A317D',X'38363162666665312D373463652D343066632D396262642D613461383334356332346533',NULL,200,200.00,2,'2015-01-24 16:00:51'),
	(33,X'6C6F63616C686F7374',X'474554',X'7B22627573696E6573734964223A342C22627573696E65737354797065223A22494E564553544552222C226465616C44657461696C223A5B7B226465616C44657461696C54797065223A22494E56455354455F4D4F4E4559222C226D6F6E6579416D6F756E74223A353030302E302C227061794163636F756E744964223A223133353132333435363738222C22726563656976654163636F756E744964223A223133323132333435363738227D5D2C22696E6E65725365714E6F223A7B22756E697175654E6F223A2233393330356133642D623366352D343566352D396635612D653963343966333235633166227D2C226F70657261746F72223A357D',X'33393330356133642D623366352D343566352D396635612D653963343966333235633166',NULL,200,5000.00,2,'2015-01-24 17:18:32'),
	(34,X'6C6F63616C686F7374',X'474554',X'7B22627573696E6573734964223A342C22627573696E65737354797065223A22494E564553544552222C226465616C44657461696C223A5B7B226465616C44657461696C54797065223A22494E56455354455F4D4F4E4559222C226D6F6E6579416D6F756E74223A353030302E302C227061794163636F756E744964223A223133343132333435363738222C22726563656976654163636F756E744964223A223133323132333435363738227D5D2C22696E6E65725365714E6F223A7B22756E697175654E6F223A2265346537383432312D663737372D346136382D396564322D333361383934316239346435227D2C226F70657261746F72223A347D',X'65346537383432312D663737372D346136382D396564322D333361383934316239346435',NULL,200,5000.00,2,'2015-01-24 17:18:57'),
	(35,X'6C6F63616C686F7374',X'474554',X'7B22627573696E6573734964223A332C22627573696E65737354797065223A225452414E53464552222C226465616C44657461696C223A5B7B226465616C44657461696C54797065223A22415050524F5052494154455F4D4F4E4559222C226D6F6E6579416D6F756E74223A313030302E30302C227061794163636F756E744964223A223133333132333435363738222C22726563656976654163636F756E744964223A223133353132333435363738227D2C7B226465616C44657461696C54797065223A22415050524F5052494154455F4D4F4E4559222C226D6F6E6579416D6F756E74223A3230302E30302C227061794163636F756E744964223A223133313132333435363738222C22726563656976654163636F756E744964223A223133353132333435363738227D2C7B226465616C44657461696C54797065223A22504C415F464545222C226D6F6E6579416D6F756E74223A312C227061794163636F756E744964223A223133353132333435363738222C22726563656976654163636F756E744964223A223135323039383535383232227D2C7B226465616C44657461696C54797065223A22494E535552414E43455F464545222C226D6F6E6579416D6F756E74223A35352E30302C227061794163636F756E744964223A223133353132333435363738222C22726563656976654163636F756E744964223A223138343132333435363738227D5D2C22696E6E65725365714E6F223A7B22756E697175654E6F223A2234383831653331652D633662352D343537632D623134342D666234376663303866366236227D2C226F70657261746F72223A3131337D',X'34383831653331652D633662352D343537632D623134342D666234376663303866366236',NULL,200,1256.00,0,'2015-01-24 18:39:01'),
	(36,X'6C6F63616C686F7374',X'474554',X'7B22627573696E6573734964223A332C22627573696E65737354797065223A22494E564553544552222C226465616C44657461696C223A5B7B226465616C44657461696C54797065223A22494E56455354455F4D4F4E4559222C226D6F6E6579416D6F756E74223A3830302E302C227061794163636F756E744964223A223133313132333435363738222C22726563656976654163636F756E744964223A223133333132333435363738227D5D2C22696E6E65725365714E6F223A7B22756E697175654E6F223A2238616466336365312D376238622D343731642D396166312D653536313565643266396265227D2C226F70657261746F72223A317D',X'38616466336365312D376238622D343731642D396166312D653536313565643266396265',NULL,200,800.00,2,'2015-01-24 22:25:57'),
	(37,X'6C6F63616C686F7374',X'474554',X'7B22627573696E6573734964223A352C22627573696E65737354797065223A22494E564553544552222C226465616C44657461696C223A5B7B226465616C44657461696C54797065223A22494E56455354455F4D4F4E4559222C226D6F6E6579416D6F756E74223A313030302E302C227061794163636F756E744964223A223133323132333435363738222C22726563656976654163636F756E744964223A223133343132333435363738227D5D2C22696E6E65725365714E6F223A7B22756E697175654E6F223A2235613138663264342D306130332D343737662D616266352D383866326232346531386230227D2C226F70657261746F72223A327D',X'35613138663264342D306130332D343737662D616266352D383866326232346531386230',NULL,200,1000.00,2,'2015-01-26 09:49:33'),
	(38,X'6C6F63616C686F7374',X'474554',X'7B22627573696E6573734964223A352C22627573696E65737354797065223A225452414E53464552222C226465616C44657461696C223A5B7B226465616C44657461696C54797065223A22415050524F5052494154455F4D4F4E4559222C226D6F6E6579416D6F756E74223A313030302E30302C227061794163636F756E744964223A223133323132333435363738222C22726563656976654163636F756E744964223A223133343132333435363738227D2C7B226465616C44657461696C54797065223A22504C415F464545222C226D6F6E6579416D6F756E74223A31312C227061794163636F756E744964223A223133343132333435363738222C22726563656976654163636F756E744964223A223135323039383535383232227D2C7B226465616C44657461696C54797065223A22494E535552414E43455F464545222C226D6F6E6579416D6F756E74223A35352E30302C227061794163636F756E744964223A223133343132333435363738222C22726563656976654163636F756E744964223A223138343132333435363738227D5D2C22696E6E65725365714E6F223A7B22756E697175654E6F223A2234363962623964362D666331342D343037302D616632342D663037323062643532336161227D2C226F70657261746F72223A3131337D',X'34363962623964362D666331342D343037302D616632342D663037323062643532336161',NULL,200,1066.00,0,'2015-01-26 09:50:23'),
	(39,X'6C6F63616C686F7374',X'474554',X'7B22627573696E6573734964223A352C22627573696E65737354797065223A22494E564553544552222C226465616C44657461696C223A5B7B226465616C44657461696C54797065223A22494E56455354455F4D4F4E4559222C226D6F6E6579416D6F756E74223A3930302E302C227061794163636F756E744964223A223133333132333435363738222C22726563656976654163636F756E744964223A223133323132333435363738227D5D2C22696E6E65725365714E6F223A7B22756E697175654E6F223A2230656164626163312D333465332D343835662D626133302D656366363230666435393762227D2C226F70657261746F72223A337D',X'30656164626163312D333465332D343835662D626133302D656366363230666435393762',NULL,200,900.00,2,'2015-01-26 09:52:41'),
	(40,X'6C6F63616C686F7374',X'474554',X'7B22627573696E6573734964223A352C22627573696E65737354797065223A225452414E53464552222C226465616C44657461696C223A5B7B226465616C44657461696C54797065223A22444542545F5452414E534645525F4D4F4E4559222C226D6F6E6579416D6F756E74223A3930302E30302C227061794163636F756E744964223A223133333132333435363738222C22726563656976654163636F756E744964223A223133323132333435363738227D2C7B226465616C44657461696C54797065223A22444542545F5452414E534645525F464545222C226D6F6E6579416D6F756E74223A3535352C227061794163636F756E744964223A223133323132333435363738222C22726563656976654163636F756E744964223A223135323039383535383232227D5D2C22696E6E65725365714E6F223A7B22756E697175654E6F223A2264353139313338382D326366342D343464632D616434332D306535653766383864633338227D2C226F70657261746F72223A3131337D',X'64353139313338382D326366342D343464632D616434332D306535653766383864633338',NULL,200,1455.00,0,'2015-01-26 09:57:49'),
	(41,X'6C6F63616C686F7374',X'474554',X'7B22627573696E6573734964223A352C22627573696E65737354797065223A225055524348415345222C226465616C44657461696C223A5B7B226465616C44657461696C54797065223A2250555243484153455F4D4F4E4559222C226D6F6E6579416D6F756E74223A313530302E302C227061794163636F756E744964223A223133363132333435363738227D5D2C22696E6E65725365714E6F223A7B22756E697175654E6F223A2265646232346666642D623337312D346338302D393139382D323835333638333233306236227D2C226F70657261746F72223A367D',X'65646232346666642D623337312D346338302D393139382D323835333638333233306236',NULL,200,1500.00,2,'2015-01-26 10:04:10'),
	(42,X'6C6F63616C686F7374',X'474554',X'7B22627573696E6573734964223A352C22627573696E65737354797065223A225055524348415345222C226465616C44657461696C223A5B7B226465616C44657461696C54797065223A2250555243484153455F4D4F4E4559222C226D6F6E6579416D6F756E74223A323030302E302C227061794163636F756E744964223A223133373132333435363738227D5D2C22696E6E65725365714E6F223A7B22756E697175654E6F223A2266353365653163632D373530612D346564652D623336342D343564383533393466303661227D2C226F70657261746F72223A377D',X'66353365653163632D373530612D346564652D623336342D343564383533393466303661',NULL,200,2000.00,2,'2015-01-26 10:18:50'),
	(43,X'6C6F63616C686F7374',X'474554',X'7B22627573696E6573734964223A362C22627573696E65737354797065223A22494E564553544552222C226465616C44657461696C223A5B7B226465616C44657461696C54797065223A22494E56455354455F4D4F4E4559222C226D6F6E6579416D6F756E74223A313030302E302C227061794163636F756E744964223A223133323132333435363738222C22726563656976654163636F756E744964223A223133353132333435363738227D5D2C22696E6E65725365714E6F223A7B22756E697175654E6F223A2231663330383532392D363339372D343331342D386631342D626166663865633831383930227D2C226F70657261746F72223A327D',X'31663330383532392D363339372D343331342D386631342D626166663865633831383930',NULL,200,1000.00,2,'2015-01-26 11:21:07'),
	(44,X'6C6F63616C686F7374',X'474554',X'7B22627573696E6573734964223A362C22627573696E65737354797065223A225452414E53464552222C226465616C44657461696C223A5B7B226465616C44657461696C54797065223A22415050524F5052494154455F4D4F4E4559222C226D6F6E6579416D6F756E74223A313030302E30302C227061794163636F756E744964223A223133323132333435363738222C22726563656976654163636F756E744964223A223133353132333435363738227D2C7B226465616C44657461696C54797065223A22504C415F464545222C226D6F6E6579416D6F756E74223A31312C227061794163636F756E744964223A223133353132333435363738222C22726563656976654163636F756E744964223A223135323039383535383232227D2C7B226465616C44657461696C54797065223A22494E535552414E43455F464545222C226D6F6E6579416D6F756E74223A35352E30302C227061794163636F756E744964223A223133353132333435363738222C22726563656976654163636F756E744964223A223138343132333435363738227D5D2C22696E6E65725365714E6F223A7B22756E697175654E6F223A2239326165326139382D666333372D343361302D626333332D333337653936306638316363227D2C226F70657261746F72223A3131337D',X'39326165326139382D666333372D343361302D626333332D333337653936306638316363',NULL,200,1066.00,0,'2015-01-26 11:22:23'),
	(45,X'6C6F63616C686F7374',X'474554',X'7B22627573696E6573734964223A362C22627573696E65737354797065223A225055524348415345222C226465616C44657461696C223A5B7B226465616C44657461696C54797065223A2250555243484153455F4D4F4E4559222C226D6F6E6579416D6F756E74223A313230302E302C227061794163636F756E744964223A223133313132333435363738227D5D2C22696E6E65725365714E6F223A7B22756E697175654E6F223A2265306239373762322D356338362D343463642D626463622D343861303831633931366438227D2C226F70657261746F72223A317D',X'65306239373762322D356338362D343463642D626463622D343861303831633931366438',NULL,200,1200.00,2,'2015-01-26 11:23:02'),
	(46,X'6C6F63616C686F7374',X'474554',X'7B22627573696E6573734964223A362C22627573696E65737354797065223A22494E564553544552222C226465616C44657461696C223A5B7B226465616C44657461696C54797065223A22494E56455354455F4D4F4E4559222C226D6F6E6579416D6F756E74223A3730302E302C227061794163636F756E744964223A223133333132333435363738222C22726563656976654163636F756E744964223A223133323132333435363738227D5D2C22696E6E65725365714E6F223A7B22756E697175654E6F223A2264393832626666382D656234642D343838332D626332392D333961333066623737323035227D2C226F70657261746F72223A337D',X'64393832626666382D656234642D343838332D626332392D333961333066623737323035',NULL,200,700.00,2,'2015-01-26 11:28:05'),
	(47,X'6C6F63616C686F7374',X'474554',X'7B22627573696E6573734964223A362C22627573696E65737354797065223A225452414E53464552222C226465616C44657461696C223A5B7B226465616C44657461696C54797065223A22444542545F5452414E534645525F4D4F4E4559222C226D6F6E6579416D6F756E74223A3730302E30302C227061794163636F756E744964223A223133333132333435363738222C22726563656976654163636F756E744964223A223133323132333435363738227D2C7B226465616C44657461696C54797065223A22444542545F5452414E534645525F464545222C226D6F6E6579416D6F756E74223A3535352C227061794163636F756E744964223A223133323132333435363738222C22726563656976654163636F756E744964223A223135323039383535383232227D5D2C22696E6E65725365714E6F223A7B22756E697175654E6F223A2238623832333263312D373166342D343164612D386334312D366331313739633239303439227D2C226F70657261746F72223A3131337D',X'38623832333263312D373166342D343164612D386334312D366331313739633239303439',NULL,200,1255.00,0,'2015-01-26 11:39:05'),
	(48,X'6C6F63616C686F7374',X'474554',X'7B22627573696E6573734964223A382C22627573696E65737354797065223A22494E564553544552222C226465616C44657461696C223A5B7B226465616C44657461696C54797065223A22494E56455354455F4D4F4E4559222C226D6F6E6579416D6F756E74223A3935302E302C227061794163636F756E744964223A223133313132333435363738222C22726563656976654163636F756E744964223A223133353132333435363738227D5D2C22696E6E65725365714E6F223A7B22756E697175654E6F223A2236373464303131652D313961302D343062332D386536352D313762393136373731393064227D2C226F70657261746F72223A317D',X'36373464303131652D313961302D343062332D386536352D313762393136373731393064',NULL,200,950.00,2,'2015-01-26 13:15:53'),
	(49,X'6C6F63616C686F7374',X'474554',X'7B22627573696E6573734964223A382C22627573696E65737354797065223A22494E564553544552222C226465616C44657461696C223A5B7B226465616C44657461696C54797065223A22494E56455354455F4D4F4E4559222C226D6F6E6579416D6F756E74223A35302E302C227061794163636F756E744964223A223133323132333435363738222C22726563656976654163636F756E744964223A223133353132333435363738227D5D2C22696E6E65725365714E6F223A7B22756E697175654E6F223A2235306332306466332D363033352D343537322D383163362D306430393666323466346665227D2C226F70657261746F72223A327D',X'35306332306466332D363033352D343537322D383163362D306430393666323466346665',NULL,200,50.00,2,'2015-01-26 13:15:59'),
	(50,X'6C6F63616C686F7374',X'474554',X'7B22627573696E6573734964223A382C22627573696E65737354797065223A225452414E53464552222C226465616C44657461696C223A5B7B226465616C44657461696C54797065223A22415050524F5052494154455F4D4F4E4559222C226D6F6E6579416D6F756E74223A3935302E30302C227061794163636F756E744964223A223133313132333435363738222C22726563656976654163636F756E744964223A223133353132333435363738227D2C7B226465616C44657461696C54797065223A22415050524F5052494154455F4D4F4E4559222C226D6F6E6579416D6F756E74223A35302E30302C227061794163636F756E744964223A223133323132333435363738222C22726563656976654163636F756E744964223A223133353132333435363738227D2C7B226465616C44657461696C54797065223A22504C415F464545222C226D6F6E6579416D6F756E74223A31312C227061794163636F756E744964223A223133353132333435363738222C22726563656976654163636F756E744964223A223135323039383535383232227D2C7B226465616C44657461696C54797065223A22494E535552414E43455F464545222C226D6F6E6579416D6F756E74223A35352E30302C227061794163636F756E744964223A223133353132333435363738222C22726563656976654163636F756E744964223A223138343132333435363738227D5D2C22696E6E65725365714E6F223A7B22756E697175654E6F223A2234353935623065622D373134652D343161652D623936622D636531623233313636373532227D2C226F70657261746F72223A3131337D',X'34353935623065622D373134652D343161652D623936622D636531623233313636373532',NULL,200,1066.00,0,'2015-01-26 13:17:41'),
	(51,X'6C6F63616C686F7374',X'474554',X'7B22627573696E6573734964223A382C22627573696E65737354797065223A22494E564553544552222C226465616C44657461696C223A5B7B226465616C44657461696C54797065223A22494E56455354455F4D4F4E4559222C226D6F6E6579416D6F756E74223A3530302E302C227061794163636F756E744964223A223133333132333435363738222C22726563656976654163636F756E744964223A223133313132333435363738227D5D2C22696E6E65725365714E6F223A7B22756E697175654E6F223A2230633163653834342D663237642D346231322D393537662D313331353034666234376464227D2C226F70657261746F72223A337D',X'30633163653834342D663237642D346231322D393537662D313331353034666234376464',NULL,200,500.00,2,'2015-01-26 13:19:14'),
	(52,X'6C6F63616C686F7374',X'474554',X'7B22627573696E6573734964223A382C22627573696E65737354797065223A225452414E53464552222C226465616C44657461696C223A5B7B226465616C44657461696C54797065223A22444542545F5452414E534645525F4D4F4E4559222C226D6F6E6579416D6F756E74223A3530302E30302C227061794163636F756E744964223A223133333132333435363738222C22726563656976654163636F756E744964223A223133313132333435363738227D2C7B226465616C44657461696C54797065223A22444542545F5452414E534645525F464545222C226D6F6E6579416D6F756E74223A3535352C227061794163636F756E744964223A223133313132333435363738222C22726563656976654163636F756E744964223A223135323039383535383232227D5D2C22696E6E65725365714E6F223A7B22756E697175654E6F223A2238336265643132632D363963372D343164662D613436352D643537626566616363393639227D2C226F70657261746F72223A3131337D',X'38336265643132632D363963372D343164662D613436352D643537626566616363393639',NULL,200,1055.00,0,'2015-01-26 13:20:38'),
	(53,X'6C6F63616C686F7374',X'474554',X'7B22627573696E6573734964223A382C22627573696E65737354797065223A225055524348415345222C226465616C44657461696C223A5B7B226465616C44657461696C54797065223A2250555243484153455F4D4F4E4559222C226D6F6E6579416D6F756E74223A323230302E302C227061794163636F756E744964223A223133343132333435363738227D5D2C22696E6E65725365714E6F223A7B22756E697175654E6F223A2236393666623233642D353539652D346461382D396431382D393437373536306234633763227D2C226F70657261746F72223A347D',X'36393666623233642D353539652D346461382D396431382D393437373536306234633763',NULL,200,2200.00,2,'2015-01-26 13:24:12'),
	(61,X'6C6F63616C686F7374',X'474554',X'7B22627573696E6573734964223A312C22627573696E65737354797065223A225749544844524157414C5F494E564553544552222C226465616C44657461696C223A5B7B226465616C44657461696C54797065223A225749544844524157414C5F494E5645535445525F4D4F4E4559222C226D6F6E6579416D6F756E74223A302E30312C227061794163636F756E744964223A223133383838383838383838227D5D2C22696E6E65725365714E6F223A7B22756E697175654E6F223A2265356361626636372D356662642D346538352D626132302D643837363066346132613233227D2C226F70657261746F72223A317D',X'65356361626636372D356662642D346538352D626132302D643837363066346132613233',NULL,0,0.01,3,'2015-01-26 16:01:57'),
	(62,X'687474703A2F2F3231382E342E3233342E3135303A38382F6D61696E2F6C6F616E2F746F6C6F616E72656368617267652E616374696F6E',X'474554',X'7B22416D6F756E74223A22313233313231222C22436172644E6F223A22313233313231222C2246656554797065223A22313233313231222C224E6F7469667955524C223A22687474703A2F2F33362E33332E32342E3130393A383338352F7765626E6F746966792F637573746F6D65722F757365722F72656368617267654E6F746966792E616374696F6E222C224F726465724E6F223A224F726465724E6F222C22506C6174666F726D4D6F6E65796D6F72656D6F7265223A2270333732222C2252616E646F6D54696D655374616D70223A22313233313231222C2252656368617267654D6F6E65796D6F72656D6F7265223A22313233313231222C22526563686172676554797065223A22313233313231222C2252657475726E55524C223A22687474703A2F2F33362E33332E32342E3130393A383338352F7765626E6F746966792F637573746F6D65722F757365722F726563686172676552657475726E2E616374696F6E222C225369676E496E666F223A2250366246694548346D733142483277694F44626157756339675764335A666C5453613043695463716B2F5649307379756D6F766B724857647A4769586C6D5066334B4F444A4B7459486D78395C725C6E7848754558716B3948665A6C5A654E584A7154326F4A564D50556C75446E4B5357697A534B4177324D6675513959524D4A5847743242394272596B6C314B646878546B525652385A4A6B34775C725C6E6C477963655565586F544145414E66374F32673D222C227375626D697455726C223A22687474703A2F2F3231382E342E3233342E3135303A38382F6D61696E2F6C6F616E2F746F6C6F616E72656368617267652E616374696F6E227D',X'34396131643937302D333463342D343732642D613233362D343864346463646630363036',NULL,0,0.01,2,'2015-01-26 16:18:52'),
	(63,X'687474703A2F2F3231382E342E3233342E3135303A38382F6D61696E2F6C6F616E2F746F6C6F616E72656368617267652E616374696F6E',X'474554',X'7B22416D6F756E74223A22313233313231222C22436172644E6F223A22313233313231222C2246656554797065223A22313233313231222C224E6F7469667955524C223A22687474703A2F2F33362E33332E32342E3130393A383338352F7765626E6F746966792F637573746F6D65722F757365722F72656368617267654E6F746966792E616374696F6E222C224F726465724E6F223A224F726465724E6F222C22506C6174666F726D4D6F6E65796D6F72656D6F7265223A2270333732222C2252616E646F6D54696D655374616D70223A22313233313231222C2252656368617267654D6F6E65796D6F72656D6F7265223A22313233313231222C22526563686172676554797065223A22313233313231222C2252657475726E55524C223A22687474703A2F2F33362E33332E32342E3130393A383338352F7765626E6F746966792F637573746F6D65722F757365722F726563686172676552657475726E2E616374696F6E222C225369676E496E666F223A22546E414537575365517750417A4668304139762F38646C4572316E45573573527A4C5554746F74596853476672445A75524E735A57584E486D6E41427161747962324D7149655471567433385C725C6E354769676937375242456C6C78745973734E67374F71506C7641337A35716B2F6C67447A4F7542676352716B716D472B4A43435472737263794A79624C69783441745055306D4775757965535C725C6E4872525461666473716F38306A49514B4441343D222C227375626D697455726C223A22687474703A2F2F3231382E342E3233342E3135303A38382F6D61696E2F6C6F616E2F746F6C6F616E72656368617267652E616374696F6E227D',X'39306163383463342D396539612D343138322D623565342D633634396132316232613465',NULL,0,0.01,2,'2015-01-26 17:43:39'),
	(64,X'687474703A2F2F3231382E342E3233342E3135303A38382F6D61696E2F6C6F616E2F746F6C6F616E72656368617267652E616374696F6E',X'474554',X'7B22416D6F756E74223A22313233313231222C22436172644E6F223A22313233313231222C2246656554797065223A22313233313231222C224E6F7469667955524C223A22687474703A2F2F33362E33332E32342E3130393A383338352F7765626E6F746966792F637573746F6D65722F757365722F72656368617267654E6F746966792E616374696F6E222C224F726465724E6F223A224F726465724E6F222C22506C6174666F726D4D6F6E65796D6F72656D6F7265223A2270333732222C2252616E646F6D54696D655374616D70223A22313233313231222C2252656368617267654D6F6E65796D6F72656D6F7265223A22313233313231222C22526563686172676554797065223A22313233313231222C2252657475726E55524C223A22687474703A2F2F33362E33332E32342E3130393A383338352F7765626E6F746966792F637573746F6D65722F757365722F726563686172676552657475726E2E616374696F6E222C225369676E496E666F223A22546E414537575365517750417A4668304139762F38646C4572316E45573573527A4C5554746F74596853476672445A75524E735A57584E486D6E41427161747962324D7149655471567433385C725C6E354769676937375242456C6C78745973734E67374F71506C7641337A35716B2F6C67447A4F7542676352716B716D472B4A43435472737263794A79624C69783441745055306D4775757965535C725C6E4872525461666473716F38306A49514B4441343D222C227375626D697455726C223A22687474703A2F2F3231382E342E3233342E3135303A38382F6D61696E2F6C6F616E2F746F6C6F616E72656368617267652E616374696F6E227D',X'62316336306264302D316262392D343665392D396362642D393662383232353866333838',NULL,0,0.01,2,'2015-01-26 17:45:08'),
	(65,X'687474703A2F2F3231382E342E3233342E3135303A38382F6D61696E2F6C6F616E2F746F6C6F616E72656368617267652E616374696F6E',X'474554',X'7B22416D6F756E74223A22313233313231222C22436172644E6F223A22313233313231222C2246656554797065223A22313233313231222C224E6F7469667955524C223A22687474703A2F2F33362E33332E32342E3130393A383338352F7765626E6F746966792F637573746F6D65722F757365722F72656368617267654E6F746966792E616374696F6E222C224F726465724E6F223A224F726465724E6F222C22506C6174666F726D4D6F6E65796D6F72656D6F7265223A2270333732222C2252616E646F6D54696D655374616D70223A22313233313231222C2252656368617267654D6F6E65796D6F72656D6F7265223A22313233313231222C22526563686172676554797065223A22313233313231222C2252657475726E55524C223A22687474703A2F2F33362E33332E32342E3130393A383338352F7765626E6F746966792F637573746F6D65722F757365722F726563686172676552657475726E2E616374696F6E222C225369676E496E666F223A22546E414537575365517750417A4668304139762F38646C4572316E45573573527A4C5554746F74596853476672445A75524E735A57584E486D6E41427161747962324D7149655471567433385C725C6E354769676937375242456C6C78745973734E67374F71506C7641337A35716B2F6C67447A4F7542676352716B716D472B4A43435472737263794A79624C69783441745055306D4775757965535C725C6E4872525461666473716F38306A49514B4441343D222C227375626D697455726C223A22687474703A2F2F3231382E342E3233342E3135303A38382F6D61696E2F6C6F616E2F746F6C6F616E72656368617267652E616374696F6E227D',X'35373431353731322D623931342D346565332D623632642D353534303839383538313337',NULL,0,0.01,2,'2015-01-26 17:47:52'),
	(66,X'687474703A2F2F3231382E342E3233342E3135303A38382F6D61696E2F6C6F616E2F746F6C6F616E72656368617267652E616374696F6E',X'474554',X'7B22416D6F756E74223A22313233313231222C22436172644E6F223A22313233313231222C2246656554797065223A22313233313231222C224E6F7469667955524C223A22687474703A2F2F33362E33332E32342E3130393A383338352F7765626E6F746966792F637573746F6D65722F757365722F72656368617267654E6F746966792E616374696F6E222C224F726465724E6F223A224F726465724E6F222C22506C6174666F726D4D6F6E65796D6F72656D6F7265223A2270333732222C2252616E646F6D54696D655374616D70223A22313233313231222C2252656368617267654D6F6E65796D6F72656D6F7265223A22313233313231222C22526563686172676554797065223A22313233313231222C2252657475726E55524C223A22687474703A2F2F33362E33332E32342E3130393A383338352F7765626E6F746966792F637573746F6D65722F757365722F726563686172676552657475726E2E616374696F6E222C225369676E496E666F223A22546E414537575365517750417A4668304139762F38646C4572316E45573573527A4C5554746F74596853476672445A75524E735A57584E486D6E41427161747962324D7149655471567433385C725C6E354769676937375242456C6C78745973734E67374F71506C7641337A35716B2F6C67447A4F7542676352716B716D472B4A43435472737263794A79624C69783441745055306D4775757965535C725C6E4872525461666473716F38306A49514B4441343D222C227375626D697455726C223A22687474703A2F2F3231382E342E3233342E3135303A38382F6D61696E2F6C6F616E2F746F6C6F616E72656368617267652E616374696F6E227D',X'63656134616433302D393331652D346133632D626334312D653833363130363633613639',NULL,0,0.01,2,'2015-01-26 17:58:46'),
	(67,X'687474703A2F2F3231382E342E3233342E3135303A38382F6D61696E2F6C6F616E2F6C6F616E2E616374696F6E',NULL,X'7B22416374696F6E223A2232222C224C6F616E4A736F6E4C697374223A225B7B5C224C6F616E4F75744D6F6E65796D6F72656D6F72655C223A5C226D31313432345C222C5C224C6F616E496E4D6F6E65796D6F72656D6F72655C223A5C226D31313930395C222C5C224F726465724E6F5C223A5C2232303135303132373134303430363735385C222C5C2242617463684E6F5C223A5C22313432323333383634363735385C222C5C22416D6F756E745C223A3130302E307D5D222C224E6565644175646974223A22222C224E6F7469667955524C223A22687474703A2F2F33362E33332E32342E3130393A383338352F7765626E6F746966792F70726F6A6563742F696E766573742F7472616E734E6F746966792E616374696F6E222C22506C6174666F726D4D6F6E65796D6F72656D6F7265223A22222C2252657475726E55524C223A22687474703A2F2F33362E33332E32342E3130393A383338352F7765626E6F746966792F70726F6A6563742F696E766573742F7472616E7366657252657475726E2E616374696F6E222C225369676E496E666F223A22704854466958357434624F63584D684458516B6C544178727363326F5536526F45477A656A4E36314D706948643779705136457A65613052447A734A593556424852502B6B4F5363434878705C725C6E4E3736662B55504934444E52696D62414B426D496C5831745A496B725575446474675279343573677568304B67746D54447A56643748754C74345632327872352B41416D66786D6E393241745C725C6E792F3835466F615733725A6A596261303766453D222C225472616E73666572416374696F6E223A2231222C225472616E7366657254797065223A2232222C2263725365714E6F223A2231343766643137622D386531392D346464362D383838652D343931643538303561346434222C227375626D697455726C223A22687474703A2F2F3231382E342E3233342E3135303A38382F6D61696E2F6C6F616E2F6C6F616E2E616374696F6E227D',NULL,NULL,0,NULL,NULL,NULL),
	(68,X'687474703A2F2F3231382E342E3233342E3135303A38382F6D61696E2F6C6F616E2F6C6F616E2E616374696F6E',NULL,X'7B22416374696F6E223A2232222C224C6F616E4A736F6E4C697374223A225B7B5C224C6F616E4F75744D6F6E65796D6F72656D6F72655C223A5C226D31313432345C222C5C224C6F616E496E4D6F6E65796D6F72656D6F72655C223A5C226D31313930395C222C5C224F726465724E6F5C223A5C2232303135303132373134303734313530375C222C5C2242617463684E6F5C223A5C22313432323333383836313530375C222C5C22416D6F756E745C223A3130302E307D5D222C224E6565644175646974223A22222C224E6F7469667955524C223A22687474703A2F2F33362E33332E32342E3130393A383338352F7765626E6F746966792F70726F6A6563742F696E766573742F7472616E734E6F746966792E616374696F6E222C22506C6174666F726D4D6F6E65796D6F72656D6F7265223A2270333732222C2252657475726E55524C223A22687474703A2F2F33362E33332E32342E3130393A383338352F7765626E6F746966792F70726F6A6563742F696E766573742F7472616E7366657252657475726E2E616374696F6E222C225369676E496E666F223A225571485043547076454D537355566A76675355306675536A32425552334F386653414F6C4F3762436F66576271426E7465356E3039686C327566536B37682F37487A793974382F78597577315C725C6E585031677A345A6457537435573056342B447A386F433852694D7343464C7A3079787A694135624C69306864486A685753746E587933536B41747741394F3778356E3262423371422F4353525C725C6E716165443659737445526536484169316732513D222C225472616E73666572416374696F6E223A2231222C225472616E7366657254797065223A2232222C2263725365714E6F223A2233363431396165312D643137622D343665622D616635372D633963643666306130663033222C227375626D697455726C223A22687474703A2F2F3231382E342E3233342E3135303A38382F6D61696E2F6C6F616E2F6C6F616E2E616374696F6E227D',NULL,NULL,0,NULL,NULL,NULL),
	(69,X'687474703A2F2F3231382E342E3233342E3135303A38382F6D61696E2F6C6F616E2F6C6F616E2E616374696F6E',NULL,X'7B22416374696F6E223A2232222C224C6F616E4A736F6E4C697374223A225B7B5C224C6F616E4F75744D6F6E65796D6F72656D6F72655C223A5C226D31313135355C222C5C224C6F616E496E4D6F6E65796D6F72656D6F72655C223A5C226D32313135305C222C5C224F726465724E6F5C223A5C2232303135303132373134313132363539395C222C5C2242617463684E6F5C223A5C22313432323333393038363539395C222C5C22416D6F756E745C223A3130302E307D5D222C224E6565644175646974223A22222C224E6F7469667955524C223A22687474703A2F2F33362E33332E32342E3130393A383338352F7765626E6F746966792F70726F6A6563742F696E766573742F7472616E734E6F746966792E616374696F6E222C22506C6174666F726D4D6F6E65796D6F72656D6F7265223A2270333732222C2252657475726E55524C223A22687474703A2F2F33362E33332E32342E3130393A383338352F7765626E6F746966792F70726F6A6563742F696E766573742F7472616E7366657252657475726E2E616374696F6E222C225369676E496E666F223A224F30374A4B4A487A647A676155763664465968445231584F377257576E5448667463446957512F465078384E496A48686D4F30737A32764978364868393964476A7448314E41525669436A535C725C6E6B684256346775396F674B4D4A516B4C3665644D46304C664E586C6168596636773633775130536A4A5758784D4E6A474169653273494A6E442F76684C33434E45617454764D576873636F6C5C725C6E637076515A4555576F544F574F57333575484D3D222C225472616E73666572416374696F6E223A2231222C225472616E7366657254797065223A2232222C2263725365714E6F223A2233616361326639302D383862342D346136612D613231302D356638303364663966313461222C227375626D697455726C223A22687474703A2F2F3231382E342E3233342E3135303A38382F6D61696E2F6C6F616E2F6C6F616E2E616374696F6E227D',NULL,NULL,0,NULL,NULL,NULL),
	(70,X'6C6F63616C686F7374',X'474554',X'7B22627573696E6573734964223A31312C22627573696E65737354797065223A22494E564553544552222C226465616C44657461696C223A5B7B226465616C44657461696C54797065223A22494E56455354455F4D4F4E4559222C226D6F6E6579416D6F756E74223A313030302E302C227061794163636F756E744964223A223133313132333435363738222C22726563656976654163636F756E744964223A223133343132333435363738227D5D2C22696E6E65725365714E6F223A7B22756E697175654E6F223A2266353964613434612D643162632D343062382D396534312D373263363663633563613665227D2C226F70657261746F72223A317D',X'66353964613434612D643162632D343062382D396534312D373263363663633563613665',NULL,200,1000.00,2,'2015-01-28 14:26:53'),
	(71,X'6C6F63616C686F7374',X'474554',X'7B22627573696E6573734964223A31312C22627573696E65737354797065223A225452414E53464552222C226465616C44657461696C223A5B7B226465616C44657461696C54797065223A22415050524F5052494154455F4D4F4E4559222C226D6F6E6579416D6F756E74223A313030302E30302C227061794163636F756E744964223A223133313132333435363738222C22726563656976654163636F756E744964223A223133343132333435363738227D2C7B226465616C44657461696C54797065223A22504C415F464545222C226D6F6E6579416D6F756E74223A31312C227061794163636F756E744964223A223133343132333435363738222C22726563656976654163636F756E744964223A223135323039383535383232227D5D2C22696E6E65725365714E6F223A7B22756E697175654E6F223A2265346363356261392D343963352D343838312D386364662D666435666638663836653463227D2C226F70657261746F72223A3131337D',X'65346363356261392D343963352D343838312D386364662D666435666638663836653463',NULL,200,1011.00,0,'2015-01-28 15:57:47'),
	(72,X'6C6F63616C686F7374',X'474554',X'7B22627573696E6573734964223A31312C22627573696E65737354797065223A225055524348415345222C226465616C44657461696C223A5B7B226465616C44657461696C54797065223A2250555243484153455F4D4F4E4559222C226D6F6E6579416D6F756E74223A313230302E302C227061794163636F756E744964223A223133333132333435363738227D5D2C22696E6E65725365714E6F223A7B22756E697175654E6F223A2234323239633232392D366135652D346261302D613830312D626338303765393334393639227D2C226F70657261746F72223A337D',X'34323239633232392D366135652D346261302D613830312D626338303765393334393639',NULL,200,1200.00,2,'2015-01-28 15:58:09'),
	(74,X'687474703A2F2F3231382E342E3233342E3135303A38382F6D61696E2F6C6F616E2F746F6C6F616E7472616E7366657261756469742E616374696F6E',NULL,X'7B22417564697454797065223A2232222C224C6F616E4A736F6E4C697374223A225B7B5C224C6F616E4F75744D6F6E65796D6F72656D6F72655C223A5C226D31313135355C222C5C224C6F616E496E4D6F6E65796D6F72656D6F72655C223A5C226D32313135305C222C5C224F726465724E6F5C223A5C2232303135303132383137333932323436385C222C5C2242617463684E6F5C223A5C22313432323433373936323436385C222C5C22416D6F756E745C223A3130302E307D5D222C224E6F7469667955524C223A22687474703A2F2F33362E33332E32342E3130393A383038312F2F7765626E6F746966792F5769746864726177734E6F746966792E6A736F6E222C22506C6174666F726D4D6F6E65796D6F72656D6F7265223A2270333732222C2252657475726E55524C223A22687474703A2F2F33362E33332E32342E3130393A383038312F2F7765626E6F746966792F5769746864726177734E6F746966792E6A736F6E222C225369676E496E666F223A225258746F35626E66784E2F34646573345751797A6563582B5648434E736D7A557770533641454858535155332B4A66436B4D54314E364D38664E31627255763730684864776C4E54514E674C5C725C6E674777774A456F776D7843346D71502F6A746869465552302F55546F424A77484348596A33496D66334B766B39664D6431533238414B39704B3959504B3462713835514E7348745877665A685C725C6E6A377172616C5763386578435245734C584B513D222C2263725365714E6F223A2231376238373535332D373538612D343238362D396336392D663437663534363666316431222C227375626D697455726C223A22687474703A2F2F3231382E342E3233342E3135303A38382F6D61696E2F6C6F616E2F746F6C6F616E7472616E7366657261756469742E616374696F6E227D',NULL,NULL,0,NULL,NULL,NULL),
	(75,X'687474703A2F2F3231382E342E3233342E3135303A38382F6D61696E2F6C6F616E2F746F6C6F616E7472616E7366657261756469742E616374696F6E',NULL,X'7B22417564697454797065223A2231222C224C6F616E4A736F6E4C697374223A224C4E3139363334353332303135303130393232303330333137313733222C224E6F7469667955524C223A22687474703A2F2F33362E33332E32342E3130393A383038312F2F7765626E6F746966792F5769746864726177734E6F746966792E6A736F6E222C22506C6174666F726D4D6F6E65796D6F72656D6F7265223A2270333732222C2252657475726E55524C223A22687474703A2F2F33362E33332E32342E3130393A383038312F2F7765626E6F746966792F5769746864726177734E6F746966792E6A736F6E222C225369676E496E666F223A226261706A596C4B637357704B664C63767A66704A3470387267554B6934495968786E4B7650334C47494B4B3539702F4E30303568717A6D625A444C4E477A6C79512F2F416E417631556B6D375C725C6E496835784C4B7364673956417A44447A344D70352B436E6E6B7155526A6D6B51347169473641356F33546C594F77682F796A454C43412B74785148683465436338612B2F33537665494346775C725C6E2F4264497066533549305A675A344A682B67343D222C2263725365714E6F223A2232663039616461302D656332612D343236352D613039312D656265333536376631386639222C227375626D697455726C223A22687474703A2F2F3231382E342E3233342E3135303A38382F6D61696E2F6C6F616E2F746F6C6F616E7472616E7366657261756469742E616374696F6E227D',NULL,NULL,0,NULL,NULL,NULL),
	(76,X'687474703A2F2F3231382E342E3233342E3135303A38382F6D61696E2F6C6F616E2F746F6C6F616E7472616E7366657261756469742E616374696F6E',NULL,X'7B22417564697454797065223A2231222C224C6F616E4A736F6E4C697374223A224C4E3139363334353332303135303130393232303330333137313733222C224E6F7469667955524C223A22687474703A2F2F33362E33332E32342E3130393A383038312F2F7765626E6F746966792F5769746864726177734E6F746966792E6A736F6E222C22506C6174666F726D4D6F6E65796D6F72656D6F7265223A2270333732222C2252657475726E55524C223A22687474703A2F2F33362E33332E32342E3130393A383038312F2F7765626E6F746966792F5769746864726177734E6F746966792E6A736F6E222C225369676E496E666F223A226261706A596C4B637357704B664C63767A66704A3470387267554B6934495968786E4B7650334C47494B4B3539702F4E30303568717A6D625A444C4E477A6C79512F2F416E417631556B6D375C725C6E496835784C4B7364673956417A44447A344D70352B436E6E6B7155526A6D6B51347169473641356F33546C594F77682F796A454C43412B74785148683465436338612B2F33537665494346775C725C6E2F4264497066533549305A675A344A682B67343D222C2263725365714E6F223A2265643264333736392D363232382D343537632D623538392D326633366136333663646565222C227375626D697455726C223A22687474703A2F2F3231382E342E3233342E3135303A38382F6D61696E2F6C6F616E2F746F6C6F616E7472616E7366657261756469742E616374696F6E227D',NULL,NULL,0,NULL,NULL,NULL),
	(77,X'687474703A2F2F3231382E342E3233342E3135303A38382F6D61696E2F6C6F616E2F746F6C6F616E7472616E7366657261756469742E616374696F6E',NULL,X'7B22417564697454797065223A2231222C224C6F616E4A736F6E4C697374223A224C4E3139363334353332303135303130393232303330333137313733222C224E6F7469667955524C223A22687474703A2F2F33362E33332E32342E3130393A383038312F2F7765626E6F746966792F5769746864726177734E6F746966792E6A736F6E222C22506C6174666F726D4D6F6E65796D6F72656D6F7265223A2270333732222C2252657475726E55524C223A22687474703A2F2F33362E33332E32342E3130393A383038312F2F7765626E6F746966792F5769746864726177734E6F746966792E6A736F6E222C225369676E496E666F223A226261706A596C4B637357704B664C63767A66704A3470387267554B6934495968786E4B7650334C47494B4B3539702F4E30303568717A6D625A444C4E477A6C79512F2F416E417631556B6D375C725C6E496835784C4B7364673956417A44447A344D70352B436E6E6B7155526A6D6B51347169473641356F33546C594F77682F796A454C43412B74785148683465436338612B2F33537665494346775C725C6E2F4264497066533549305A675A344A682B67343D222C2263725365714E6F223A2265666634333930372D313664662D343738392D396631652D646565303337666166663137222C227375626D697455726C223A22687474703A2F2F3231382E342E3233342E3135303A38382F6D61696E2F6C6F616E2F746F6C6F616E7472616E7366657261756469742E616374696F6E227D',NULL,NULL,0,NULL,NULL,NULL),
	(78,X'687474703A2F2F3231382E342E3233342E3135303A38382F6D61696E2F6C6F616E2F746F6C6F616E7472616E7366657261756469742E616374696F6E',NULL,X'7B22417564697454797065223A2231222C224C6F616E4A736F6E4C697374223A224C4E3139363334353332303135303130393232303330333137313733222C224E6F7469667955524C223A22687474703A2F2F33362E33332E32342E3130393A383038312F2F7765626E6F746966792F41756469744E6F746966792E6A736F6E222C22506C6174666F726D4D6F6E65796D6F72656D6F7265223A2270333732222C2252657475726E55524C223A22687474703A2F2F33362E33332E32342E3130393A383038312F2F7765626E6F746966792F41756469744E6F746966792E6A736F6E222C225369676E496E666F223A22584954767756636B6D3972526B6A62737079755173415276576A4F446A2B554C6B3562444174463032645876784A496441663561436A4233752B5A646E4C3038382B414F6E796B454D4E51495C725C6E2B4D58334E6250413561325674454C674B4B636C35536C51654F5643437936352F744F426C4F31546A41532F3964702B4B683639595A72416A6B6C547872697343496E7A74646A686D3771535C725C6E6774714E616D684D4259323642677A7A44656B3D222C2263725365714E6F223A2232653034373131612D333466372D346638632D386531322D353237313938393561626433222C227375626D697455726C223A22687474703A2F2F3231382E342E3233342E3135303A38382F6D61696E2F6C6F616E2F746F6C6F616E7472616E7366657261756469742E616374696F6E227D',NULL,NULL,0,NULL,NULL,NULL),
	(79,X'687474703A2F2F3231382E342E3233342E3135303A38382F6D61696E2F6C6F616E2F746F6C6F616E7472616E7366657261756469742E616374696F6E',NULL,X'7B22417564697454797065223A2231222C224C6F616E4A736F6E4C697374223A224C4E3139363334353332303135303130393232303330333137313733222C224E6F7469667955524C223A22687474703A2F2F33362E33332E32342E3130393A383038312F2F7765626E6F746966792F41756469744E6F746966792E6A736F6E222C22506C6174666F726D4D6F6E65796D6F72656D6F7265223A2270333732222C2252657475726E55524C223A22687474703A2F2F33362E33332E32342E3130393A383038312F2F7765626E6F746966792F41756469744E6F746966792E6A736F6E222C225369676E496E666F223A22584954767756636B6D3972526B6A62737079755173415276576A4F446A2B554C6B3562444174463032645876784A496441663561436A4233752B5A646E4C3038382B414F6E796B454D4E51495C725C6E2B4D58334E6250413561325674454C674B4B636C35536C51654F5643437936352F744F426C4F31546A41532F3964702B4B683639595A72416A6B6C547872697343496E7A74646A686D3771535C725C6E6774714E616D684D4259323642677A7A44656B3D222C2263725365714E6F223A2235643837636234382D363131642D346332322D613538642D333634306266616333363631222C227375626D697455726C223A22687474703A2F2F3231382E342E3233342E3135303A38382F6D61696E2F6C6F616E2F746F6C6F616E7472616E7366657261756469742E616374696F6E227D',NULL,NULL,0,NULL,NULL,NULL),
	(80,X'687474703A2F2F3231382E342E3233342E3135303A38382F6D61696E2F6C6F616E2F746F6C6F616E7472616E7366657261756469742E616374696F6E',NULL,X'7B22417564697454797065223A2231222C224C6F616E4A736F6E4C697374223A224C4E3139363334353332303135303130393232303330333137313733222C224E6F7469667955524C223A22687474703A2F2F33362E33332E32342E3130393A383038312F2F7765626E6F746966792F41756469744E6F746966792E6A736F6E222C22506C6174666F726D4D6F6E65796D6F72656D6F7265223A2270333732222C2252657475726E55524C223A22687474703A2F2F33362E33332E32342E3130393A383038312F2F7765626E6F746966792F41756469744E6F746966792E6A736F6E222C225369676E496E666F223A22584954767756636B6D3972526B6A62737079755173415276576A4F446A2B554C6B3562444174463032645876784A496441663561436A4233752B5A646E4C3038382B414F6E796B454D4E51495C725C6E2B4D58334E6250413561325674454C674B4B636C35536C51654F5643437936352F744F426C4F31546A41532F3964702B4B683639595A72416A6B6C547872697343496E7A74646A686D3771535C725C6E6774714E616D684D4259323642677A7A44656B3D222C2263725365714E6F223A2238316338303935382D623463322D343731632D613066632D363737623134393636613631222C227375626D697455726C223A22687474703A2F2F3231382E342E3233342E3135303A38382F6D61696E2F6C6F616E2F746F6C6F616E7472616E7366657261756469742E616374696F6E227D',NULL,NULL,0,NULL,NULL,NULL),
	(81,X'687474703A2F2F3231382E342E3233342E3135303A38382F6D61696E2F6C6F616E2F746F6C6F616E7472616E7366657261756469742E616374696F6E',NULL,X'7B22417564697454797065223A2231222C224C6F616E4A736F6E4C697374223A224C4E3139363334353332303135303130393232303330333137313733222C224E6F7469667955524C223A22687474703A2F2F33362E33332E32342E3130393A383038312F2F7765626E6F746966792F41756469744E6F746966792E6A736F6E222C22506C6174666F726D4D6F6E65796D6F72656D6F7265223A2270333732222C2252657475726E55524C223A22687474703A2F2F33362E33332E32342E3130393A383038312F2F7765626E6F746966792F41756469744E6F746966792E6A736F6E222C225369676E496E666F223A22584954767756636B6D3972526B6A62737079755173415276576A4F446A2B554C6B3562444174463032645876784A496441663561436A4233752B5A646E4C3038382B414F6E796B454D4E51495C725C6E2B4D58334E6250413561325674454C674B4B636C35536C51654F5643437936352F744F426C4F31546A41532F3964702B4B683639595A72416A6B6C547872697343496E7A74646A686D3771535C725C6E6774714E616D684D4259323642677A7A44656B3D222C2263725365714E6F223A2232396432393865632D393263632D343066332D616163652D316163623634643461373263222C227375626D697455726C223A22687474703A2F2F3231382E342E3233342E3135303A38382F6D61696E2F6C6F616E2F746F6C6F616E7472616E7366657261756469742E616374696F6E227D',NULL,NULL,0,NULL,NULL,NULL),
	(82,X'687474703A2F2F3231382E342E3233342E3135303A38382F6D61696E2F6C6F616E2F746F6C6F616E7472616E7366657261756469742E616374696F6E',NULL,X'7B22417564697454797065223A2231222C224C6F616E4A736F6E4C697374223A224C4E3139363334353332303135303130393232303330333137313733222C224E6F7469667955524C223A22687474703A2F2F33362E33332E32342E3130393A383038312F2F7765626E6F746966792F41756469744E6F746966792E6A736F6E222C22506C6174666F726D4D6F6E65796D6F72656D6F7265223A2270333732222C2252657475726E55524C223A22687474703A2F2F33362E33332E32342E3130393A383038312F2F7765626E6F746966792F41756469744E6F746966792E6A736F6E222C225369676E496E666F223A2242536552584B64502B677832587331676C4233436952493149764F685365524546393968447441475975416F7A70664A39792B78433241544D304A787A4E743530343853686A6258447536655C725C6E6C6D4B4E64656D69506A754967323879762F7A4551746E515058556341582B4A7174494B48384F6E79776F6A6D577446524477665149352B4C4365657969495673614B53527164754B336F5A5C725C6E5A697057794948787158345178483959495A733D222C2263725365714E6F223A2261653932653236392D333162652D346161312D383366652D383634383730653165623439222C227375626D697455726C223A22687474703A2F2F3231382E342E3233342E3135303A38382F6D61696E2F6C6F616E2F746F6C6F616E7472616E7366657261756469742E616374696F6E227D',NULL,NULL,0,NULL,NULL,NULL),
	(83,X'687474703A2F2F3231382E342E3233342E3135303A38382F6D61696E2F6C6F616E2F746F6C6F616E7472616E7366657261756469742E616374696F6E',NULL,X'7B22417564697454797065223A2231222C224C6F616E4A736F6E4C697374223A224C4E3139363334353332303135303130393232303330333137313733222C224E6F7469667955524C223A22687474703A2F2F33362E33332E32342E3130393A383038312F2F7765626E6F746966792F41756469744E6F746966792E6A736F6E222C22506C6174666F726D4D6F6E65796D6F72656D6F7265223A2270333732222C2252657475726E55524C223A22687474703A2F2F33362E33332E32342E3130393A383038312F2F7765626E6F746966792F41756469744E6F746966792E6A736F6E222C225369676E496E666F223A2242536552584B64502B677832587331676C4233436952493149764F685365524546393968447441475975416F7A70664A39792B78433241544D304A787A4E743530343853686A6258447536655C725C6E6C6D4B4E64656D69506A754967323879762F7A4551746E515058556341582B4A7174494B48384F6E79776F6A6D577446524477665149352B4C4365657969495673614B53527164754B336F5A5C725C6E5A697057794948787158345178483959495A733D222C2263725365714E6F223A2236313230373135322D353066662D343638322D386463302D336130643838313564353839222C227375626D697455726C223A22687474703A2F2F3231382E342E3233342E3135303A38382F6D61696E2F6C6F616E2F746F6C6F616E7472616E7366657261756469742E616374696F6E227D',NULL,NULL,0,NULL,NULL,NULL),
	(84,X'687474703A2F2F3231382E342E3233342E3135303A38382F6D61696E2F6C6F616E2F746F6C6F616E7472616E7366657261756469742E616374696F6E',NULL,X'7B22417564697454797065223A2231222C224C6F616E4A736F6E4C697374223A224C4E3139363334353332303135303130393232303330333137313733222C224E6F7469667955524C223A22687474703A2F2F33362E33332E32342E3130393A383038312F2F7765626E6F746966792F41756469744E6F746966792E6A736F6E222C22506C6174666F726D4D6F6E65796D6F72656D6F7265223A2270333732222C2252657475726E55524C223A22687474703A2F2F33362E33332E32342E3130393A383038312F2F7765626E6F746966792F41756469744E6F746966792E6A736F6E222C225369676E496E666F223A22737A31666C33506B6A31396D4C64364F51323738486F305956327253625A4572552F586E79384248445A6D7949514C76366C692F67375764574A35584666487A584A445853684F59714B50695C725C6E766F49752F4969674835672F4E644C4B48674932735A39785474773365386B324151706F4C7272444354396842346D487141446345365456757378734654642B6C536C334E344937424E42745C725C6E38615670534A4A5A6137783967727965736F773D222C2263725365714E6F223A2266383636643434302D326335322D343936392D396165312D636433396132656636656262222C227375626D697455726C223A22687474703A2F2F3231382E342E3233342E3135303A38382F6D61696E2F6C6F616E2F746F6C6F616E7472616E7366657261756469742E616374696F6E227D',NULL,NULL,0,NULL,NULL,NULL),
	(85,X'687474703A2F2F3231382E342E3233342E3135303A38382F6D61696E2F6C6F616E2F746F6C6F616E7472616E7366657261756469742E616374696F6E',NULL,X'7B22417564697454797065223A2231222C224C6F616E4A736F6E4C697374223A224C4E3139353536363932303135303130393230303130333039333139222C224E6F7469667955524C223A22687474703A2F2F33362E33332E32342E3130393A383038312F2F7765626E6F746966792F41756469744E6F746966792E6A736F6E222C22506C6174666F726D4D6F6E65796D6F72656D6F7265223A2270333732222C2252657475726E55524C223A22687474703A2F2F33362E33332E32342E3130393A383038312F2F7765626E6F746966792F41756469744E6F746966792E6A736F6E222C225369676E496E666F223A2244576A5A4D666D7A724A6A5A742F516F4F44456650635845474C635A74632B54546871536B4C376B306B7074496E504F6D66572B6F6C52377253566C787374622B744B70387943782F5664355C725C6E6C4B54434B524C74525248304D456A576936354641704F2B33637070653856744E457767674C61464A6F634275514F687950584A355038436B67326C537651517553756434426A77613357615C725C6E395A43554A6C794F31522F677A52384B77476F3D222C2263725365714E6F223A2237393033613565312D363162312D343264342D623939612D616538346234393437643666222C2264617461537472223A224C4E31393535363639323031353031303932303031303330393331397033373231687474703A2F2F33362E33332E32342E3130393A383038312F2F7765626E6F746966792F41756469744E6F746966792E6A736F6E687474703A2F2F33362E33332E32342E3130393A383038312F2F7765626E6F746966792F41756469744E6F746966792E6A736F6E222C227375626D697455726C223A22687474703A2F2F3231382E342E3233342E3135303A38382F6D61696E2F6C6F616E2F746F6C6F616E7472616E7366657261756469742E616374696F6E227D',NULL,NULL,0,NULL,NULL,NULL),
	(86,X'687474703A2F2F3231382E342E3233342E3135303A38382F6D61696E2F6C6F616E2F746F6C6F616E7472616E7366657261756469742E616374696F6E',NULL,X'7B22417564697454797065223A2231222C224C6F616E4A736F6E4C697374223A224C4E3139353536363932303135303130393230303130333039333139222C224E6F7469667955524C223A22687474703A2F2F33362E33332E32342E3130393A383038312F2F7765626E6F746966792F41756469744E6F746966792E6A736F6E222C22506C6174666F726D4D6F6E65796D6F72656D6F7265223A2270333732222C2252657475726E55524C223A22687474703A2F2F33362E33332E32342E3130393A383038312F2F7765626E6F746966792F41756469744E6F746966792E6A736F6E222C225369676E496E666F223A2244576A5A4D666D7A724A6A5A742F516F4F44456650635845474C635A74632B54546871536B4C376B306B7074496E504F6D66572B6F6C52377253566C787374622B744B70387943782F5664355C725C6E6C4B54434B524C74525248304D456A576936354641704F2B33637070653856744E457767674C61464A6F634275514F687950584A355038436B67326C537651517553756434426A77613357615C725C6E395A43554A6C794F31522F677A52384B77476F3D222C2263725365714E6F223A2234616437666461332D613561332D343061362D393638662D393836653465323033303065222C2264617461537472223A224C4E31393535363639323031353031303932303031303330393331397033373231687474703A2F2F33362E33332E32342E3130393A383038312F2F7765626E6F746966792F41756469744E6F746966792E6A736F6E687474703A2F2F33362E33332E32342E3130393A383038312F2F7765626E6F746966792F41756469744E6F746966792E6A736F6E222C227375626D697455726C223A22687474703A2F2F3231382E342E3233342E3135303A38382F6D61696E2F6C6F616E2F746F6C6F616E7472616E7366657261756469742E616374696F6E227D',NULL,NULL,0,NULL,NULL,NULL),
	(87,X'687474703A2F2F3231382E342E3233342E3135303A38382F6D61696E2F6C6F616E2F746F6C6F616E7472616E7366657261756469742E616374696F6E',NULL,X'7B22417564697454797065223A2231222C224C6F616E4A736F6E4C697374223A224C4E3139353536363932303135303130393230303130333039333139222C224E6F7469667955524C223A22687474703A2F2F33362E33332E32342E3130393A383038312F2F7765626E6F746966792F41756469744E6F746966792E6A736F6E222C22506C6174666F726D4D6F6E65796D6F72656D6F7265223A2270333732222C2252657475726E55524C223A22687474703A2F2F33362E33332E32342E3130393A383038312F2F7765626E6F746966792F41756469744E6F746966792E6A736F6E222C225369676E496E666F223A2266636C556C2F636B3347376F325A567866623474726E6A74657658525A44363370316E6E6847747768647079596B6E6A53794E6E36487643376275574F4A787A6858692F6937646D346B34615C725C6E3254426739516A2B7954387158536D4A4C776D6B68617968502F494B50524B553943417738542F32552F4562386A3055503462584866537562332B625A69744859387861556462335265732F5C725C6E684D6164687A6D4C413244714931687259466F3D222C227375626D697455726C223A22687474703A2F2F3231382E342E3233342E3135303A38382F6D61696E2F6C6F616E2F746F6C6F616E7472616E7366657261756469742E616374696F6E227D',NULL,NULL,0,NULL,NULL,NULL),
	(88,X'687474703A2F2F3231382E342E3233342E3135303A38382F6D61696E2F6C6F616E2F746F6C6F616E7472616E7366657261756469742E616374696F6E',NULL,X'7B22417564697454797065223A2231222C224C6F616E4A736F6E4C697374223A224C4E3139353536363932303135303130393230303130333039333139222C224E6F7469667955524C223A22687474703A2F2F33362E33332E32342E3130393A383038312F2F7765626E6F746966792F41756469744E6F746966792E6A736F6E222C22506C6174666F726D4D6F6E65796D6F72656D6F7265223A2270333732222C2252657475726E55524C223A22687474703A2F2F33362E33332E32342E3130393A383038312F2F7765626E6F746966792F41756469744E6F746966792E6A736F6E222C225369676E496E666F223A2266636C556C2F636B3347376F325A567866623474726E6A74657658525A44363370316E6E6847747768647079596B6E6A53794E6E36487643376275574F4A787A6858692F6937646D346B34615C725C6E3254426739516A2B7954387158536D4A4C776D6B68617968502F494B50524B553943417738542F32552F4562386A3055503462584866537562332B625A69744859387861556462335265732F5C725C6E684D6164687A6D4C413244714931687259466F3D222C227375626D697455726C223A22687474703A2F2F3231382E342E3233342E3135303A38382F6D61696E2F6C6F616E2F746F6C6F616E7472616E7366657261756469742E616374696F6E227D',NULL,NULL,0,NULL,NULL,NULL),
	(89,X'687474703A2F2F3231382E342E3233342E3135303A38382F6D61696E2F6C6F616E2F746F6C6F616E7472616E7366657261756469742E616374696F6E',NULL,X'7B22417564697454797065223A2231222C224C6F616E4A736F6E4C697374223A224C4E3139353536363932303135303130393230303130333039333139222C224E6F7469667955524C223A22687474703A2F2F33362E33332E32342E3130393A383038312F2F7765626E6F746966792F41756469744E6F746966792E6A736F6E222C22506C6174666F726D4D6F6E65796D6F72656D6F7265223A2270333732222C2252657475726E55524C223A22687474703A2F2F33362E33332E32342E3130393A383038312F2F7765626E6F746966792F41756469744E6F746966792E6A736F6E222C225369676E496E666F223A2245745745374676545542307558647250796F4234486F50646A69586A665A784D697A31632F3976365845333031346741467A7261784953334B6D426A66654A4D5446376834464D56327162445C725C6E2F5548753348757172614C463658396F556F386E6246676D6E366E4D61335279666C5031705654414D78644B6F6432514A562F2B6651757037544E6C776B374C644D494E66766575682F39375C725C6E795A56416C46374F43446B76644E4E756C49553D222C227375626D697455726C223A22687474703A2F2F3231382E342E3233342E3135303A38382F6D61696E2F6C6F616E2F746F6C6F616E7472616E7366657261756469742E616374696F6E227D',NULL,NULL,0,NULL,NULL,NULL),
	(90,X'687474703A2F2F3231382E342E3233342E3135303A38382F6D61696E2F6C6F616E2F746F6C6F616E7472616E7366657261756469742E616374696F6E',NULL,X'7B22417564697454797065223A2231222C224C6F616E4A736F6E4C697374223A224C4E3139353536363932303135303130393230303130333039333139222C224E6F7469667955524C223A22687474703A2F2F33362E33332E32342E3130393A383038312F2F7765626E6F746966792F41756469744E6F746966792E6A736F6E222C22506C6174666F726D4D6F6E65796D6F72656D6F7265223A2270333732222C2252657475726E55524C223A22687474703A2F2F33362E33332E32342E3130393A383038312F2F7765626E6F746966792F41756469744E6F746966792E6A736F6E222C225369676E496E666F223A2245745745374676545542307558647250796F4234486F50646A69586A665A784D697A31632F3976365845333031346741467A7261784953334B6D426A66654A4D5446376834464D56327162445C725C6E2F5548753348757172614C463658396F556F386E6246676D6E366E4D61335279666C5031705654414D78644B6F6432514A562F2B6651757037544E6C776B374C644D494E66766575682F39375C725C6E795A56416C46374F43446B76644E4E756C49553D222C227375626D697455726C223A22687474703A2F2F3231382E342E3233342E3135303A38382F6D61696E2F6C6F616E2F746F6C6F616E7472616E7366657261756469742E616374696F6E227D',NULL,NULL,0,NULL,NULL,NULL),
	(91,X'687474703A2F2F3231382E342E3233342E3135303A38382F6D61696E2F6C6F616E2F746F6C6F616E7472616E7366657261756469742E616374696F6E',NULL,X'7B22417564697454797065223A2231222C224C6F616E4E6F4C697374223A224C4E3132333435222C224E6F7469667955524C223A22687474703A2F2F33362E33332E32342E3130393A383038312F2F7765626E6F746966792F41756469744E6F746966792E6A736F6E222C22506C6174666F726D4D6F6E65796D6F72656D6F7265223A2270333732222C2252657475726E55524C223A22687474703A2F2F33362E33332E32342E3130393A383038312F2F7765626E6F746966792F41756469744E6F746966792E6A736F6E222C225369676E496E666F223A22467462783650634B664B4443686D6F3752436A3664395241545A3073556B6557514563506A386437446F334C335152326A3731466B597A76337877326342646C2F73567733514B764B4B36375C725C6E2F447A3650364A496B37617151313859493648573159322F5A74366E5352545632334C34532B32426F663364466E7A56332F59764259707871787431756F755350356C46334545384E4677545C725C6E635036696171377068584D324F4B6F2B3253453D222C227375626D697455726C223A22687474703A2F2F3231382E342E3233342E3135303A38382F6D61696E2F6C6F616E2F746F6C6F616E7472616E7366657261756469742E616374696F6E227D',NULL,NULL,0,NULL,NULL,NULL),
	(92,X'687474703A2F2F3231382E342E3233342E3135303A38382F6D61696E2F6C6F616E2F746F6C6F616E7472616E7366657261756469742E616374696F6E',NULL,X'7B22417564697454797065223A2231222C224C6F616E4E6F4C697374223A224C4E3139363334353332303135303130393230313631333638373337222C224E6F7469667955524C223A22687474703A2F2F33362E33332E32342E3130393A383038312F2F7765626E6F746966792F41756469744E6F746966792E6A736F6E222C22506C6174666F726D4D6F6E65796D6F72656D6F7265223A2270333732222C2252657475726E55524C223A22687474703A2F2F33362E33332E32342E3130393A383038312F2F7765626E6F746966792F41756469744E6F746966792E6A736F6E222C225369676E496E666F223A22414B69366C577038337A48556E3176315271796B515538743971376B32784964766D4963536E6A6755352F677239337673796C3437443556644937706E757A69784334755151505351377A665C725C6E7A4F41795956474A4537704263396769343972574647723047396B4F6253776D782F744B7663327373646B30316F4D5331484C64376E616839384C43374B587266344C6244314A4C424A73685C725C6E4A3170777141555171494A5A6A435A364E30513D222C227375626D697455726C223A22687474703A2F2F3231382E342E3233342E3135303A38382F6D61696E2F6C6F616E2F746F6C6F616E7472616E7366657261756469742E616374696F6E227D',NULL,NULL,0,NULL,NULL,NULL),
	(93,X'687474703A2F2F3231382E342E3233342E3135303A38382F6D61696E2F6C6F616E2F746F6C6F616E7472616E7366657261756469742E616374696F6E',NULL,X'7B22417564697454797065223A2231222C224C6F616E4E6F4C697374223A224C4E3139353536363932303135303130393138353934333839303930222C224E6F7469667955524C223A22687474703A2F2F33362E33332E32342E3130393A383038312F2F7765626E6F746966792F41756469744E6F746966792E6A736F6E222C22506C6174666F726D4D6F6E65796D6F72656D6F7265223A2270333732222C2252657475726E55524C223A22687474703A2F2F33362E33332E32342E3130393A383038312F2F7765626E6F746966792F41756469744E6F746966792E6A736F6E222C225369676E496E666F223A227856453246787062306D43744853364D61794C687055707242693954535A2B414445425277343331302F586973453956505275485A713130686A352F6F77574C394A344849326E38536952525C725C6E6763446C6D734A61672B65626E427479525A542F7572644235754B2F50646C6C67555831324B584D63714F71774171362F4558334B7578687073794733495A4233614F2F56415A4878505A495C725C6E45327647557779755530334B63524E6D5748343D222C227375626D697455726C223A22687474703A2F2F3231382E342E3233342E3135303A38382F6D61696E2F6C6F616E2F746F6C6F616E7472616E7366657261756469742E616374696F6E227D',NULL,NULL,0,NULL,NULL,NULL),
	(94,X'687474703A2F2F3231382E342E3233342E3135303A38382F6D61696E2F6C6F616E2F746F6C6F616E7472616E7366657261756469742E616374696F6E',NULL,X'7B22417564697454797065223A2231222C224C6F616E4E6F4C697374223A224C4E3139353536363932303135303130393230313535373436383039222C224E6F7469667955524C223A22687474703A2F2F33362E33332E32342E3130393A383038312F2F7765626E6F746966792F41756469744E6F746966792E6A736F6E222C22506C6174666F726D4D6F6E65796D6F72656D6F7265223A2270333732222C2252657475726E55524C223A22687474703A2F2F33362E33332E32342E3130393A383038312F2F7765626E6F746966792F41756469744E6F746966792E6A736F6E222C225369676E496E666F223A224C7A5047715053745134626E44496E6462416A534A644F2F643745726633504837424D69786F4B556656622F74442F5433446F52333751474B6C4C6468717351354D6E424C5449692F326C4C5C725C6E777750682B716830395637746B346773304C6F524C41684E624C31386C6C2F6D2F32764D643479544E46546837794F6B494B3845557A717573384F6F68436B435A37345A726E547164774B5A5C725C6E50633655356459686C375766716F416E4C4B733D222C227375626D697455726C223A22687474703A2F2F3231382E342E3233342E3135303A38382F6D61696E2F6C6F616E2F746F6C6F616E7472616E7366657261756469742E616374696F6E227D',NULL,NULL,0,NULL,NULL,NULL),
	(95,X'687474703A2F2F3231382E342E3233342E3135303A38382F6D61696E2F6C6F616E2F746F6C6F616E7472616E7366657261756469742E616374696F6E',NULL,X'7B22417564697454797065223A2231222C224C6F616E4E6F4C697374223A224C4E3139353536363932303135303130393230313535373436383039222C224E6F7469667955524C223A22687474703A2F2F33362E33332E32342E3130393A383038312F2F7765626E6F746966792F41756469744E6F746966792E6A736F6E222C22506C6174666F726D4D6F6E65796D6F72656D6F7265223A2270333732222C2252657475726E55524C223A22687474703A2F2F33362E33332E32342E3130393A383038312F2F7765626E6F746966792F41756469744E6F746966792E6A736F6E222C225369676E496E666F223A224C7A5047715053745134626E44496E6462416A534A644F2F643745726633504837424D69786F4B556656622F74442F5433446F52333751474B6C4C6468717351354D6E424C5449692F326C4C5C725C6E777750682B716830395637746B346773304C6F524C41684E624C31386C6C2F6D2F32764D643479544E46546837794F6B494B3845557A717573384F6F68436B435A37345A726E547164774B5A5C725C6E50633655356459686C375766716F416E4C4B733D222C227375626D697455726C223A22687474703A2F2F3231382E342E3233342E3135303A38382F6D61696E2F6C6F616E2F746F6C6F616E7472616E7366657261756469742E616374696F6E227D',NULL,NULL,0,NULL,NULL,NULL),
	(96,X'687474703A2F2F3231382E342E3233342E3135303A38382F6D61696E2F6C6F616E2F746F6C6F616E7472616E7366657261756469742E616374696F6E',NULL,X'7B22417564697454797065223A2231222C224C6F616E4E6F4C697374223A224C4E3139353536363932303135303130393230313535373436383039222C224E6F7469667955524C223A22687474703A2F2F33362E33332E32342E3130393A383038312F2F7765626E6F746966792F41756469744E6F746966792E6A736F6E222C22506C6174666F726D4D6F6E65796D6F72656D6F7265223A2270333732222C2252657475726E55524C223A22687474703A2F2F33362E33332E32342E3130393A383038312F2F7765626E6F746966792F41756469744E6F746966792E6A736F6E222C225369676E496E666F223A224C7A5047715053745134626E44496E6462416A534A644F2F643745726633504837424D69786F4B556656622F74442F5433446F52333751474B6C4C6468717351354D6E424C5449692F326C4C5C725C6E777750682B716830395637746B346773304C6F524C41684E624C31386C6C2F6D2F32764D643479544E46546837794F6B494B3845557A717573384F6F68436B435A37345A726E547164774B5A5C725C6E50633655356459686C375766716F416E4C4B733D222C227375626D697455726C223A22687474703A2F2F3231382E342E3233342E3135303A38382F6D61696E2F6C6F616E2F746F6C6F616E7472616E7366657261756469742E616374696F6E227D',NULL,NULL,0,NULL,NULL,NULL),
	(97,X'6C6F63616C686F7374',X'474554',X'7B22627573696E6573734964223A31352C22627573696E65737354797065223A22494E564553544552222C226465616C44657461696C223A5B7B226465616C44657461696C54797065223A22494E56455354455F4D4F4E4559222C226D6F6E6579416D6F756E74223A313030302E302C227061794163636F756E744964223A223133313132333435363738222C22726563656976654163636F756E744964223A223133353132333435363738227D5D2C22696E6E65725365714E6F223A7B22756E697175654E6F223A2234336437393339352D353262612D343931392D623835362D383437396161616138646236227D2C226F70657261746F72223A317D',X'34336437393339352D353262612D343931392D623835362D383437396161616138646236',NULL,200,1000.00,2,'2015-01-29 17:11:24'),
	(98,X'6C6F63616C686F7374',X'474554',X'7B22627573696E6573734964223A31372C22627573696E65737354797065223A22494E564553544552222C226465616C44657461696C223A5B7B226465616C44657461696C54797065223A22494E56455354455F4D4F4E4559222C226D6F6E6579416D6F756E74223A313030302E302C227061794163636F756E744964223A223133313132333435363738222C22726563656976654163636F756E744964223A223133383132333435363738227D5D2C22696E6E65725365714E6F223A7B22756E697175654E6F223A2236383165636332322D333536352D343534322D623461652D653563366463656566336633227D2C226F70657261746F72223A317D',X'36383165636332322D333536352D343534322D623461652D653563366463656566336633',NULL,200,1000.00,2,'2015-01-29 20:48:56'),
	(99,X'6C6F63616C686F7374',X'474554',X'7B22627573696E6573734964223A31382C22627573696E65737354797065223A22494E564553544552222C226465616C44657461696C223A5B7B226465616C44657461696C54797065223A22494E56455354455F4D4F4E4559222C226D6F6E6579416D6F756E74223A313030302E302C227061794163636F756E744964223A223133323132333435363738222C22726563656976654163636F756E744964223A223133313132333435363738227D5D2C22696E6E65725365714E6F223A7B22756E697175654E6F223A2232323061303935612D316530392D343739612D616634302D356234393562373764643862227D2C226F70657261746F72223A327D',X'32323061303935612D316530392D343739612D616634302D356234393562373764643862',NULL,200,1000.00,2,'2015-01-29 20:52:09'),
	(101,X'6C6F63616C686F7374',X'474554',X'7B22627573696E6573734964223A31372C22627573696E65737354797065223A225452414E53464552222C226465616C44657461696C223A5B7B226465616C44657461696C54797065223A22415050524F5052494154455F4D4F4E4559222C226D6F6E6579416D6F756E74223A313030302E30302C227061794163636F756E744964223A223133313132333435363738222C22726563656976654163636F756E744964223A223133383132333435363738227D2C7B226465616C44657461696C54797065223A22504C415F464545222C226D6F6E6579416D6F756E74223A3231322C227061794163636F756E744964223A223133383132333435363738222C22726563656976654163636F756E744964223A223135323039383535383232227D2C7B226465616C44657461696C54797065223A22494E535552414E43455F464545222C226D6F6E6579416D6F756E74223A34332E30302C227061794163636F756E744964223A223133383132333435363738222C22726563656976654163636F756E744964223A223138343132333435363738227D5D2C22696E6E65725365714E6F223A7B22756E697175654E6F223A2262303266343539372D633639372D346564662D393933632D643362393966653966626263227D2C226F70657261746F72223A3131337D',X'62303266343539372D633639372D346564662D393933632D643362393966653966626263',NULL,200,1255.00,0,'2015-01-29 20:54:28'),
	(102,X'6C6F63616C686F7374',X'474554',X'7B22627573696E6573734964223A31382C22627573696E65737354797065223A225452414E53464552222C226465616C44657461696C223A5B7B226465616C44657461696C54797065223A22415050524F5052494154455F4D4F4E4559222C226D6F6E6579416D6F756E74223A313030302E30302C227061794163636F756E744964223A223133323132333435363738222C22726563656976654163636F756E744964223A223133313132333435363738227D2C7B226465616C44657461696C54797065223A22504C415F464545222C226D6F6E6579416D6F756E74223A31322C227061794163636F756E744964223A223133313132333435363738222C22726563656976654163636F756E744964223A223135323039383535383232227D2C7B226465616C44657461696C54797065223A22494E535552414E43455F464545222C226D6F6E6579416D6F756E74223A31322E30302C227061794163636F756E744964223A223133313132333435363738222C22726563656976654163636F756E744964223A223138343132333435363738227D5D2C22696E6E65725365714E6F223A7B22756E697175654E6F223A2265363162366334632D633237312D343735372D623164642D663461303463633838303636227D2C226F70657261746F72223A3131337D',X'65363162366334632D633237312D343735372D623164642D663461303463633838303636',NULL,200,1024.00,0,'2015-01-29 20:55:37'),
	(103,X'6C6F63616C686F7374',X'474554',X'7B22627573696E6573734964223A31372C22627573696E65737354797065223A22494E564553544552222C226465616C44657461696C223A5B7B226465616C44657461696C54797065223A22494E56455354455F4D4F4E4559222C226D6F6E6579416D6F756E74223A3430302E302C227061794163636F756E744964223A223133333132333435363738222C22726563656976654163636F756E744964223A223133313132333435363738227D5D2C22696E6E65725365714E6F223A7B22756E697175654E6F223A2238663333623237312D396163362D343962612D626131652D626433663934363534663564227D2C226F70657261746F72223A337D',X'38663333623237312D396163362D343962612D626131652D626433663934363534663564',NULL,200,400.00,2,'2015-01-29 21:07:55'),
	(104,X'6C6F63616C686F7374',X'474554',X'7B22627573696E6573734964223A32342C22627573696E65737354797065223A22494E564553544552222C226465616C44657461696C223A5B7B226465616C44657461696C54797065223A22494E56455354455F4D4F4E4559222C226D6F6E6579416D6F756E74223A313030302E302C227061794163636F756E744964223A223133313132333435363738222C22726563656976654163636F756E744964223A223133363132333435363738227D5D2C22696E6E65725365714E6F223A7B22756E697175654E6F223A2234393564373739302D353563312D343564342D623737392D633462316132343037336435227D2C226F70657261746F72223A317D',X'34393564373739302D353563312D343564342D623737392D633462316132343037336435',NULL,200,1000.00,2,'2015-01-30 14:02:54'),
	(105,X'6C6F63616C686F7374',X'474554',X'7B22627573696E6573734964223A32342C22627573696E65737354797065223A225452414E53464552222C226465616C44657461696C223A5B7B226465616C44657461696C54797065223A22415050524F5052494154455F4D4F4E4559222C226D6F6E6579416D6F756E74223A313030302E30302C227061794163636F756E744964223A223133313132333435363738222C22726563656976654163636F756E744964223A223133363132333435363738227D2C7B226465616C44657461696C54797065223A22504C415F464545222C226D6F6E6579416D6F756E74223A35342C227061794163636F756E744964223A223133363132333435363738222C22726563656976654163636F756E744964223A223135323039383535383232227D2C7B226465616C44657461696C54797065223A22494E535552414E43455F464545222C226D6F6E6579416D6F756E74223A33332E30302C227061794163636F756E744964223A223133363132333435363738222C22726563656976654163636F756E744964223A223138343132333435363738227D5D2C22696E6E65725365714E6F223A7B22756E697175654E6F223A2232386163386337652D363031382D343930342D393864612D623137643834323339303336227D2C226F70657261746F72223A3131337D',X'32386163386337652D363031382D343930342D393864612D623137643834323339303336',NULL,200,1087.00,0,'2015-01-30 14:03:28'),
	(106,X'6C6F63616C686F7374',X'474554',X'7B22627573696E6573734964223A32342C22627573696E65737354797065223A225055524348415345222C226465616C44657461696C223A5B7B226465616C44657461696C54797065223A2250555243484153455F4D4F4E4559222C226D6F6E6579416D6F756E74223A323232322E302C227061794163636F756E744964223A223133323132333435363738227D5D2C22696E6E65725365714E6F223A7B22756E697175654E6F223A2233376266366361662D356331652D346466352D613533642D663665363261646366373139227D2C226F70657261746F72223A327D',X'33376266366361662D356331652D346466352D613533642D663665363261646366373139',NULL,200,2222.00,2,'2015-01-30 14:03:54'),
	(107,X'6C6F63616C686F7374',X'474554',X'7B22627573696E6573734964223A32342C22627573696E65737354797065223A225452414E53464552222C226465616C44657461696C223A5B7B226465616C44657461696C54797065223A2250555243484153455F4D4F4E4559222C226D6F6E6579416D6F756E74223A302E30302C227061794163636F756E744964223A223133323132333435363738222C22726563656976654163636F756E744964223A223133313132333435363738227D2C7B226465616C44657461696C54797065223A2250555243484153455F464545222C226D6F6E6579416D6F756E74223A33322C227061794163636F756E744964223A223133323132333435363738222C22726563656976654163636F756E744964223A223135323039383535383232227D5D2C22696E6E65725365714E6F223A7B22756E697175654E6F223A2233653635313139312D663961382D343266632D386563612D623062346433666234356233227D2C226F70657261746F72223A3131337D',X'33653635313139312D663961382D343266632D386563612D623062346433666234356233',NULL,200,32.00,0,'2015-01-30 14:06:25'),
	(108,X'6C6F63616C686F7374',X'474554',X'7B22627573696E6573734964223A32342C22627573696E65737354797065223A225041594241434B222C226465616C44657461696C223A5B7B226465616C44657461696C54797065223A225041594241434B5F4341504954414C222C226D6F6E6579416D6F756E74223A3333302E30322C227061794163636F756E744964223A223135323039383535383232222C22726563656976654163636F756E744964223A223133313132333435363738227D2C7B226465616C44657461696C54797065223A225041594241434B5F494E544552455354222C226D6F6E6579416D6F756E74223A31302E30302C227061794163636F756E744964223A223135323039383535383232222C22726563656976654163636F756E744964223A223133313132333435363738227D2C7B226465616C44657461696C54797065223A225041594241434B5F4F5645524455455F46494E45222C226D6F6E6579416D6F756E74223A302E30302C227061794163636F756E744964223A223135323039383535383232222C22726563656976654163636F756E744964223A223133313132333435363738227D2C7B226465616C44657461696C54797065223A225041594241434B5F4341504954414C222C226D6F6E6579416D6F756E74223A3333302E30322C227061794163636F756E744964223A223135323039383535383232222C22726563656976654163636F756E744964223A223133323132333435363738227D2C7B226465616C44657461696C54797065223A225041594241434B5F494E544552455354222C226D6F6E6579416D6F756E74223A31302E30302C227061794163636F756E744964223A223135323039383535383232222C22726563656976654163636F756E744964223A223133323132333435363738227D2C7B226465616C44657461696C54797065223A225041594241434B5F4F5645524455455F46494E45222C226D6F6E6579416D6F756E74223A302E30302C227061794163636F756E744964223A223135323039383535383232222C22726563656976654163636F756E744964223A223133323132333435363738227D5D2C22696E6E65725365714E6F223A7B22756E697175654E6F223A2263653331613331342D386537352D343935632D386661392D623134623535323366303762227D2C226F70657261746F72223A3131327D',X'63653331613331342D386537352D343935632D386661392D623134623535323366303762',NULL,200,680.04,0,'2015-01-30 14:25:19'),
	(109,X'6C6F63616C686F7374',X'474554',X'7B22627573696E6573734964223A32332C22627573696E65737354797065223A22494E564553544552222C226465616C44657461696C223A5B7B226465616C44657461696C54797065223A22494E56455354455F4D4F4E4559222C226D6F6E6579416D6F756E74223A3130302E302C227061794163636F756E744964223A223133313132333435363738222C22726563656976654163636F756E744964223A223133323132333435363738227D5D2C22696E6E65725365714E6F223A7B22756E697175654E6F223A2239666539323066342D336338352D343761332D383836312D373564383734393062376433227D2C226F70657261746F72223A317D',X'39666539323066342D336338352D343761332D383836312D373564383734393062376433',NULL,200,100.00,2,'2015-01-30 21:01:54'),
	(110,X'6C6F63616C686F7374',X'474554',X'7B22627573696E6573734964223A32332C22627573696E65737354797065223A225452414E53464552222C226465616C44657461696C223A5B7B226465616C44657461696C54797065223A22415050524F5052494154455F4D4F4E4559222C226D6F6E6579416D6F756E74223A3130302E30302C227061794163636F756E744964223A223133313132333435363738222C22726563656976654163636F756E744964223A223133323132333435363738227D2C7B226465616C44657461696C54797065223A22504C415F464545222C226D6F6E6579416D6F756E74223A31312C227061794163636F756E744964223A223133323132333435363738222C22726563656976654163636F756E744964223A223135323039383535383232227D5D2C22696E6E65725365714E6F223A7B22756E697175654E6F223A2235316138643731372D623636652D343566652D393266302D333439303137343437346662227D2C226F70657261746F72223A3131337D',X'35316138643731372D623636652D343566652D393266302D333439303137343437346662',NULL,200,111.00,0,'2015-01-30 21:02:37'),
	(111,X'6C6F63616C686F7374',X'474554',X'7B22627573696E6573734964223A32332C22627573696E65737354797065223A22494E564553544552222C226465616C44657461696C223A5B7B226465616C44657461696C54797065223A22494E56455354455F4D4F4E4559222C226D6F6E6579416D6F756E74223A39302E302C227061794163636F756E744964223A223133333132333435363738222C22726563656976654163636F756E744964223A223133313132333435363738227D5D2C22696E6E65725365714E6F223A7B22756E697175654E6F223A2238393266396535642D316261322D346136342D613239642D643332613162343933643934227D2C226F70657261746F72223A337D',X'38393266396535642D316261322D346136342D613239642D643332613162343933643934',NULL,200,90.00,2,'2015-01-30 21:04:18'),
	(112,X'6C6F63616C686F7374',X'474554',X'7B22627573696E6573734964223A32392C22627573696E65737354797065223A22494E564553544552222C226465616C44657461696C223A5B7B226465616C44657461696C54797065223A22494E56455354455F4D4F4E4559222C226D6F6E6579416D6F756E74223A323030302E302C227061794163636F756E744964223A223133363132333435363738222C22726563656976654163636F756E744964223A223133353132333435363738227D5D2C22696E6E65725365714E6F223A7B22756E697175654E6F223A2233386262656430342D643636372D346264372D383032652D333737326436366563653131227D2C226F70657261746F72223A367D',X'33386262656430342D643636372D346264372D383032652D333737326436366563653131',NULL,200,2000.00,2,'2015-01-31 16:43:59'),
	(113,X'6C6F63616C686F7374',X'474554',X'7B22627573696E6573734964223A32392C22627573696E65737354797065223A225452414E53464552222C226465616C44657461696C223A5B7B226465616C44657461696C54797065223A22415050524F5052494154455F4D4F4E4559222C226D6F6E6579416D6F756E74223A323030302E30302C227061794163636F756E744964223A223133363132333435363738222C22726563656976654163636F756E744964223A223133353132333435363738227D2C7B226465616C44657461696C54797065223A22504C415F464545222C226D6F6E6579416D6F756E74223A31312C227061794163636F756E744964223A223133353132333435363738222C22726563656976654163636F756E744964223A223135323039383535383232227D2C7B226465616C44657461696C54797065223A22494E535552414E43455F464545222C226D6F6E6579416D6F756E74223A35352E30302C227061794163636F756E744964223A223133353132333435363738222C22726563656976654163636F756E744964223A223138343132333435363738227D5D2C22696E6E65725365714E6F223A7B22756E697175654E6F223A2237383736343062372D373137372D343530332D613564382D636565383165633934346337227D2C226F70657261746F72223A3131337D',X'37383736343062372D373137372D343530332D613564382D636565383165633934346337',NULL,200,2066.00,0,'2015-01-31 17:33:39'),
	(114,X'6C6F63616C686F7374',X'474554',X'7B22627573696E6573734964223A32392C22627573696E65737354797065223A22494E564553544552222C226465616C44657461696C223A5B7B226465616C44657461696C54797065223A22494E56455354455F4D4F4E4559222C226D6F6E6579416D6F756E74223A313030302E302C227061794163636F756E744964223A223133343132333435363738222C22726563656976654163636F756E744964223A223133363132333435363738227D5D2C22696E6E65725365714E6F223A7B22756E697175654E6F223A2231393432636331662D646130372D343466302D393635312D633566646334393066306165227D2C226F70657261746F72223A347D',X'31393432636331662D646130372D343466302D393635312D633566646334393066306165',NULL,200,1000.00,2,'2015-01-31 17:35:56'),
	(115,X'6C6F63616C686F7374',X'474554',X'7B22627573696E6573734964223A33302C22627573696E65737354797065223A22494E564553544552222C226465616C44657461696C223A5B7B226465616C44657461696C54797065223A22494E56455354455F4D4F4E4559222C226D6F6E6579416D6F756E74223A313030302E302C227061794163636F756E744964223A223133313132333435363738222C22726563656976654163636F756E744964223A223133323132333435363738227D5D2C22696E6E65725365714E6F223A7B22756E697175654E6F223A2236353866313036322D653665612D343364392D613461382D636431373235333365613535227D2C226F70657261746F72223A317D',X'36353866313036322D653665612D343364392D613461382D636431373235333365613535',NULL,200,1000.00,2,'2015-02-07 18:07:49'),
	(116,X'6C6F63616C686F7374',X'474554',X'7B22627573696E6573734964223A33302C22627573696E65737354797065223A22494E564553544552222C226465616C44657461696C223A5B7B226465616C44657461696C54797065223A22494E56455354455F4D4F4E4559222C226D6F6E6579416D6F756E74223A3233342E302C227061794163636F756E744964223A223133333132333435363738222C22726563656976654163636F756E744964223A223133323132333435363738227D5D2C22696E6E65725365714E6F223A7B22756E697175654E6F223A2266623661656665392D313437372D346666652D613234312D313534376331646231643538227D2C226F70657261746F72223A337D',X'66623661656665392D313437372D346666652D613234312D313534376331646231643538',NULL,200,234.00,2,'2015-02-07 18:07:55'),
	(117,X'6C6F63616C686F7374',X'474554',X'7B22627573696E6573734964223A33302C22627573696E65737354797065223A225452414E53464552222C226465616C44657461696C223A5B7B226465616C44657461696C54797065223A22415050524F5052494154455F4D4F4E4559222C226D6F6E6579416D6F756E74223A313030302E30302C227061794163636F756E744964223A223133313132333435363738222C22726563656976654163636F756E744964223A223133323132333435363738227D2C7B226465616C44657461696C54797065223A22415050524F5052494154455F4D4F4E4559222C226D6F6E6579416D6F756E74223A3233342E30302C227061794163636F756E744964223A223133333132333435363738222C22726563656976654163636F756E744964223A223133323132333435363738227D2C7B226465616C44657461696C54797065223A22504C415F464545222C226D6F6E6579416D6F756E74223A3231322C227061794163636F756E744964223A223133323132333435363738222C22726563656976654163636F756E744964223A223135323039383535383232227D5D2C22696E6E65725365714E6F223A7B22756E697175654E6F223A2230396639346464362D383233322D346261352D616337612D383438343466646662653037227D2C226F70657261746F72223A3131337D',X'30396639346464362D383233322D346261352D616337612D383438343466646662653037',NULL,200,1446.00,0,'2015-02-07 18:09:01'),
	(118,X'6C6F63616C686F7374',X'474554',X'7B22627573696E6573734964223A33302C22627573696E65737354797065223A225041594241434B222C226465616C44657461696C223A5B7B226465616C44657461696C54797065223A225041594241434B5F4341504954414C222C226D6F6E6579416D6F756E74223A3333302E30322C227061794163636F756E744964223A223135323039383535383232222C22726563656976654163636F756E744964223A223133313132333435363738227D2C7B226465616C44657461696C54797065223A225041594241434B5F494E544552455354222C226D6F6E6579416D6F756E74223A31302E30302C227061794163636F756E744964223A223135323039383535383232222C22726563656976654163636F756E744964223A223133313132333435363738227D2C7B226465616C44657461696C54797065223A225041594241434B5F4F5645524455455F46494E45222C226D6F6E6579416D6F756E74223A302E30302C227061794163636F756E744964223A223135323039383535383232222C22726563656976654163636F756E744964223A223133313132333435363738227D2C7B226465616C44657461696C54797065223A225041594241434B5F4341504954414C222C226D6F6E6579416D6F756E74223A37372E32332C227061794163636F756E744964223A223135323039383535383232222C22726563656976654163636F756E744964223A223133333132333435363738227D2C7B226465616C44657461696C54797065223A225041594241434B5F494E544552455354222C226D6F6E6579416D6F756E74223A322E33342C227061794163636F756E744964223A223135323039383535383232222C22726563656976654163636F756E744964223A223133333132333435363738227D2C7B226465616C44657461696C54797065223A225041594241434B5F4F5645524455455F46494E45222C226D6F6E6579416D6F756E74223A302E30302C227061794163636F756E744964223A223135323039383535383232222C22726563656976654163636F756E744964223A223133333132333435363738227D5D2C22696E6E65725365714E6F223A7B22756E697175654E6F223A2262343839353434662D353462302D343266332D383065362D396438313431366433636265227D2C226F70657261746F72223A3131327D',X'62343839353434662D353462302D343266332D383065362D396438313431366433636265',NULL,200,419.59,0,'2015-02-07 18:18:09'),
	(119,X'6C6F63616C686F7374',X'474554',X'7B22627573696E6573734964223A38352C22627573696E65737354797065223A22494E564553544552222C226465616C44657461696C223A5B7B226465616C44657461696C54797065223A22494E56455354455F4D4F4E4559222C226D6F6E6579416D6F756E74223A3838382C227061794163636F756E744964223A223133313132333435363738222C22726563656976654163636F756E744964223A223133333132333435363738227D5D2C22696E6E65725365714E6F223A7B22756E697175654E6F223A2261346363386564632D396537652D346434632D613132302D383762333562386535653733227D2C226F70657261746F72223A317D',X'61346363386564632D396537652D346434632D613132302D383762333562386535653733',NULL,0,888.00,2,'2015-02-09 15:09:57'),
	(120,X'6C6F63616C686F7374',X'474554',X'7B22627573696E6573734964223A38352C22627573696E65737354797065223A22494E564553544552222C226465616C44657461696C223A5B7B226465616C44657461696C54797065223A22494E56455354455F4D4F4E4559222C226D6F6E6579416D6F756E74223A3230302C227061794163636F756E744964223A223138373035363936383832222C22726563656976654163636F756E744964223A223133333132333435363738227D5D2C22696E6E65725365714E6F223A7B22756E697175654E6F223A2261616633393431642D393631652D343463312D613537302D656666316661633638633631227D2C226F70657261746F72223A31327D',X'61616633393431642D393631652D343463312D613537302D656666316661633638633631',NULL,0,200.00,2,'2015-02-09 15:15:53'),
	(121,X'6C6F63616C686F7374',X'474554',X'7B22627573696E6573734964223A312C22627573696E65737354797065223A22494E564553544552222C226465616C44657461696C223A5B7B226465616C44657461696C54797065223A22494E56455354455F4D4F4E4559222C226D6F6E6579416D6F756E74223A322C227061794163636F756E744964223A223133323630373134393638227D5D2C22696E6E65725365714E6F223A7B22756E697175654E6F223A2235366163626137352D646261662D343235362D613334302D323863613737336466326634227D2C226F70657261746F72223A317D',X'35366163626137352D646261662D343235362D613334302D323863613737336466326634',NULL,0,2.00,2,'2015-02-09 15:27:19');

/*!40000 ALTER TABLE `abc_cash_record` ENABLE KEYS */;
UNLOCK TABLES;


# Dump of table abc_charge_record
# ------------------------------------------------------------

DROP TABLE IF EXISTS `abc_charge_record`;

CREATE TABLE `abc_charge_record` (
  `cr_id` int(11) NOT NULL AUTO_INCREMENT COMMENT '主键id',
  `cr_loan_id` int(11) DEFAULT NULL COMMENT '贷款id',
  `cr_loan_type` tinyint(4) DEFAULT NULL COMMENT '贷款类型',
  `cr_fee` decimal(18,2) DEFAULT NULL COMMENT '收取费用',
  `cr_fee_type` tinyint(4) DEFAULT NULL COMMENT '收费类型：1：平台放款手续费 2：平台服务费 3：担保服务费 4：转让手续费 5：收购手续费',
  `cr_fee_date` datetime DEFAULT NULL COMMENT '收费日期',
  `cr_seq_no` varchar(64) COLLATE utf8_bin DEFAULT NULL COMMENT '交易流水号',
  PRIMARY KEY (`cr_id`)
) ENGINE=InnoDB DEFAULT CHARSET=utf8 COLLATE=utf8_bin COMMENT='收费记录表';

LOCK TABLES `abc_charge_record` WRITE;
/*!40000 ALTER TABLE `abc_charge_record` DISABLE KEYS */;

INSERT INTO `abc_charge_record` (`cr_id`, `cr_loan_id`, `cr_loan_type`, `cr_fee`, `cr_fee_type`, `cr_fee_date`, `cr_seq_no`)
VALUES
	(23,1,NULL,11.00,1,'2015-01-23 16:36:15',X'32306461393266652D313539362D343131312D626165642D613061666630316666656330'),
	(24,1,NULL,666.00,3,'2015-01-23 16:36:15',X'32306461393266652D313539362D343131312D626165642D613061666630316666656330'),
	(25,3,NULL,1.00,1,'2015-01-24 18:38:30',X'34383831653331652D633662352D343537632D623134342D666234376663303866366236'),
	(26,3,NULL,55.00,3,'2015-01-24 18:38:30',X'34383831653331652D633662352D343537632D623134342D666234376663303866366236'),
	(27,5,NULL,11.00,1,'2015-01-26 09:50:23',X'34363962623964362D666331342D343037302D616632342D663037323062643532336161'),
	(28,5,NULL,55.00,3,'2015-01-26 09:50:23',X'34363962623964362D666331342D343037302D616632342D663037323062643532336161'),
	(29,5,NULL,900.00,1,'2015-01-26 09:57:49',X'64353139313338382D326366342D343464632D616434332D306535653766383864633338'),
	(30,5,NULL,555.00,4,'2015-01-26 09:57:49',X'64353139313338382D326366342D343464632D616434332D306535653766383864633338'),
	(31,6,NULL,11.00,1,'2015-01-26 11:21:54',X'39326165326139382D666333372D343361302D626333332D333337653936306638316363'),
	(32,6,NULL,55.00,3,'2015-01-26 11:21:54',X'39326165326139382D666333372D343361302D626333332D333337653936306638316363'),
	(33,6,NULL,700.00,1,'2015-01-26 11:38:36',X'38623832333263312D373166342D343164612D386334312D366331313739633239303439'),
	(34,6,NULL,555.00,4,'2015-01-26 11:38:36',X'38623832333263312D373166342D343164612D386334312D366331313739633239303439'),
	(35,8,NULL,11.00,1,'2015-01-26 13:17:13',X'34353935623065622D373134652D343161652D623936622D636531623233313636373532'),
	(36,8,NULL,55.00,3,'2015-01-26 13:17:13',X'34353935623065622D373134652D343161652D623936622D636531623233313636373532'),
	(37,8,NULL,500.00,1,'2015-01-26 13:20:09',X'38336265643132632D363963372D343164662D613436352D643537626566616363393639'),
	(38,8,NULL,555.00,4,'2015-01-26 13:20:09',X'38336265643132632D363963372D343164662D613436352D643537626566616363393639'),
	(39,11,NULL,11.00,1,'2015-01-28 15:57:21',X'65346363356261392D343963352D343838312D386364662D666435666638663836653463'),
	(40,17,NULL,212.00,1,'2015-01-29 20:54:03',X'62303266343539372D633639372D346564662D393933632D643362393966653966626263'),
	(41,17,NULL,43.00,3,'2015-01-29 20:54:03',X'62303266343539372D633639372D346564662D393933632D643362393966653966626263'),
	(42,18,NULL,12.00,1,'2015-01-29 20:55:13',X'65363162366334632D633237312D343735372D623164642D663461303463633838303636'),
	(43,18,NULL,12.00,3,'2015-01-29 20:55:13',X'65363162366334632D633237312D343735372D623164642D663461303463633838303636'),
	(44,24,NULL,54.00,1,'2015-01-30 14:03:04',X'32386163386337652D363031382D343930342D393864612D623137643834323339303336'),
	(45,24,NULL,33.00,3,'2015-01-30 14:03:04',X'32386163386337652D363031382D343930342D393864612D623137643834323339303336'),
	(46,24,NULL,32.00,5,'2015-01-30 14:06:00',X'33653635313139312D663961382D343266632D386563612D623062346433666234356233'),
	(47,23,NULL,11.00,1,'2015-01-30 21:02:13',X'35316138643731372D623636652D343566652D393266302D333439303137343437346662'),
	(48,29,NULL,11.00,1,'2015-01-31 17:32:27',X'37383736343062372D373137372D343530332D613564382D636565383165633934346337'),
	(49,29,NULL,55.00,3,'2015-01-31 17:32:27',X'37383736343062372D373137372D343530332D613564382D636565383165633934346337'),
	(50,30,NULL,212.00,1,'2015-02-07 18:08:44',X'30396639346464362D383233322D346261352D616337612D383438343466646662653037');

/*!40000 ALTER TABLE `abc_charge_record` ENABLE KEYS */;
UNLOCK TABLES;


# Dump of table abc_company_customer
# ------------------------------------------------------------

DROP TABLE IF EXISTS `abc_company_customer`;

CREATE TABLE `abc_company_customer` (
  `cc_id` int(11) NOT NULL AUTO_INCREMENT,
  `cc_userid` int(11) DEFAULT NULL COMMENT '用户ID',
  `cc_company_name` varchar(64) COLLATE utf8_bin DEFAULT NULL COMMENT '公司名称',
  `cc_no` varchar(64) COLLATE utf8_bin DEFAULT NULL COMMENT '组织机构代码',
  `cc_company_type` tinyint(1) DEFAULT NULL COMMENT '企业性质	1：政府机关 2：国有企业 3：台（港、澳）资企业 4：合资企业 5：个体户 6：事业性单位 7：私营企业',
  `cc_company_scale` tinyint(1) DEFAULT NULL COMMENT '企业规模	1: 50人之内 2: 50~500人 3: 500人以上',
  `cc_total_capital` decimal(18,2) DEFAULT NULL COMMENT '资产总额',
  `cc_register_capital` decimal(18,2) DEFAULT NULL COMMENT '注册资金',
  `cc_register_date` datetime DEFAULT NULL COMMENT '注册日期',
  `cc_register_address` varchar(512) COLLATE utf8_bin DEFAULT NULL COMMENT '注册地址',
  `cc_contact_name` varchar(20) COLLATE utf8_bin DEFAULT NULL COMMENT '联系人姓名',
  `cc_contact_phone` varchar(20) COLLATE utf8_bin DEFAULT NULL COMMENT '联系电话',
  `cc_contact_address` varchar(512) COLLATE utf8_bin DEFAULT NULL COMMENT '联系地址',
  `cc_corporate` varchar(20) COLLATE utf8_bin DEFAULT NULL COMMENT '法定代表人',
  `cc_doc_type` varchar(64) COLLATE utf8_bin DEFAULT NULL COMMENT '证件类型',
  `cc_doc_no` varchar(64) COLLATE utf8_bin DEFAULT NULL COMMENT '证件号码',
  `cc_company_profile` text COLLATE utf8_bin COMMENT '公司简介',
  `cc_company_achievement` text COLLATE utf8_bin COMMENT '公司成就',
  `cc_company_address` varchar(512) COLLATE utf8_bin DEFAULT NULL COMMENT '公司地址',
  `cc_business_license` varchar(512) COLLATE utf8_bin DEFAULT NULL COMMENT '营业执照',
  `cc_license_no` varchar(32) COLLATE utf8_bin DEFAULT NULL COMMENT '营业执照号码',
  PRIMARY KEY (`cc_id`)
) ENGINE=InnoDB DEFAULT CHARSET=utf8 COLLATE=utf8_bin ROW_FORMAT=COMPACT COMMENT='公司客户基本信息表';



# Dump of table abc_company_customer_file
# ------------------------------------------------------------

DROP TABLE IF EXISTS `abc_company_customer_file`;

CREATE TABLE `abc_company_customer_file` (
  `ccf_id` int(11) NOT NULL AUTO_INCREMENT,
  `ccf_company_customer_id` int(11) DEFAULT NULL COMMENT '客户ID',
  `ccf_file_name` varchar(128) COLLATE utf8_bin DEFAULT NULL COMMENT '附件名称',
  `ccf_file_url` varchar(128) COLLATE utf8_bin DEFAULT NULL COMMENT '附近路径',
  PRIMARY KEY (`ccf_id`)
) ENGINE=InnoDB DEFAULT CHARSET=utf8 COLLATE=utf8_bin ROW_FORMAT=COMPACT COMMENT='公司客户附件信息表';



# Dump of table abc_credit_apply
# ------------------------------------------------------------

DROP TABLE IF EXISTS `abc_credit_apply`;

CREATE TABLE `abc_credit_apply` (
  `credit_apply_id` int(11) NOT NULL AUTO_INCREMENT,
  `credit_user_id` int(11) DEFAULT NULL COMMENT '申请人',
  `credit_type` tinyint(1) DEFAULT NULL COMMENT '申请额度类型  1：借款信用额度 2：投资担保额度 3：借款担保额度',
  `credit_old_amount` decimal(18,2) DEFAULT NULL COMMENT '原来的信用额度',
  `credit_apply_amount` decimal(18,2) DEFAULT NULL COMMENT '申请额度',
  `credit_review_amount` decimal(18,2) DEFAULT NULL COMMENT '审核额度',
  `credit_apply_date` datetime DEFAULT NULL COMMENT '申请日期',
  `credit_review_state` tinyint(1) DEFAULT NULL COMMENT '审核状态	0：待审核 1：审核已通过 2：审核未通过',
  `credit_apply_note` varchar(512) COLLATE utf8_bin DEFAULT NULL COMMENT '详细说明',
  `credit_last_modify_time` datetime DEFAULT NULL,
  PRIMARY KEY (`credit_apply_id`)
) ENGINE=InnoDB DEFAULT CHARSET=utf8 COLLATE=utf8_bin ROW_FORMAT=COMPACT COMMENT='信用额度申请表';



# Dump of table abc_deal_record
# ------------------------------------------------------------

DROP TABLE IF EXISTS `abc_deal_record`;

CREATE TABLE `abc_deal_record` (
  `dr_id` int(11) NOT NULL AUTO_INCREMENT COMMENT '主键id',
  `dr_out_seq_no` varchar(64) COLLATE utf8_bin DEFAULT NULL COMMENT '资金调用流水号，通过其可以确定一个唯一的资金调用,暂时未使用。在第三方支付接口不支持批量操作时使用。',
  `dr_inner_seq_no` varchar(64) COLLATE utf8_bin DEFAULT NULL COMMENT '内部交易流水号，一个交易流水号对应多个资金调用流水号',
  `dr_pay_account` varchar(18) COLLATE utf8_bin DEFAULT NULL COMMENT '付款人账户id account_info表',
  `dr_receive_account` varchar(18) COLLATE utf8_bin DEFAULT NULL COMMENT '收款人账户id account_info',
  `dr_money_amount` decimal(18,2) DEFAULT NULL COMMENT '交易金钱数',
  `dr_detail_type` int(2) DEFAULT NULL COMMENT '交易细则类型，如果没有则为交易类型(平台手续费、平台服务费、担保费、本金、利息等)',
  `dr_type` int(2) DEFAULT NULL COMMENT '交易类型(0投资，1还款，2收费，3资金划转，4退费)',
  `dr_business_id` int(11) DEFAULT NULL COMMENT '交易类型对应的交易的业务类型，做外键使用',
  `dr_cash_id` int(11) DEFAULT NULL COMMENT '资金操作记录表id',
  `dr_state` int(1) DEFAULT NULL COMMENT '交易状态,0 等待响应，1 成功 2 失败',
  `dr_operate_date` datetime DEFAULT NULL COMMENT '交易创建日期',
  `dr_operator` int(11) DEFAULT NULL COMMENT '交易操作人',
  PRIMARY KEY (`dr_id`),
  KEY `seqNoIndex` (`dr_inner_seq_no`)
) ENGINE=InnoDB DEFAULT CHARSET=utf8 COLLATE=utf8_bin COMMENT='交易记录表';

LOCK TABLES `abc_deal_record` WRITE;
/*!40000 ALTER TABLE `abc_deal_record` DISABLE KEYS */;

INSERT INTO `abc_deal_record` (`dr_id`, `dr_out_seq_no`, `dr_inner_seq_no`, `dr_pay_account`, `dr_receive_account`, `dr_money_amount`, `dr_detail_type`, `dr_type`, `dr_business_id`, `dr_cash_id`, `dr_state`, `dr_operate_date`, `dr_operator`)
VALUES
	(1,NULL,X'62306230316633372D313462332D343235362D623934382D623437626132333265396432',X'3133323132333435363738',X'3133313132333435363738',50000.00,0,0,1,1,1,'2015-01-23 14:13:12',2),
	(86,X'3132333435363737',X'32306461393266652D313539362D343131312D626165642D613061666630316666656330',X'3133323132333435363738',X'3133313132333435363738',50000.00,9,2,1,30,1,'2015-01-23 16:36:11',113),
	(87,X'3132333435363737',X'32306461393266652D313539362D343131312D626165642D613061666630316666656330',X'3133313132333435363738',X'3135323039383535383232',11.00,11,2,1,30,1,'2015-01-23 16:36:11',113),
	(88,X'3132333435363737',X'32306461393266652D313539362D343131312D626165642D613061666630316666656330',X'3133313132333435363738',X'3133313132333435363738',666.00,10,2,1,30,1,'2015-01-23 16:36:11',113),
	(89,NULL,X'31666666656237372D313035362D343138622D626661642D646265356134386634356163',X'3133333132333435363738',X'3133353132333435363738',1000.00,0,0,3,31,1,'2015-01-24 16:00:08',3),
	(90,NULL,X'38363162666665312D373463652D343066632D396262642D613461383334356332346533',X'3133313132333435363738',X'3133353132333435363738',200.00,0,0,3,32,1,'2015-01-24 16:00:21',1),
	(91,NULL,X'33393330356133642D623366352D343566352D396635612D653963343966333235633166',X'3133353132333435363738',X'3133323132333435363738',5000.00,0,0,4,33,1,'2015-01-24 17:18:13',5),
	(92,NULL,X'65346537383432312D663737372D346136382D396564322D333361383934316239346435',X'3133343132333435363738',X'3133323132333435363738',5000.00,0,0,4,34,1,'2015-01-24 17:18:39',4),
	(93,NULL,X'34383831653331652D633662352D343537632D623134342D666234376663303866366236',X'3133333132333435363738',X'3133353132333435363738',1000.00,9,2,3,35,1,'2015-01-24 18:38:30',113),
	(94,NULL,X'34383831653331652D633662352D343537632D623134342D666234376663303866366236',X'3133313132333435363738',X'3133353132333435363738',200.00,9,2,3,35,1,'2015-01-24 18:38:30',113),
	(95,NULL,X'34383831653331652D633662352D343537632D623134342D666234376663303866366236',X'3133353132333435363738',X'3135323039383535383232',1.00,11,2,3,35,1,'2015-01-24 18:38:30',113),
	(96,NULL,X'34383831653331652D633662352D343537632D623134342D666234376663303866366236',X'3133353132333435363738',X'3138343132333435363738',55.00,10,2,3,35,1,'2015-01-24 18:38:30',113),
	(97,NULL,X'38616466336365312D376238622D343731642D396166312D653536313565643266396265',X'3133313132333435363738',X'3133333132333435363738',800.00,0,0,3,36,1,'2015-01-24 22:25:26',1),
	(98,NULL,X'35613138663264342D306130332D343737662D616266352D383866326232346531386230',X'3133323132333435363738',X'3133343132333435363738',1000.00,0,0,5,37,1,'2015-01-26 09:49:33',2),
	(99,NULL,X'34363962623964362D666331342D343037302D616632342D663037323062643532336161',X'3133323132333435363738',X'3133343132333435363738',1000.00,9,2,5,38,1,'2015-01-26 09:50:23',113),
	(100,NULL,X'34363962623964362D666331342D343037302D616632342D663037323062643532336161',X'3133343132333435363738',X'3135323039383535383232',11.00,11,2,5,38,1,'2015-01-26 09:50:23',113),
	(101,NULL,X'34363962623964362D666331342D343037302D616632342D663037323062643532336161',X'3133343132333435363738',X'3138343132333435363738',55.00,10,2,5,38,1,'2015-01-26 09:50:23',113),
	(102,NULL,X'30656164626163312D333465332D343835662D626133302D656366363230666435393762',X'3133333132333435363738',X'3133323132333435363738',900.00,0,0,5,39,1,'2015-01-26 09:52:41',3),
	(103,NULL,X'64353139313338382D326366342D343464632D616434332D306535653766383864633338',X'3133333132333435363738',X'3133323132333435363738',900.00,11,2,5,40,1,'2015-01-26 09:57:49',113),
	(104,NULL,X'64353139313338382D326366342D343464632D616434332D306535653766383864633338',X'3133323132333435363738',X'3135323039383535383232',555.00,12,2,5,40,1,'2015-01-26 09:57:49',113),
	(105,NULL,X'65646232346666642D623337312D346338302D393139382D323835333638333233306236',X'3133363132333435363738',NULL,1500.00,13,7,5,41,1,'2015-01-26 10:04:10',6),
	(106,NULL,X'66353365653163632D373530612D346564652D623336342D343564383533393466303661',X'3133373132333435363738',NULL,2000.00,13,7,5,42,1,'2015-01-26 10:18:50',7),
	(107,NULL,X'31663330383532392D363339372D343331342D386631342D626166663865633831383930',X'3133323132333435363738',X'3133353132333435363738',1000.00,0,0,6,43,1,'2015-01-26 11:20:37',2),
	(108,NULL,X'39326165326139382D666333372D343361302D626333332D333337653936306638316363',X'3133323132333435363738',X'3133353132333435363738',1000.00,9,2,6,44,1,'2015-01-26 11:21:54',113),
	(109,NULL,X'39326165326139382D666333372D343361302D626333332D333337653936306638316363',X'3133353132333435363738',X'3135323039383535383232',11.00,11,2,6,44,1,'2015-01-26 11:21:54',113),
	(110,NULL,X'39326165326139382D666333372D343361302D626333332D333337653936306638316363',X'3133353132333435363738',X'3138343132333435363738',55.00,10,2,6,44,1,'2015-01-26 11:21:54',113),
	(111,NULL,X'65306239373762322D356338362D343463642D626463622D343861303831633931366438',X'3133313132333435363738',NULL,1200.00,13,7,6,45,1,'2015-01-26 11:22:32',1),
	(112,NULL,X'64393832626666382D656234642D343838332D626332392D333961333066623737323035',X'3133333132333435363738',X'3133323132333435363738',700.00,0,0,6,46,1,'2015-01-26 11:27:35',3),
	(113,NULL,X'38623832333263312D373166342D343164612D386334312D366331313739633239303439',X'3133333132333435363738',X'3133323132333435363738',700.00,11,2,6,47,1,'2015-01-26 11:38:35',113),
	(114,NULL,X'38623832333263312D373166342D343164612D386334312D366331313739633239303439',X'3133323132333435363738',X'3135323039383535383232',555.00,12,2,6,47,1,'2015-01-26 11:38:35',113),
	(115,NULL,X'36373464303131652D313961302D343062332D386536352D313762393136373731393064',X'3133313132333435363738',X'3133353132333435363738',950.00,0,0,8,48,1,'2015-01-26 13:15:24',1),
	(116,NULL,X'35306332306466332D363033352D343537322D383163362D306430393666323466346665',X'3133323132333435363738',X'3133353132333435363738',50.00,0,0,8,49,1,'2015-01-26 13:15:30',2),
	(117,NULL,X'34353935623065622D373134652D343161652D623936622D636531623233313636373532',X'3133313132333435363738',X'3133353132333435363738',950.00,9,2,8,50,1,'2015-01-26 13:17:13',113),
	(118,NULL,X'34353935623065622D373134652D343161652D623936622D636531623233313636373532',X'3133323132333435363738',X'3133353132333435363738',50.00,9,2,8,50,1,'2015-01-26 13:17:13',113),
	(119,NULL,X'34353935623065622D373134652D343161652D623936622D636531623233313636373532',X'3133353132333435363738',X'3135323039383535383232',11.00,11,2,8,50,1,'2015-01-26 13:17:13',113),
	(120,NULL,X'34353935623065622D373134652D343161652D623936622D636531623233313636373532',X'3133353132333435363738',X'3138343132333435363738',55.00,10,2,8,50,1,'2015-01-26 13:17:13',113),
	(121,NULL,X'30633163653834342D663237642D346231322D393537662D313331353034666234376464',X'3133333132333435363738',X'3133313132333435363738',500.00,0,0,8,51,1,'2015-01-26 13:18:46',3),
	(122,NULL,X'38336265643132632D363963372D343164662D613436352D643537626566616363393639',X'3133333132333435363738',X'3133313132333435363738',500.00,11,2,8,52,1,'2015-01-26 13:20:09',113),
	(123,NULL,X'38336265643132632D363963372D343164662D613436352D643537626566616363393639',X'3133313132333435363738',X'3135323039383535383232',555.00,12,2,8,52,1,'2015-01-26 13:20:09',113),
	(124,NULL,X'36393666623233642D353539652D346461382D396431382D393437373536306234633763',X'3133343132333435363738',NULL,2200.00,13,7,8,53,1,'2015-01-26 13:23:43',4),
	(146,NULL,X'65356361626636372D356662642D346538352D626132302D643837363066346132613233',X'3133383838383838383838',NULL,0.01,1,1,1,61,0,'2015-01-26 16:00:47',1),
	(147,NULL,X'34396131643937302D333463342D343732642D613233362D343864346463646630363036',X'3133383838383838383838',NULL,0.01,6,4,1,62,0,'2015-01-26 16:18:21',1),
	(148,NULL,X'39306163383463342D396539612D343138322D623565342D633634396132316232613465',X'3133383838383838383838',NULL,0.01,6,4,1,63,0,'2015-01-26 17:42:29',1),
	(149,NULL,X'62316336306264302D316262392D343665392D396362642D393662383232353866333838',X'3133383838383838383838',NULL,0.01,6,4,1,64,0,'2015-01-26 17:43:57',1),
	(150,NULL,X'35373431353731322D623931342D346565332D623632642D353534303839383538313337',X'3133383838383838383838',NULL,0.01,6,4,1,65,1,'2015-01-26 17:48:48',1),
	(151,NULL,X'63656134616433302D393331652D346133632D626334312D653833363130363633613639',X'3133383838383838383838',NULL,0.01,6,4,1,66,0,'2015-01-26 17:57:39',1),
	(152,NULL,X'31343766643137622D386531392D346464362D383838652D343931643538303561346434',NULL,NULL,0.01,0,0,0,67,2,'2015-01-27 14:06:48',1),
	(153,NULL,X'33363431396165312D643137622D343665622D616635372D633963643666306130663033',NULL,NULL,0.01,0,0,0,68,2,'2015-01-27 14:09:35',1),
	(154,NULL,X'33616361326639302D383862342D346136612D613231302D356638303364663966313461',NULL,NULL,0.01,0,0,0,69,2,'2015-01-27 14:11:57',1),
	(155,NULL,X'66353964613434612D643162632D343062382D396534312D373263363663633563613665',X'3133313132333435363738',X'3133343132333435363738',1000.00,0,0,11,70,1,'2015-01-28 14:26:27',1),
	(156,NULL,X'746573745365714E6F2D6465616C5265636F726431',NULL,NULL,NULL,NULL,NULL,0,1,0,'2015-01-28 15:18:10',NULL),
	(157,NULL,X'65346363356261392D343963352D343838312D386364662D666435666638663836653463',X'3133313132333435363738',X'3133343132333435363738',1000.00,9,2,11,71,1,'2015-01-28 15:57:21',113),
	(158,NULL,X'65346363356261392D343963352D343838312D386364662D666435666638663836653463',X'3133343132333435363738',X'3135323039383535383232',11.00,11,2,11,71,1,'2015-01-28 15:57:21',113),
	(159,NULL,X'34323239633232392D366135652D346261302D613830312D626338303765393334393639',X'3133333132333435363738',NULL,1200.00,13,7,11,72,1,'2015-01-28 15:57:43',3),
	(161,NULL,X'31376238373535332D373538612D343238362D396336392D663437663534363666316431',NULL,NULL,0.01,9,2,0,74,0,'2015-01-28 17:38:56',1),
	(162,NULL,X'32663039616461302D656332612D343236352D613039312D656265333536376631386639',NULL,NULL,0.01,9,2,0,75,0,'2015-01-28 17:44:37',1),
	(163,NULL,X'65643264333736392D363232382D343537632D623538392D326633366136333663646565',NULL,NULL,0.01,9,2,0,76,0,'2015-01-28 17:55:33',1),
	(164,NULL,X'65666634333930372D313664662D343738392D396631652D646565303337666166663137',NULL,NULL,0.01,9,2,0,77,0,'2015-01-28 17:59:57',1),
	(165,NULL,X'32653034373131612D333466372D346638632D386531322D353237313938393561626433',NULL,NULL,0.01,9,2,0,78,0,'2015-01-28 18:03:02',1),
	(166,NULL,X'35643837636234382D363131642D346332322D613538642D333634306266616333363631',NULL,NULL,0.01,9,2,0,79,0,'2015-01-28 18:13:19',1),
	(167,NULL,X'38316338303935382D623463322D343731632D613066632D363737623134393636613631',NULL,NULL,0.01,9,2,0,80,0,'2015-01-28 20:29:42',1),
	(168,NULL,X'32396432393865632D393263632D343066332D616163652D316163623634643461373263',NULL,NULL,0.01,9,2,0,81,0,'2015-01-28 20:33:08',1),
	(169,NULL,X'61653932653236392D333162652D346161312D383366652D383634383730653165623439',NULL,NULL,0.01,9,2,0,82,0,'2015-01-28 20:39:18',1),
	(170,NULL,X'36313230373135322D353066662D343638322D386463302D336130643838313564353839',NULL,NULL,0.01,9,2,0,83,0,'2015-01-28 20:41:42',1),
	(171,NULL,X'66383636643434302D326335322D343936392D396165312D636433396132656636656262',NULL,NULL,0.01,9,2,0,84,0,'2015-01-28 20:43:21',1),
	(172,NULL,X'37393033613565312D363162312D343264342D623939612D616538346234393437643666',NULL,NULL,0.01,9,2,0,85,0,'2015-01-28 20:53:12',1),
	(173,NULL,X'34616437666461332D613561332D343061362D393638662D393836653465323033303065',NULL,NULL,0.01,9,2,0,86,0,'2015-01-28 20:55:11',1),
	(174,NULL,X'65393434343631302D356233652D343831332D623832332D396630303333663030353739',NULL,NULL,0.01,9,2,0,87,0,'2015-01-28 21:11:35',1),
	(175,NULL,X'66613333623038642D363164622D343337382D383961632D396665303930613262396636',NULL,NULL,0.01,9,2,0,88,0,'2015-01-28 21:13:44',1),
	(176,NULL,X'61383635363864652D646462622D346663342D626134612D393031663237643938643133',NULL,NULL,0.01,9,2,0,89,0,'2015-01-28 21:14:53',1),
	(177,NULL,X'36633062316664372D333464342D343037642D383364642D633936643031643365646561',NULL,NULL,0.01,9,2,0,90,0,'2015-01-28 21:37:20',1),
	(178,NULL,X'33653638323334392D613765392D343839642D396466302D386661356566336333666235',NULL,NULL,0.01,9,2,0,91,0,'2015-01-28 21:38:30',1),
	(179,NULL,X'30633738303463382D346538362D346266342D613834322D653231393130656637656436',NULL,NULL,0.01,9,2,0,92,0,'2015-01-28 21:39:36',1),
	(180,NULL,X'35393832363465312D383765312D346165332D383033392D626165636265626133303831',NULL,NULL,0.01,9,2,0,93,0,'2015-01-28 21:45:40',1),
	(181,NULL,X'34333266356361302D363463632D346565642D623466302D656433353835363432323361',NULL,NULL,0.01,9,2,0,94,0,'2015-01-28 21:50:50',1),
	(182,NULL,X'32303165343938622D363733372D346139392D623535362D323630386664336131333531',NULL,NULL,0.01,9,2,0,95,0,'2015-01-28 21:53:33',1),
	(183,NULL,X'36393265373964322D623938332D346638332D393834652D323236623966373364663538',NULL,NULL,0.01,9,2,0,96,0,'2015-01-28 21:54:38',1),
	(184,NULL,X'34336437393339352D353262612D343931392D623835362D383437396161616138646236',X'3133313132333435363738',X'3133353132333435363738',1000.00,0,0,15,97,1,'2015-01-29 17:11:00',1),
	(185,NULL,X'36383165636332322D333536352D343534322D623461652D653563366463656566336633',X'3133313132333435363738',X'3133383132333435363738',1000.00,0,0,17,98,1,'2015-01-29 20:48:31',1),
	(186,NULL,X'32323061303935612D316530392D343739612D616634302D356234393562373764643862',X'3133323132333435363738',X'3133313132333435363738',1000.00,0,0,18,99,1,'2015-01-29 20:51:45',2),
	(190,NULL,X'62303266343539372D633639372D346564662D393933632D643362393966653966626263',X'3133313132333435363738',X'3133383132333435363738',1000.00,9,2,17,101,1,'2015-01-29 20:54:03',113),
	(191,NULL,X'62303266343539372D633639372D346564662D393933632D643362393966653966626263',X'3133383132333435363738',X'3135323039383535383232',212.00,11,2,17,101,1,'2015-01-29 20:54:03',113),
	(192,NULL,X'62303266343539372D633639372D346564662D393933632D643362393966653966626263',X'3133383132333435363738',X'3138343132333435363738',43.00,10,2,17,101,1,'2015-01-29 20:54:03',113),
	(193,NULL,X'65363162366334632D633237312D343735372D623164642D663461303463633838303636',X'3133323132333435363738',X'3133313132333435363738',1000.00,9,2,18,102,1,'2015-01-29 20:55:13',113),
	(194,NULL,X'65363162366334632D633237312D343735372D623164642D663461303463633838303636',X'3133313132333435363738',X'3135323039383535383232',12.00,11,2,18,102,1,'2015-01-29 20:55:13',113),
	(195,NULL,X'65363162366334632D633237312D343735372D623164642D663461303463633838303636',X'3133313132333435363738',X'3138343132333435363738',12.00,10,2,18,102,1,'2015-01-29 20:55:13',113),
	(196,NULL,X'38663333623237312D396163362D343962612D626131652D626433663934363534663564',X'3133333132333435363738',X'3133313132333435363738',400.00,0,0,17,103,1,'2015-01-29 21:07:30',3),
	(197,NULL,X'34393564373739302D353563312D343564342D623737392D633462316132343037336435',X'3133313132333435363738',X'3133363132333435363738',1000.00,0,0,24,104,1,'2015-01-30 14:02:30',1),
	(198,NULL,X'32386163386337652D363031382D343930342D393864612D623137643834323339303336',X'3133313132333435363738',X'3133363132333435363738',1000.00,9,2,24,105,1,'2015-01-30 14:03:03',113),
	(199,NULL,X'32386163386337652D363031382D343930342D393864612D623137643834323339303336',X'3133363132333435363738',X'3135323039383535383232',54.00,11,2,24,105,1,'2015-01-30 14:03:03',113),
	(200,NULL,X'32386163386337652D363031382D343930342D393864612D623137643834323339303336',X'3133363132333435363738',X'3138343132333435363738',33.00,10,2,24,105,1,'2015-01-30 14:03:03',113),
	(201,NULL,X'33376266366361662D356331652D346466352D613533642D663665363261646366373139',X'3133323132333435363738',NULL,2222.00,13,7,24,106,1,'2015-01-30 14:03:29',2),
	(202,NULL,X'33653635313139312D663961382D343266632D386563612D623062346433666234356233',X'3133323132333435363738',X'3133313132333435363738',0.00,13,2,24,107,1,'2015-01-30 14:06:00',113),
	(203,NULL,X'33653635313139312D663961382D343266632D386563612D623062346433666234356233',X'3133323132333435363738',X'3135323039383535383232',32.00,14,2,24,107,1,'2015-01-30 14:06:00',113),
	(204,NULL,X'63653331613331342D386537352D343935632D386661392D623134623535323366303762',X'3135323039383535383232',X'3133313132333435363738',330.02,2,3,24,108,1,'2015-01-30 14:24:54',112),
	(205,NULL,X'63653331613331342D386537352D343935632D386661392D623134623535323366303762',X'3135323039383535383232',X'3133313132333435363738',10.00,3,3,24,108,1,'2015-01-30 14:24:54',112),
	(206,NULL,X'63653331613331342D386537352D343935632D386661392D623134623535323366303762',X'3135323039383535383232',X'3133313132333435363738',0.00,4,3,24,108,1,'2015-01-30 14:24:54',112),
	(207,NULL,X'63653331613331342D386537352D343935632D386661392D623134623535323366303762',X'3135323039383535383232',X'3133323132333435363738',330.02,2,3,24,108,1,'2015-01-30 14:24:54',112),
	(208,NULL,X'63653331613331342D386537352D343935632D386661392D623134623535323366303762',X'3135323039383535383232',X'3133323132333435363738',10.00,3,3,24,108,1,'2015-01-30 14:24:54',112),
	(209,NULL,X'63653331613331342D386537352D343935632D386661392D623134623535323366303762',X'3135323039383535383232',X'3133323132333435363738',0.00,4,3,24,108,1,'2015-01-30 14:24:54',112),
	(210,NULL,X'39666539323066342D336338352D343761332D383836312D373564383734393062376433',X'3133313132333435363738',X'3133323132333435363738',100.00,0,0,23,109,1,'2015-01-30 21:01:30',1),
	(211,NULL,X'35316138643731372D623636652D343566652D393266302D333439303137343437346662',X'3133313132333435363738',X'3133323132333435363738',100.00,9,2,23,110,1,'2015-01-30 21:02:13',113),
	(212,NULL,X'35316138643731372D623636652D343566652D393266302D333439303137343437346662',X'3133323132333435363738',X'3135323039383535383232',11.00,11,2,23,110,1,'2015-01-30 21:02:13',113),
	(213,NULL,X'38393266396535642D316261322D346136342D613239642D643332613162343933643934',X'3133333132333435363738',X'3133313132333435363738',90.00,0,0,23,111,1,'2015-01-30 21:03:54',3),
	(214,NULL,X'33386262656430342D643636372D346264372D383032652D333737326436366563653131',X'3133363132333435363738',X'3133353132333435363738',2000.00,0,0,29,112,1,'2015-01-31 16:42:46',6),
	(215,NULL,X'37383736343062372D373137372D343530332D613564382D636565383165633934346337',X'3133363132333435363738',X'3133353132333435363738',2000.00,9,2,29,113,1,'2015-01-31 17:32:26',113),
	(216,NULL,X'37383736343062372D373137372D343530332D613564382D636565383165633934346337',X'3133353132333435363738',X'3135323039383535383232',11.00,11,2,29,113,1,'2015-01-31 17:32:26',113),
	(217,NULL,X'37383736343062372D373137372D343530332D613564382D636565383165633934346337',X'3133353132333435363738',X'3138343132333435363738',55.00,10,2,29,113,1,'2015-01-31 17:32:26',113),
	(218,NULL,X'31393432636331662D646130372D343466302D393635312D633566646334393066306165',X'3133343132333435363738',X'3133363132333435363738',1000.00,0,0,29,114,1,'2015-01-31 17:34:42',4),
	(219,NULL,X'746573745365714E6F2D6465616C5265636F726431',NULL,NULL,NULL,NULL,NULL,0,1,0,'2015-02-02 17:48:16',NULL),
	(220,NULL,X'746573745365714E6F2D6465616C5265636F726431',NULL,NULL,NULL,NULL,NULL,0,1,0,'2015-02-02 18:11:17',NULL),
	(221,NULL,X'36353866313036322D653665612D343364392D613461382D636431373235333365613535',X'3133313132333435363738',X'3133323132333435363738',1000.00,0,0,30,115,1,'2015-02-07 18:07:32',1),
	(222,NULL,X'66623661656665392D313437372D346666652D613234312D313534376331646231643538',X'3133333132333435363738',X'3133323132333435363738',234.00,0,0,30,116,1,'2015-02-07 18:07:38',3),
	(223,NULL,X'30396639346464362D383233322D346261352D616337612D383438343466646662653037',X'3133313132333435363738',X'3133323132333435363738',1000.00,9,2,30,117,1,'2015-02-07 18:08:43',113),
	(224,NULL,X'30396639346464362D383233322D346261352D616337612D383438343466646662653037',X'3133333132333435363738',X'3133323132333435363738',234.00,9,2,30,117,1,'2015-02-07 18:08:43',113),
	(225,NULL,X'30396639346464362D383233322D346261352D616337612D383438343466646662653037',X'3133323132333435363738',X'3135323039383535383232',212.00,11,2,30,117,1,'2015-02-07 18:08:43',113),
	(226,NULL,X'62343839353434662D353462302D343266332D383065362D396438313431366433636265',X'3135323039383535383232',X'3133313132333435363738',330.02,2,3,30,118,1,'2015-02-07 18:17:51',112),
	(227,NULL,X'62343839353434662D353462302D343266332D383065362D396438313431366433636265',X'3135323039383535383232',X'3133313132333435363738',10.00,3,3,30,118,1,'2015-02-07 18:17:51',112),
	(228,NULL,X'62343839353434662D353462302D343266332D383065362D396438313431366433636265',X'3135323039383535383232',X'3133313132333435363738',0.00,4,3,30,118,1,'2015-02-07 18:17:51',112),
	(229,NULL,X'62343839353434662D353462302D343266332D383065362D396438313431366433636265',X'3135323039383535383232',X'3133333132333435363738',77.23,2,3,30,118,1,'2015-02-07 18:17:51',112),
	(230,NULL,X'62343839353434662D353462302D343266332D383065362D396438313431366433636265',X'3135323039383535383232',X'3133333132333435363738',2.34,3,3,30,118,1,'2015-02-07 18:17:51',112),
	(231,NULL,X'62343839353434662D353462302D343266332D383065362D396438313431366433636265',X'3135323039383535383232',X'3133333132333435363738',0.00,4,3,30,118,1,'2015-02-07 18:17:51',112),
	(232,NULL,X'61346363386564632D396537652D346434632D613132302D383762333562386535653733',X'3133313132333435363738',X'3133333132333435363738',888.00,0,0,85,119,0,'2015-02-09 15:11:07',1),
	(233,NULL,X'61616633393431642D393631652D343463312D613537302D656666316661633638633631',X'3138373035363936383832',X'3133333132333435363738',200.00,0,0,85,120,0,'2015-02-09 15:15:40',12),
	(234,NULL,X'35366163626137352D646261662D343235362D613334302D323863613737336466326634',X'3133323630373134393638',NULL,2.00,0,0,1,121,0,'2015-02-09 15:27:07',1);

/*!40000 ALTER TABLE `abc_deal_record` ENABLE KEYS */;
UNLOCK TABLES;


# Dump of table abc_down_recharge
# ------------------------------------------------------------

DROP TABLE IF EXISTS `abc_down_recharge`;

CREATE TABLE `abc_down_recharge` (
  `dr_id` int(11) NOT NULL AUTO_INCREMENT COMMENT '主键',
  `dr_user_id` int(11) DEFAULT NULL COMMENT '充值人id 外键 user表',
  `dr_bank_id` int(11) DEFAULT NULL COMMENT '充值银行ID 外键mon_bank_info',
  `dr_bank_no` varchar(32) COLLATE utf8_bin DEFAULT NULL COMMENT '充值银行卡号',
  `dr_date` datetime DEFAULT NULL COMMENT '充值日期',
  `dr_money` decimal(18,2) DEFAULT '0.00' COMMENT '充值金额',
  `dr_check_state` int(2) DEFAULT NULL COMMENT '审核状态',
  `dr_check_operator` int(11) DEFAULT NULL COMMENT '审核人id 外键employee',
  `dr_check_date` datetime DEFAULT NULL COMMENT '审核日期',
  `dr_check_idear` varchar(512) COLLATE utf8_bin DEFAULT NULL COMMENT '审核意见',
  `dr_file_id` varchar(512) COLLATE utf8_bin DEFAULT NULL COMMENT '影像资料dataID 非主键 关联file_upload_info表的data_id',
  `dr_mark` varchar(512) COLLATE utf8_bin DEFAULT NULL COMMENT '备注',
  PRIMARY KEY (`dr_id`)
) ENGINE=InnoDB DEFAULT CHARSET=utf8 COLLATE=utf8_bin COMMENT='线下充值表';

LOCK TABLES `abc_down_recharge` WRITE;
/*!40000 ALTER TABLE `abc_down_recharge` DISABLE KEYS */;

INSERT INTO `abc_down_recharge` (`dr_id`, `dr_user_id`, `dr_bank_id`, `dr_bank_no`, `dr_date`, `dr_money`, `dr_check_state`, `dr_check_operator`, `dr_check_date`, `dr_check_idear`, `dr_file_id`, `dr_mark`)
VALUES
	(1,1,1,X'36323235383832353032333034383635','2015-02-02 16:13:55',1.00,1,112,'2015-02-03 16:50:45',X'E5908CE6848F',X'30',NULL);

/*!40000 ALTER TABLE `abc_down_recharge` ENABLE KEYS */;
UNLOCK TABLES;


# Dump of table abc_employee
# ------------------------------------------------------------

DROP TABLE IF EXISTS `abc_employee`;

CREATE TABLE `abc_employee` (
  `emp_id` int(11) NOT NULL AUTO_INCREMENT COMMENT '主键',
  `emp_name` varchar(30) COLLATE utf8_bin NOT NULL COMMENT '用户名',
  `emp_real_name` varchar(30) COLLATE utf8_bin DEFAULT NULL COMMENT '真实姓名',
  `emp_password` varchar(32) COLLATE utf8_bin DEFAULT NULL COMMENT '密码',
  `emp_no` varchar(50) COLLATE utf8_bin DEFAULT NULL COMMENT '员工工号',
  `emp_doc_type` varchar(20) COLLATE utf8_bin DEFAULT NULL COMMENT '证件类型',
  `emp_doc_no` varchar(50) COLLATE utf8_bin DEFAULT NULL COMMENT '证件号码',
  `emp_email` varchar(50) COLLATE utf8_bin DEFAULT NULL COMMENT '电子邮箱',
  `emp_birthday` datetime DEFAULT NULL COMMENT '出生日期',
  `emp_worktime` datetime DEFAULT NULL COMMENT '参加工作时间',
  `emp_entrytime` datetime DEFAULT NULL COMMENT '入职时间',
  `emp_mobile` varchar(20) COLLATE utf8_bin DEFAULT NULL COMMENT '手机号码',
  `emp_phone` varchar(20) COLLATE utf8_bin DEFAULT NULL COMMENT '家庭电话',
  `emp_photo` varchar(100) COLLATE utf8_bin DEFAULT NULL COMMENT '照片',
  `emp_address` varchar(1000) COLLATE utf8_bin DEFAULT NULL COMMENT '详细地址',
  `emp_note` varchar(1000) COLLATE utf8_bin DEFAULT NULL COMMENT '备注',
  `emp_login_count` int(11) DEFAULT '0' COMMENT '登录次数',
  `emp_type` tinyint(1) DEFAULT NULL COMMENT '1：平台用户 2：小贷/担保用户',
  `emp_state` tinyint(1) DEFAULT '1' COMMENT '1：启用 0：停用 -1 : 已删除',
  `emp_area` varchar(20) COLLATE utf8_bin DEFAULT NULL COMMENT '所属地区',
  `emp_createtime` datetime DEFAULT NULL COMMENT '创建时间',
  `emp_lastlogintime` datetime DEFAULT NULL COMMENT '最近一次登录时间',
  `emp_org_id` int(11) DEFAULT NULL COMMENT '机构ID（目前机构和员工是一对一的关系，即一个机构有一个账户登录。如果不是机构用户，可以为空。机构ID放在员工表方便扩展为一个机构有多个用户的情形）',
  `emp_sex` tinyint(1) DEFAULT NULL COMMENT '0：女 1：男',
  `emp_qq` varchar(20) COLLATE utf8_bin DEFAULT NULL COMMENT 'QQ',
  `emp_head_img` varchar(100) COLLATE utf8_bin DEFAULT NULL COMMENT '头像',
  `emp_isonline` tinyint(1) DEFAULT '0' COMMENT '1：在线 0：离线',
  `emp_last_modify_time` datetime DEFAULT NULL,
  PRIMARY KEY (`emp_id`)
) ENGINE=InnoDB DEFAULT CHARSET=utf8 COLLATE=utf8_bin COMMENT='员工信息表';

LOCK TABLES `abc_employee` WRITE;
/*!40000 ALTER TABLE `abc_employee` DISABLE KEYS */;

INSERT INTO `abc_employee` (`emp_id`, `emp_name`, `emp_real_name`, `emp_password`, `emp_no`, `emp_doc_type`, `emp_doc_no`, `emp_email`, `emp_birthday`, `emp_worktime`, `emp_entrytime`, `emp_mobile`, `emp_phone`, `emp_photo`, `emp_address`, `emp_note`, `emp_login_count`, `emp_type`, `emp_state`, `emp_area`, `emp_createtime`, `emp_lastlogintime`, `emp_org_id`, `emp_sex`, `emp_qq`, `emp_head_img`, `emp_isonline`, `emp_last_modify_time`)
VALUES
	(1,X'61646D696E',X'61646D696E',X'6334636134323338613062393233383230646363353039613666373538343962',NULL,NULL,NULL,NULL,'2015-01-22 00:00:00',NULL,NULL,X'3138303132333435363738',X'',NULL,NULL,NULL,206,NULL,1,X'31303030','2014-12-01 20:29:29','2015-02-10 10:30:06',NULL,1,X'',X'687474703A2F2F6175746F73657276652E6F73732D636E2D68616E677A686F752E616C6979756E63732E636F6D2F61363038613664612D313262612D346233652D623065302D3862306135393565636439632E6A7067',1,'2015-02-10 10:28:37'),
	(112,X'6B656675',X'E5AEA2E69C8D',X'6531306164633339343962613539616262653536653035376632306638383365',NULL,NULL,NULL,NULL,'2015-01-23 11:28:52',NULL,NULL,X'3138313132333435363738',NULL,NULL,NULL,NULL,271,NULL,1,X'31303030','2015-01-23 11:28:43','2015-02-10 15:07:03',NULL,0,NULL,X'687474703A2F2F6175746F73657276652E6F73732D636E2D68616E677A686F752E616C6979756E63732E636F6D2F31626335663064302D313766332D346337352D623564342D6538353364303264663066332E6A7067',1,'2015-02-10 15:06:49'),
	(113,X'6361697775',X'E8B4A2E58AA1',X'6531306164633339343962613539616262653536653035376632306638383365',NULL,NULL,NULL,NULL,'2015-01-23 11:29:13',NULL,NULL,X'3135303039383535383232',NULL,NULL,NULL,NULL,146,NULL,1,X'31303030','2015-01-23 11:29:04','2015-02-07 18:34:14',NULL,0,NULL,NULL,1,'2015-02-07 18:32:50'),
	(114,X'6C69636169',X'E79086E8B4A2',X'6531306164633339343962613539616262653536653035376632306638383365',NULL,NULL,NULL,NULL,'2015-01-23 11:29:23',NULL,NULL,X'3138333132333435363738',NULL,NULL,NULL,NULL,3,NULL,1,X'31303030','2015-01-23 11:29:14','2015-01-23 12:26:39',NULL,0,NULL,NULL,1,'2015-01-23 12:26:30'),
	(115,X'64616E62616F31',X'64616E62616F31',X'6531306164633339343962613539616262653536653035376632306638383365',NULL,NULL,NULL,NULL,NULL,NULL,NULL,X'3138343132333435363738',NULL,NULL,NULL,NULL,19,NULL,1,NULL,'2015-01-23 11:31:12','2015-02-08 17:33:58',1,NULL,NULL,NULL,1,'2015-02-08 17:33:40'),
	(116,X'64616E62616F32',X'64616E62616F32',X'6531306164633339343962613539616262653536653035376632306638383365',NULL,NULL,NULL,NULL,NULL,NULL,NULL,X'3138353132333435363738',NULL,NULL,NULL,NULL,2,NULL,1,NULL,'2015-01-23 11:31:30','2015-02-08 09:55:08',2,NULL,NULL,NULL,1,'2015-02-08 09:53:41'),
	(117,X'7869616F64616931',X'7869616F64616931',X'6531306164633339343962613539616262653536653035376632306638383365',NULL,NULL,NULL,NULL,NULL,NULL,NULL,X'3138363132333435363738',NULL,NULL,NULL,NULL,8,NULL,1,NULL,'2015-01-23 11:32:00','2015-01-23 18:13:40',3,NULL,NULL,NULL,1,'2015-01-23 18:13:19'),
	(118,X'7869616F64616932',X'7869616F64616932',X'6531306164633339343962613539616262653536653035376632306638383365',NULL,NULL,NULL,NULL,NULL,NULL,NULL,X'3138373132333435363738',NULL,NULL,NULL,NULL,1,NULL,1,NULL,'2015-01-23 11:32:31','2015-01-23 17:20:51',4,NULL,NULL,NULL,1,'2015-01-23 17:20:42'),
	(119,X'524A51',NULL,NULL,NULL,NULL,NULL,NULL,NULL,NULL,NULL,NULL,NULL,NULL,NULL,NULL,NULL,NULL,NULL,NULL,'2015-01-28 15:18:10',NULL,NULL,NULL,NULL,NULL,NULL,'2015-01-28 15:18:10'),
	(120,X'726A7131323334',NULL,X'6531306164633339343962613539616262653536653035376632306638383365',NULL,NULL,NULL,NULL,NULL,NULL,NULL,NULL,NULL,NULL,NULL,NULL,NULL,NULL,1,NULL,'2015-01-29 19:35:20',NULL,NULL,NULL,NULL,NULL,NULL,'2015-01-29 19:35:20'),
	(121,X'524A51',NULL,NULL,NULL,NULL,NULL,NULL,NULL,NULL,NULL,NULL,NULL,NULL,NULL,NULL,NULL,NULL,NULL,NULL,'2015-02-02 17:48:16',NULL,NULL,NULL,NULL,NULL,NULL,'2015-02-02 17:48:16'),
	(122,X'524A51',NULL,NULL,NULL,NULL,NULL,NULL,NULL,NULL,NULL,NULL,NULL,NULL,NULL,NULL,NULL,NULL,NULL,NULL,'2015-02-02 18:11:17',NULL,NULL,NULL,NULL,NULL,NULL,'2015-02-02 18:11:17'),
	(123,X'313131',X'313131',X'6531306164633339343962613539616262653536653035376632306638383365',NULL,NULL,NULL,NULL,NULL,NULL,NULL,NULL,NULL,NULL,NULL,NULL,NULL,NULL,-1,NULL,'2015-02-09 13:48:13',NULL,5,NULL,NULL,NULL,NULL,'2015-02-09 13:48:59');

/*!40000 ALTER TABLE `abc_employee` ENABLE KEYS */;
UNLOCK TABLES;


# Dump of table abc_employee_role
# ------------------------------------------------------------

DROP TABLE IF EXISTS `abc_employee_role`;

CREATE TABLE `abc_employee_role` (
  `er_id` int(11) NOT NULL AUTO_INCREMENT COMMENT '主键自增',
  `role_id` int(11) NOT NULL COMMENT 'abc_role外键',
  `emp_id` int(11) NOT NULL COMMENT 'abc_employee外键',
  PRIMARY KEY (`er_id`)
) ENGINE=InnoDB DEFAULT CHARSET=utf8 COLLATE=utf8_bin COMMENT='角色用户关联表';

LOCK TABLES `abc_employee_role` WRITE;
/*!40000 ALTER TABLE `abc_employee_role` DISABLE KEYS */;

INSERT INTO `abc_employee_role` (`er_id`, `role_id`, `emp_id`)
VALUES
	(184,2,112),
	(185,3,113),
	(186,1,114),
	(187,5,115),
	(188,5,116),
	(189,4,117),
	(190,4,118),
	(191,6,1),
	(192,4,123);

/*!40000 ALTER TABLE `abc_employee_role` ENABLE KEYS */;
UNLOCK TABLES;


# Dump of table abc_fee_setting
# ------------------------------------------------------------

DROP TABLE IF EXISTS `abc_fee_setting`;

CREATE TABLE `abc_fee_setting` (
  `fs_id` int(11) NOT NULL AUTO_INCREMENT COMMENT '主键id',
  `fs_type` int(11) DEFAULT NULL COMMENT '费用类型，对应FeeType枚举',
  `fs_loan_category` int(11) DEFAULT NULL COMMENT '项目类型，对应LoanCategory枚举',
  `fs_charge_type` int(11) DEFAULT NULL COMMENT '收费类型，对应ChargeType枚举',
  `fs_rate` double(18,2) DEFAULT NULL COMMENT '收费比例，适用于收费类型为“按比例收费”',
  `fs_min_amount` decimal(18,2) DEFAULT NULL COMMENT '最小金额，适用于收费类型为“按比例收费”',
  `fs_max_amount` decimal(18,2) DEFAULT NULL COMMENT '最大金额，适用于收费类型为“按比例收费”',
  `fs_accurate_amount` decimal(18,2) DEFAULT NULL COMMENT '确定的金额，适用于收费类型为“按每笔收费”',
  `fs_update_time` datetime DEFAULT NULL COMMENT '更新时间',
  `fs_deleted` int(10) unsigned zerofill DEFAULT NULL COMMENT '是否逻辑删除 0否 1是 默认0未删除',
  PRIMARY KEY (`fs_id`)
) ENGINE=InnoDB DEFAULT CHARSET=utf8 COLLATE=utf8_bin;

LOCK TABLES `abc_fee_setting` WRITE;
/*!40000 ALTER TABLE `abc_fee_setting` DISABLE KEYS */;

INSERT INTO `abc_fee_setting` (`fs_id`, `fs_type`, `fs_loan_category`, `fs_charge_type`, `fs_rate`, `fs_min_amount`, `fs_max_amount`, `fs_accurate_amount`, `fs_update_time`, `fs_deleted`)
VALUES
	(1,1,2,1,2.00,10.00,100.00,12.00,'2014-12-11 11:32:39',0000000000),
	(2,2,2,1,2.00,10.00,100.00,12.00,'2014-12-09 17:56:29',0000000000),
	(3,3,2,1,2.00,10.00,100.00,12.00,'2014-12-09 16:22:15',0000000000),
	(4,4,2,1,2.00,10.00,100.00,12.00,'2014-12-09 16:22:15',0000000000),
	(5,5,2,1,2.00,10.00,100.00,12.00,'2014-12-09 16:22:15',0000000000),
	(6,1,1,1,2.00,11.00,111.00,11.00,'2014-12-23 15:39:22',0000000000),
	(7,2,1,1,2.00,11.00,111.00,111.00,'2014-12-23 15:40:20',0000000000),
	(23,3,1,2,3.00,4.00,55.00,66.00,'2015-01-24 18:32:06',0000000000),
	(24,4,1,1,2.00,3.00,44.00,555.00,'2014-12-22 15:40:56',0000000000),
	(25,5,1,1,22.00,22.00,22.00,222.00,'2014-12-29 15:41:09',0000000000),
	(26,1,3,1,21.00,21.00,12.00,212.00,'2014-12-10 15:41:26',0000000000),
	(27,2,3,2,1.00,21.00,23.00,23.00,'2015-01-06 15:41:47',0000000000),
	(28,3,3,1,3.00,32.00,24.00,43.00,'2014-12-02 15:42:07',0000000000),
	(29,4,3,2,11.00,23.00,43.00,54.00,'2014-12-23 15:42:27',0000000000),
	(30,5,3,1,32.00,232.00,323.00,323.00,'2014-12-31 15:42:56',0000000000),
	(31,1,4,1,12.00,23.00,43.00,54.00,'2014-12-30 15:43:13',0000000000),
	(32,2,4,1,44.00,55.00,66.00,77.00,'2014-12-15 15:43:26',0000000000),
	(33,3,4,2,33.00,33.00,33.00,33.00,'2014-12-30 15:43:41',0000000000),
	(34,4,4,1,23.00,21.00,21.00,212.00,'2014-12-23 15:44:08',0000000000),
	(35,5,4,1,23.00,21.00,21.00,32.00,'2014-12-30 15:44:23',0000000000),
	(36,1,3,2,NULL,NULL,NULL,NULL,'2015-01-07 17:33:18',0000000001),
	(37,1,3,2,NULL,NULL,NULL,NULL,'2015-01-08 17:56:44',0000000001),
	(38,1,3,2,NULL,NULL,NULL,NULL,'2015-01-08 17:56:44',0000000001),
	(39,1,3,2,NULL,NULL,NULL,NULL,'2015-01-08 18:04:48',0000000001),
	(40,1,3,2,NULL,NULL,NULL,NULL,'2015-01-08 18:15:45',0000000001),
	(41,1,3,2,NULL,NULL,NULL,NULL,'2015-01-09 10:36:35',0000000001),
	(42,1,3,2,NULL,NULL,NULL,NULL,'2015-01-09 10:48:11',0000000001),
	(43,1,3,2,NULL,NULL,NULL,NULL,'2015-01-09 16:20:12',0000000001),
	(44,1,3,2,NULL,NULL,NULL,NULL,'2015-01-09 16:28:14',0000000001),
	(45,1,3,2,NULL,NULL,NULL,NULL,'2015-01-12 18:18:55',0000000001),
	(46,1,3,2,NULL,NULL,NULL,NULL,'2015-01-28 15:18:10',0000000001),
	(47,1,3,2,NULL,NULL,NULL,NULL,'2015-02-02 17:48:17',0000000001),
	(48,1,3,2,NULL,NULL,NULL,NULL,'2015-02-02 18:11:17',0000000001);

/*!40000 ALTER TABLE `abc_fee_setting` ENABLE KEYS */;
UNLOCK TABLES;


# Dump of table abc_file_prove
# ------------------------------------------------------------

DROP TABLE IF EXISTS `abc_file_prove`;

CREATE TABLE `abc_file_prove` (
  `fp_id` int(11) NOT NULL AUTO_INCREMENT,
  `fp_userid` int(11) DEFAULT NULL COMMENT '用户ID 关联user表',
  `fp_file_type` varchar(128) COLLATE utf8_bin DEFAULT NULL COMMENT '证明材料类型',
  `fp_file_url` varchar(512) COLLATE utf8_bin DEFAULT NULL COMMENT '证明材料路径',
  `fp_prove_date` datetime DEFAULT NULL COMMENT '申请日期',
  `fp_prove_state` tinyint(1) DEFAULT NULL COMMENT '审核状态	0：待审核 1：审核已通过 2：审核未通过',
  `fp_note` varchar(512) COLLATE utf8_bin DEFAULT NULL COMMENT '备注',
  PRIMARY KEY (`fp_id`)
) ENGINE=InnoDB DEFAULT CHARSET=utf8 COLLATE=utf8_bin ROW_FORMAT=COMPACT COMMENT='证明材料表';



# Dump of table abc_file_upload_info
# ------------------------------------------------------------

DROP TABLE IF EXISTS `abc_file_upload_info`;

CREATE TABLE `abc_file_upload_info` (
  `fui_id` int(11) NOT NULL AUTO_INCREMENT,
  `fui_class_type` int(11) DEFAULT NULL COMMENT '模块类型',
  `fui_secondary_class` int(11) DEFAULT NULL COMMENT '二级模块类型',
  `fui_data_id` varchar(64) COLLATE utf8_bin DEFAULT NULL COMMENT '处理信息id',
  `fui_file_name` varchar(200) COLLATE utf8_bin DEFAULT NULL COMMENT '文件名称',
  `fui_file_path` varchar(200) COLLATE utf8_bin DEFAULT NULL COMMENT '文件路径',
  `fui_create_time` datetime DEFAULT NULL COMMENT '文件上传时间',
  `fui_state` tinyint(1) DEFAULT NULL COMMENT '0：停用 1：启用 -1:删除',
  PRIMARY KEY (`fui_id`)
) ENGINE=InnoDB DEFAULT CHARSET=utf8 COLLATE=utf8_bin ROW_FORMAT=COMPACT COMMENT='影像资料附件表';

LOCK TABLES `abc_file_upload_info` WRITE;
/*!40000 ALTER TABLE `abc_file_upload_info` DISABLE KEYS */;

INSERT INTO `abc_file_upload_info` (`fui_id`, `fui_class_type`, `fui_secondary_class`, `fui_data_id`, `fui_file_name`, `fui_file_path`, `fui_create_time`, `fui_state`)
VALUES
	(1,1,1,X'37393465396237362D666238662D343434642D393835632D613462353731643532376163',X'753D343034383038303130332C32393136373432303326666D3D302667703D302E6A7067',X'687474703A2F2F6175746F73657276652E6F73732D636E2D68616E677A686F752E616C6979756E63732E636F6D2F66303163383132662D666536382D346461372D396666342D3464323936393934323464352E6A7067','2015-01-23 13:31:08',1),
	(2,1,1,X'32656430386166342D383266312D346664352D616637312D386565353433633333373937',X'6F5F6B6F6265372E676966',X'687474703A2F2F6175746F73657276652E6F73732D636E2D68616E677A686F752E616C6979756E63732E636F6D2F36366130323235392D356166352D343762652D393237622D3934373461653866386666312E676966','2015-01-23 17:51:28',1),
	(3,1,1,X'34343666393438332D393765362D343937342D383931392D666538663931613935643732',X'463230303730343234303930373235323931363539373733312E6A7067',X'687474703A2F2F6175746F73657276652E6F73732D636E2D68616E677A686F752E616C6979756E63732E636F6D2F62393164366331312D346435382D343138372D613036622D6565616430323363653634662E6A7067','2015-01-24 15:53:23',1),
	(4,1,1,X'63346461633564352D306632652D346230332D623365362D366261346531343433363537',X'753D343034383038303130332C32393136373432303326666D3D302667703D302E6A7067',X'687474703A2F2F6175746F73657276652E6F73732D636E2D68616E677A686F752E616C6979756E63732E636F6D2F36633562623231622D656434382D343732342D386361382D6166303732636537633365322E6A7067','2015-01-26 11:45:20',1),
	(5,1,NULL,NULL,NULL,X'6173646173','2015-01-28 15:18:10',0),
	(6,1,1,X'31393463383433612D643866352D343962362D613231652D663038376662343337623533',X'352E30E5898DE58FB0E695B0E68DAEE5AD97E6AEB5E4BFAEE694B92E747874',X'687474703A2F2F6175746F73657276652E6F73732D636E2D68616E677A686F752E616C6979756E63732E636F6D2F32643961373931382D666165632D343330302D616232622D3164623332653632353763322E747874','2015-02-02 15:26:33',1),
	(7,1,NULL,NULL,NULL,X'6173646173','2015-02-02 17:48:17',0),
	(8,1,NULL,NULL,NULL,X'6173646173','2015-02-02 18:11:19',0);

/*!40000 ALTER TABLE `abc_file_upload_info` ENABLE KEYS */;
UNLOCK TABLES;


# Dump of table abc_file_upload_job_record
# ------------------------------------------------------------

DROP TABLE IF EXISTS `abc_file_upload_job_record`;

CREATE TABLE `abc_file_upload_job_record` (
  `record_id` int(11) NOT NULL AUTO_INCREMENT COMMENT '主键id',
  `record_file_name` varchar(128) DEFAULT NULL COMMENT '上传文件名',
  `record_status` int(11) DEFAULT NULL COMMENT '任务执行状态 0失败 1成功',
  `record_try_times` int(11) DEFAULT NULL COMMENT '任务尝试次数',
  `record_create_time` datetime DEFAULT NULL COMMENT '创建时间',
  `record_update_time` datetime DEFAULT NULL COMMENT '最后更新时间',
  `record_refer_id` varchar(64) DEFAULT NULL COMMENT '引用id',
  `record_server_mac` varchar(32) DEFAULT NULL COMMENT '日志文件所属服务器的mac地址',
  `record_oss_url` varchar(512) DEFAULT NULL COMMENT '日志上传至oss后返回的oss的url',
  PRIMARY KEY (`record_id`)
) ENGINE=InnoDB DEFAULT CHARSET=utf8;



# Dump of table abc_full_transfer_record
# ------------------------------------------------------------

DROP TABLE IF EXISTS `abc_full_transfer_record`;

CREATE TABLE `abc_full_transfer_record` (
  `ftr_id` int(11) NOT NULL AUTO_INCREMENT COMMENT '主键id',
  `ftr_bid_id` int(11) DEFAULT NULL COMMENT '标id',
  `ftr_origin_id` int(11) DEFAULT NULL COMMENT '原始借款id',
  `ftr_operator` int(11) DEFAULT NULL COMMENT '资金划转操作人',
  `ftr_user_id` int(11) DEFAULT NULL COMMENT '放款对象：用户id',
  `ftr_bid_type` tinyint(4) DEFAULT NULL COMMENT '标类型 0：正常标 1：转让标 2：收购标',
  `ftr_transfer_money` decimal(18,2) DEFAULT NULL COMMENT '实际划转金额',
  `ftr_pay_fee` decimal(18,2) DEFAULT NULL COMMENT '应收手续费',
  `ftr_guar_fee` decimal(18,2) DEFAULT NULL COMMENT '应收担保费',
  `ftr_real_pay_fee` decimal(18,2) DEFAULT '0.00' COMMENT '实收手续费',
  `ftr_real_guar_fee` decimal(18,2) DEFAULT '0.00' COMMENT '实收担保费',
  `ftr_transfer_date` datetime DEFAULT NULL COMMENT '放款日期',
  `ftr_seq_no` varchar(64) COLLATE utf8_bin DEFAULT NULL COMMENT '交易流水号',
  `ftr_deal_state` tinyint(1) NOT NULL DEFAULT '0' COMMENT '交易状态',
  `ftr_transfer_type` tinyint(1) NOT NULL COMMENT '资金划转类型',
  PRIMARY KEY (`ftr_id`)
) ENGINE=InnoDB DEFAULT CHARSET=utf8 COLLATE=utf8_bin COMMENT='满标资金划转';

LOCK TABLES `abc_full_transfer_record` WRITE;
/*!40000 ALTER TABLE `abc_full_transfer_record` DISABLE KEYS */;

INSERT INTO `abc_full_transfer_record` (`ftr_id`, `ftr_bid_id`, `ftr_origin_id`, `ftr_operator`, `ftr_user_id`, `ftr_bid_type`, `ftr_transfer_money`, `ftr_pay_fee`, `ftr_guar_fee`, `ftr_real_pay_fee`, `ftr_real_guar_fee`, `ftr_transfer_date`, `ftr_seq_no`, `ftr_deal_state`, `ftr_transfer_type`)
VALUES
	(30,1,3,113,1,1,49323.00,11.00,666.00,0.00,0.00,'2015-01-23 16:36:43',X'32306461393266652D313539362D343131312D626165642D613061666630316666656330',1,1),
	(31,3,NULL,113,5,0,1144.00,1.00,55.00,0.00,0.00,'2015-01-24 18:39:01',X'34383831653331652D633662352D343537632D623134342D666234376663303866366236',1,1),
	(32,5,5,113,4,0,934.00,11.00,55.00,0.00,0.00,'2015-01-26 09:50:23',X'34363962623964362D666331342D343037302D616632342D663037323062643532336161',1,1),
	(33,2,5,113,2,1,345.00,555.00,0.00,0.00,0.00,'2015-01-26 09:57:49',X'64353139313338382D326366342D343464632D616434332D306535653766383864633338',1,3),
	(34,6,6,113,5,0,934.00,11.00,55.00,0.00,0.00,'2015-01-26 11:22:23',X'39326165326139382D666333372D343361302D626333332D333337653936306638316363',1,1),
	(35,3,6,113,2,1,145.00,555.00,0.00,0.00,0.00,'2015-01-26 11:39:05',X'38623832333263312D373166342D343164612D386334312D366331313739633239303439',1,3),
	(36,8,8,113,5,0,934.00,11.00,55.00,0.00,0.00,'2015-01-26 13:17:41',X'34353935623065622D373134652D343161652D623936622D636531623233313636373532',1,1),
	(37,4,8,113,1,1,-55.00,555.00,0.00,0.00,0.00,'2015-01-26 13:20:38',X'38336265643132632D363963372D343164662D613436352D643537626566616363393639',1,3),
	(38,11,11,113,4,0,934.00,11.00,55.00,0.00,0.00,'2015-01-28 15:57:47',X'65346363356261392D343963352D343838312D386364662D666435666638663836653463',1,1),
	(39,17,17,113,8,0,745.00,212.00,43.00,0.00,0.00,'2015-01-29 20:54:28',X'62303266343539372D633639372D346564662D393933632D643362393966653966626263',1,1),
	(40,18,18,113,1,0,976.00,12.00,12.00,0.00,0.00,'2015-01-29 20:55:37',X'65363162366334632D633237312D343735372D623164642D663461303463633838303636',1,1),
	(41,24,24,113,6,0,913.00,54.00,33.00,0.00,0.00,'2015-01-30 14:03:28',X'32386163386337652D363031382D343930342D393864612D623137643834323339303336',1,1),
	(42,6,24,113,2,2,968.00,32.00,0.00,0.00,0.00,'2015-01-30 14:06:25',X'33653635313139312D663961382D343266632D386563612D623062346433666234356233',1,5),
	(43,23,23,113,2,0,34.00,11.00,55.00,0.00,0.00,'2015-01-30 21:02:37',X'35316138643731372D623636652D343566652D393266302D333439303137343437346662',1,1),
	(44,29,29,113,5,0,1934.00,11.00,55.00,0.00,0.00,'2015-01-31 17:33:40',X'37383736343062372D373137372D343530332D613564382D636565383165633934346337',1,1),
	(45,30,30,113,2,0,979.00,212.00,43.00,0.00,0.00,'2015-02-07 18:09:01',X'30396639346464362D383233322D346261352D616337612D383438343466646662653037',1,1);

/*!40000 ALTER TABLE `abc_full_transfer_record` ENABLE KEYS */;
UNLOCK TABLES;


# Dump of table abc_fund_apply
# ------------------------------------------------------------

DROP TABLE IF EXISTS `abc_fund_apply`;

CREATE TABLE `abc_fund_apply` (
  `fa_fund_id` int(11) NOT NULL AUTO_INCREMENT COMMENT '主键ID',
  `fa_fund_no` varchar(64) COLLATE utf8_bin DEFAULT NULL COMMENT '目项编号',
  `fa_fund_name` varchar(125) COLLATE utf8_bin DEFAULT NULL COMMENT '基金名称',
  `fa_fund_comp` varchar(64) COLLATE utf8_bin DEFAULT NULL COMMENT '基金公司',
  `fa_fund_money` decimal(18,2) DEFAULT NULL COMMENT '预计发行规模',
  `fa_fund_period` decimal(18,2) DEFAULT NULL COMMENT '存续期',
  `fa_fund_rate` decimal(18,2) DEFAULT NULL COMMENT '预期年收益率',
  `fa_min_money` decimal(18,2) DEFAULT NULL COMMENT '最低认购金额',
  `fa_fund_industry` varchar(64) COLLATE utf8_bin DEFAULT NULL COMMENT '投资行业',
  `fa_pay_type` tinyint(1) DEFAULT NULL COMMENT '还款方式(1：等额本息 2：按月还息到期还本 3：等额本金)',
  `fa_fund_type` varchar(64) COLLATE utf8_bin DEFAULT NULL COMMENT '基金类型',
  `fa_martgage_rate` decimal(18,2) DEFAULT NULL COMMENT '抵押率',
  `fa_martgage_introl` varchar(1000) COLLATE utf8_bin DEFAULT NULL COMMENT '抵押物',
  `fa_fund_introl` varchar(1000) COLLATE utf8_bin DEFAULT NULL COMMENT '产品说明',
  `fa_fund_use` varchar(1000) COLLATE utf8_bin DEFAULT NULL COMMENT '资金用途',
  `fa_fund_risk` varchar(1000) COLLATE utf8_bin DEFAULT NULL COMMENT '风险控制',
  `fa_pay_resource` varchar(1000) COLLATE utf8_bin DEFAULT NULL COMMENT '还款来源',
  `fa_project_introl` varchar(1000) COLLATE utf8_bin DEFAULT NULL COMMENT '项目简介',
  `fa_comp_introl` varchar(1000) COLLATE utf8_bin DEFAULT NULL COMMENT '基金公司简介',
  `fa_fund_state` tinyint(1) DEFAULT NULL COMMENT '是否发布',
  `fa_add_date` datetime DEFAULT NULL COMMENT '发售日期',
  PRIMARY KEY (`fa_fund_id`)
) ENGINE=MyISAM DEFAULT CHARSET=utf8 COLLATE=utf8_bin;

LOCK TABLES `abc_fund_apply` WRITE;
/*!40000 ALTER TABLE `abc_fund_apply` DISABLE KEYS */;

INSERT INTO `abc_fund_apply` (`fa_fund_id`, `fa_fund_no`, `fa_fund_name`, `fa_fund_comp`, `fa_fund_money`, `fa_fund_period`, `fa_fund_rate`, `fa_min_money`, `fa_fund_industry`, `fa_pay_type`, `fa_fund_type`, `fa_martgage_rate`, `fa_martgage_introl`, `fa_fund_introl`, `fa_fund_use`, `fa_fund_risk`, `fa_pay_resource`, `fa_project_introl`, `fa_comp_introl`, `fa_fund_state`, `fa_add_date`)
VALUES
	(5,X'73747232',X'73747233',X'73747234',5.00,6.00,7.00,8.00,X'73747239',1,X'7374723130',11.00,X'7374723132',X'7374723133',X'7374723134',X'7374723135',X'7374723136',X'7374723137',X'7374723138',1,'2015-02-02 17:45:35'),
	(6,X'73747232',X'73747233',X'73747234',5.00,6.00,7.00,8.00,X'73747239',1,X'7374723130',11.00,X'7374723132',X'7374723133',X'7374723134',X'7374723135',X'7374723136',X'7374723137',X'7374723138',1,'2015-02-02 18:08:18');

/*!40000 ALTER TABLE `abc_fund_apply` ENABLE KEYS */;
UNLOCK TABLES;


# Dump of table abc_fund_check
# ------------------------------------------------------------

DROP TABLE IF EXISTS `abc_fund_check`;

CREATE TABLE `abc_fund_check` (
  `fc_check_id` int(11) NOT NULL AUTO_INCREMENT COMMENT '主键ID',
  `fc_order_id` int(11) DEFAULT NULL COMMENT '预约ID(外键表：abc_fund_order)',
  `fc_check_emp` int(11) DEFAULT NULL COMMENT '审核人ID(外键表：abc_employee)',
  `fc_check_date` datetime DEFAULT NULL COMMENT '审核日期',
  `fc_check_idear` varchar(512) COLLATE utf8_bin DEFAULT NULL COMMENT '审核意见',
  `fc_recharge_money` decimal(18,2) DEFAULT NULL COMMENT '充值金额',
  `fc_recharge_date` datetime DEFAULT NULL COMMENT '充值日期',
  `fc_check_state` tinyint(1) DEFAULT NULL COMMENT '审核状态(1：已确认 2：已放弃)',
  PRIMARY KEY (`fc_check_id`)
) ENGINE=MyISAM DEFAULT CHARSET=utf8 COLLATE=utf8_bin;

LOCK TABLES `abc_fund_check` WRITE;
/*!40000 ALTER TABLE `abc_fund_check` DISABLE KEYS */;

INSERT INTO `abc_fund_check` (`fc_check_id`, `fc_order_id`, `fc_check_emp`, `fc_check_date`, `fc_check_idear`, `fc_recharge_money`, `fc_recharge_date`, `fc_check_state`)
VALUES
	(1,2,3,'2015-01-28 15:17:56',X'5454545454544F4F4F4F4F4F4F4F4F4F4F',5.00,NULL,1),
	(2,2,3,'2015-02-02 17:45:35',X'5454545454544F4F4F4F4F4F4F4F4F4F4F',5.00,NULL,1),
	(3,2,3,'2015-02-02 18:08:18',X'5454545454544F4F4F4F4F4F4F4F4F4F4F',5.00,NULL,1);

/*!40000 ALTER TABLE `abc_fund_check` ENABLE KEYS */;
UNLOCK TABLES;


# Dump of table abc_fund_order
# ------------------------------------------------------------

DROP TABLE IF EXISTS `abc_fund_order`;

CREATE TABLE `abc_fund_order` (
  `fo_order_id` int(11) NOT NULL AUTO_INCREMENT COMMENT '主键ID',
  `fo_fund_id` int(11) DEFAULT NULL COMMENT '有限合伙项目ID(外键表：abc_fund_apply)',
  `fo_user_id` int(11) DEFAULT NULL COMMENT '预约人',
  `fo_order_date` datetime DEFAULT NULL COMMENT '预约日期',
  `fo_user_name` varchar(32) COLLATE utf8_bin DEFAULT NULL COMMENT '预约人姓名',
  `fo_user_phone` varchar(32) COLLATE utf8_bin DEFAULT NULL COMMENT '预约人电话',
  `fo_order_state` tinyint(1) DEFAULT NULL COMMENT '预约状态(0：待审核 1：已确认 2：已放弃)',
  PRIMARY KEY (`fo_order_id`)
) ENGINE=MyISAM DEFAULT CHARSET=utf8 COLLATE=utf8_bin;

LOCK TABLES `abc_fund_order` WRITE;
/*!40000 ALTER TABLE `abc_fund_order` DISABLE KEYS */;

INSERT INTO `abc_fund_order` (`fo_order_id`, `fo_fund_id`, `fo_user_id`, `fo_order_date`, `fo_user_name`, `fo_user_phone`, `fo_order_state`)
VALUES
	(1,2,3,'2015-01-28 15:17:56',X'73747234',X'73747235',6),
	(2,2,3,'2015-02-02 17:45:35',X'73747234',X'73747235',6),
	(3,2,3,'2015-02-02 18:08:18',X'73747234',X'73747235',6);

/*!40000 ALTER TABLE `abc_fund_order` ENABLE KEYS */;
UNLOCK TABLES;


# Dump of table abc_fund_profit
# ------------------------------------------------------------

DROP TABLE IF EXISTS `abc_fund_profit`;

CREATE TABLE `abc_fund_profit` (
  `fp_profit_id` int(11) NOT NULL AUTO_INCREMENT COMMENT '主键ID',
  `fp_fund_id` int(11) DEFAULT NULL COMMENT '有限合伙表ID,外键表：abc_fund_apply',
  `fp_min_money` decimal(18,2) DEFAULT NULL COMMENT '最小金额',
  `fp_max_money` decimal(18,2) DEFAULT NULL COMMENT '最大金额',
  `fp_profit_yields` decimal(18,2) DEFAULT NULL COMMENT '年化收益率',
  PRIMARY KEY (`fp_profit_id`)
) ENGINE=MyISAM DEFAULT CHARSET=utf8 COLLATE=utf8_bin COMMENT='有限合伙预约-收益说明表';

LOCK TABLES `abc_fund_profit` WRITE;
/*!40000 ALTER TABLE `abc_fund_profit` DISABLE KEYS */;

INSERT INTO `abc_fund_profit` (`fp_profit_id`, `fp_fund_id`, `fp_min_money`, `fp_max_money`, `fp_profit_yields`)
VALUES
	(16,2,50.00,100.00,10.00),
	(15,2,500.00,50.00,7.00),
	(17,3,1.00,10.00,10.00),
	(19,4,20.00,10.00,10.00),
	(20,2,50230.00,512.10,53.33),
	(21,2,50230.00,512.10,53.33);

/*!40000 ALTER TABLE `abc_fund_profit` ENABLE KEYS */;
UNLOCK TABLES;


# Dump of table abc_gov_emp
# ------------------------------------------------------------

DROP TABLE IF EXISTS `abc_gov_emp`;

CREATE TABLE `abc_gov_emp` (
  `ge_id` int(11) NOT NULL AUTO_INCREMENT,
  `ge_emp_name` varchar(20) COLLATE utf8_bin DEFAULT NULL COMMENT '用户名',
  `ge_real_name` varchar(20) COLLATE utf8_bin DEFAULT NULL COMMENT '真实姓名',
  `ge_emp_sex` tinyint(1) DEFAULT NULL COMMENT '性别	0：女 1：男',
  `ge_emp_birthday` datetime DEFAULT NULL COMMENT '出生日期',
  `ge_emp_eamil` varchar(50) COLLATE utf8_bin DEFAULT NULL COMMENT '电子邮箱',
  `ge_emp_qq` varchar(20) COLLATE utf8_bin DEFAULT NULL COMMENT 'QQ',
  `ge_emp_phone` varchar(20) COLLATE utf8_bin DEFAULT NULL COMMENT '家庭电话',
  `ge_emp_mobile` varchar(20) COLLATE utf8_bin DEFAULT NULL COMMENT '手机',
  `ge_emp_address` varchar(512) COLLATE utf8_bin DEFAULT NULL COMMENT '详细地址',
  `ge_emp_state` tinyint(1) DEFAULT NULL COMMENT '用户状态	1：启用 0：停用',
  PRIMARY KEY (`ge_id`)
) ENGINE=InnoDB DEFAULT CHARSET=utf8 COLLATE=utf8_bin ROW_FORMAT=COMPACT COMMENT='小贷/担保机构用户管理表';



# Dump of table abc_gov_guar
# ------------------------------------------------------------

DROP TABLE IF EXISTS `abc_gov_guar`;

CREATE TABLE `abc_gov_guar` (
  `gg_id` int(11) NOT NULL AUTO_INCREMENT,
  `gg_gov_id` int(11) DEFAULT NULL COMMENT '机构ID',
  `gg_guar_id` int(11) DEFAULT NULL COMMENT '担保机构ID',
  `gg_guar_amount` decimal(18,2) DEFAULT '0.00' COMMENT '已担保额度',
  PRIMARY KEY (`gg_id`)
) ENGINE=InnoDB DEFAULT CHARSET=utf8 COLLATE=utf8_bin ROW_FORMAT=COMPACT COMMENT='机构信息与担保机构关联表';

LOCK TABLES `abc_gov_guar` WRITE;
/*!40000 ALTER TABLE `abc_gov_guar` DISABLE KEYS */;

INSERT INTO `abc_gov_guar` (`gg_id`, `gg_gov_id`, `gg_guar_id`, `gg_guar_amount`)
VALUES
	(1,3,1,500000.00),
	(2,4,2,1000000.00);

/*!40000 ALTER TABLE `abc_gov_guar` ENABLE KEYS */;
UNLOCK TABLES;


# Dump of table abc_gov_update_detail
# ------------------------------------------------------------

DROP TABLE IF EXISTS `abc_gov_update_detail`;

CREATE TABLE `abc_gov_update_detail` (
  `guh_id` int(11) NOT NULL AUTO_INCREMENT,
  `guh_update_history_id` int(11) DEFAULT NULL COMMENT '关联更新记录表ID',
  `guh_field` varchar(50) COLLATE utf8_bin DEFAULT NULL COMMENT '修改字段',
  `guh_field_old` text COLLATE utf8_bin COMMENT '修改前值',
  `guh_filed_new` text COLLATE utf8_bin COMMENT '修改后值',
  PRIMARY KEY (`guh_id`)
) ENGINE=InnoDB DEFAULT CHARSET=utf8 COLLATE=utf8_bin ROW_FORMAT=COMPACT COMMENT='机构字段信息更改详细记录表';

LOCK TABLES `abc_gov_update_detail` WRITE;
/*!40000 ALTER TABLE `abc_gov_update_detail` DISABLE KEYS */;

INSERT INTO `abc_gov_update_detail` (`guh_id`, `guh_update_history_id`, `guh_field`, `guh_field_old`, `guh_filed_new`)
VALUES
	(1,2,X'676F765F6E616D65',X'E4BFAEE694B9E5898DE580BC31',X'E4BFAEE694B9E5908EE580BC31'),
	(2,2,X'676F765F656D61696C',X'E4BFAEE694B9E5898DE580BC32',X'E4BFAEE694B9E5908EE580BC32'),
	(3,2,X'676F765F6E616D65',X'E4BFAEE694B9E5898DE580BC31',X'E4BFAEE694B9E5908EE580BC31'),
	(4,2,X'676F765F656D61696C',X'E4BFAEE694B9E5898DE580BC32',X'E4BFAEE694B9E5908EE580BC32'),
	(5,2,X'676F765F6E616D65',X'E4BFAEE694B9E5898DE580BC31',X'E4BFAEE694B9E5908EE580BC31'),
	(6,2,X'676F765F656D61696C',X'E4BFAEE694B9E5898DE580BC32',X'E4BFAEE694B9E5908EE580BC32');

/*!40000 ALTER TABLE `abc_gov_update_detail` ENABLE KEYS */;
UNLOCK TABLES;


# Dump of table abc_gov_update_history
# ------------------------------------------------------------

DROP TABLE IF EXISTS `abc_gov_update_history`;

CREATE TABLE `abc_gov_update_history` (
  `guh_id` int(11) NOT NULL AUTO_INCREMENT,
  `guh_govid` int(11) DEFAULT NULL COMMENT '机构ID 关联机构信息表',
  `guh_update_emp` int(11) DEFAULT NULL COMMENT '修改人 关联员工表',
  `guh_update_date` datetime DEFAULT NULL COMMENT '修改日期',
  `guh_update_number` int(11) DEFAULT NULL COMMENT '修改批次',
  `guh_auditor_id` int(11) DEFAULT NULL COMMENT '审核人 关联员工表（暂时没用，审核信息在review表中）',
  `guh_auditor_date` datetime DEFAULT NULL COMMENT '审核日期（暂时没用，审核信息在review表中）',
  `guh_audit_note` varchar(512) COLLATE utf8_bin DEFAULT NULL COMMENT '审核意见（暂时没用，审核信息在review表中）',
  `guh_audit_state` tinyint(1) DEFAULT NULL COMMENT '审核状态	0：待审核 1：审核已通过 2：审核未通过',
  PRIMARY KEY (`guh_id`)
) ENGINE=InnoDB DEFAULT CHARSET=utf8 COLLATE=utf8_bin ROW_FORMAT=COMPACT COMMENT='机构信息更新记录表，包含批次，修改人，审核人及审核结果等';



# Dump of table abc_government
# ------------------------------------------------------------

DROP TABLE IF EXISTS `abc_government`;

CREATE TABLE `abc_government` (
  `gov_out_seq_no` varchar(50) COLLATE utf8_bin DEFAULT NULL,
  `gov_id` int(11) NOT NULL AUTO_INCREMENT,
  `gov_name` varchar(50) COLLATE utf8_bin DEFAULT NULL COMMENT '机构名称',
  `gov_email` varchar(50) COLLATE utf8_bin DEFAULT NULL COMMENT '公司邮箱',
  `gov_no` varchar(20) COLLATE utf8_bin DEFAULT NULL COMMENT '组织机构代码',
  `gov_business_license` varchar(50) COLLATE utf8_bin DEFAULT NULL COMMENT '营业执照号码',
  `gov_scale` tinyint(1) DEFAULT NULL COMMENT '企业规模	"0:50人以下\n1:50~500人\n2:500人以上"',
  `gov_register_capital` decimal(18,2) DEFAULT NULL COMMENT '注册资金',
  `gov_total_capital` decimal(18,2) DEFAULT NULL COMMENT '资产总额',
  `gov_max_loan_amount` decimal(18,2) DEFAULT NULL COMMENT '最大借款额度',
  `gov_register_division` varchar(70) COLLATE utf8_bin DEFAULT NULL COMMENT '注册地行政区划',
  `gov_register_address` varchar(125) COLLATE utf8_bin DEFAULT NULL COMMENT '注册地址',
  `gov_register_date` datetime DEFAULT NULL COMMENT '注册日期',
  `gov_contact` varchar(70) COLLATE utf8_bin DEFAULT NULL COMMENT '联系人',
  `gov_contact_phone` varchar(20) COLLATE utf8_bin DEFAULT NULL COMMENT '联系电话',
  `gov_customer_manager` int(11) DEFAULT NULL COMMENT '客户经理',
  `gov_corporate` varchar(70) COLLATE utf8_bin DEFAULT NULL COMMENT '法定代表人',
  `gov_doc_type` varchar(50) COLLATE utf8_bin DEFAULT NULL COMMENT '证件类型',
  `gov_doc_no` varchar(50) COLLATE utf8_bin DEFAULT NULL COMMENT '证件号码',
  `gov_credit_level` varchar(50) COLLATE utf8_bin DEFAULT NULL COMMENT '信用级别',
  `gov_area` varchar(20) COLLATE utf8_bin DEFAULT NULL COMMENT '所属地区',
  `gov_address_detail` varchar(1024) COLLATE utf8_bin DEFAULT NULL COMMENT '详细地址',
  `gov_is_offer_guar` tinyint(1) DEFAULT NULL COMMENT '是否提供担保	1：是 0：否',
  `gov_max_guar_amount` decimal(18,2) DEFAULT NULL COMMENT '最大担保额度',
  `gov_sett_guar_amount` decimal(18,2) DEFAULT NULL COMMENT '可用担保额度',
  `gov_logo` varchar(100) COLLATE utf8_bin DEFAULT NULL COMMENT '机构logo图片',
  `gov_profile` text COLLATE utf8_bin COMMENT '公司概况',
  `gov_team_management` text COLLATE utf8_bin COMMENT '团队管理',
  `gov_development_history` text COLLATE utf8_bin COMMENT '发展历史',
  `gov_guar_card` text COLLATE utf8_bin COMMENT '融资性担保牌照',
  `gov_partner` text COLLATE utf8_bin COMMENT '合作机构',
  `gov_cooperate_agreement` text COLLATE utf8_bin COMMENT '合作协议',
  `gov_is_enable` tinyint(1) DEFAULT '1' COMMENT '是否启用	1：启用 0：停用 -1 : 已删除',
  `gov_state` tinyint(1) DEFAULT NULL COMMENT '机构状态	0：待审核 1：审核已通过 2：审核未通过',
  `gov_reviewer` int(11) DEFAULT NULL COMMENT '审核人',
  `gov_review_date` datetime DEFAULT NULL COMMENT '审核日期',
  `gov_add_emp` int(11) DEFAULT NULL COMMENT '添加人',
  `gov_add_date` datetime DEFAULT NULL COMMENT '添加日期',
  `gov_last_modify_time` datetime DEFAULT NULL,
  PRIMARY KEY (`gov_id`)
) ENGINE=InnoDB DEFAULT CHARSET=utf8 COLLATE=utf8_bin ROW_FORMAT=COMPACT COMMENT='机构信息表';

LOCK TABLES `abc_government` WRITE;
/*!40000 ALTER TABLE `abc_government` DISABLE KEYS */;

INSERT INTO `abc_government` (`gov_out_seq_no`, `gov_id`, `gov_name`, `gov_email`, `gov_no`, `gov_business_license`, `gov_scale`, `gov_register_capital`, `gov_total_capital`, `gov_max_loan_amount`, `gov_register_division`, `gov_register_address`, `gov_register_date`, `gov_contact`, `gov_contact_phone`, `gov_customer_manager`, `gov_corporate`, `gov_doc_type`, `gov_doc_no`, `gov_credit_level`, `gov_area`, `gov_address_detail`, `gov_is_offer_guar`, `gov_max_guar_amount`, `gov_sett_guar_amount`, `gov_logo`, `gov_profile`, `gov_team_management`, `gov_development_history`, `gov_guar_card`, `gov_partner`, `gov_cooperate_agreement`, `gov_is_enable`, `gov_state`, `gov_reviewer`, `gov_review_date`, `gov_add_emp`, `gov_add_date`, `gov_last_modify_time`)
VALUES
	(X'6D3232383130',1,X'E68B85E4BF9DE585ACE58FB831',NULL,X'64616E62616F31',NULL,0,NULL,NULL,NULL,NULL,NULL,NULL,NULL,NULL,NULL,NULL,NULL,NULL,NULL,X'31303030',NULL,1,1000000.00,500000.00,NULL,NULL,NULL,NULL,NULL,NULL,NULL,1,NULL,NULL,NULL,112,'2015-01-23 11:31:12','2015-01-23 11:31:12'),
	(X'6D3232383130',2,X'E68B85E4BF9DE585ACE58FB832',NULL,X'64616E62616F32',NULL,0,NULL,NULL,NULL,NULL,NULL,NULL,NULL,NULL,NULL,NULL,NULL,NULL,NULL,X'31303030',NULL,1,2000000.00,1000000.00,NULL,NULL,NULL,NULL,NULL,NULL,NULL,1,NULL,NULL,NULL,112,'2015-01-23 11:31:30','2015-01-23 11:31:30'),
	(X'6D3232383130',3,X'E5B08FE8B4B731',NULL,X'7869616F64616931',NULL,0,NULL,NULL,500000.00,NULL,NULL,NULL,NULL,NULL,NULL,NULL,NULL,NULL,NULL,X'31303030',NULL,0,NULL,NULL,NULL,NULL,NULL,NULL,NULL,NULL,NULL,1,NULL,NULL,NULL,112,'2015-01-23 11:32:00','2015-01-23 11:32:00'),
	(X'6D3232383130',4,X'E5B08FE8B4B7E585ACE58FB832',NULL,X'7869616F64616932',NULL,0,NULL,NULL,1000000.00,NULL,NULL,NULL,NULL,NULL,NULL,NULL,NULL,NULL,NULL,X'31303030',NULL,0,NULL,NULL,NULL,NULL,NULL,NULL,NULL,NULL,NULL,1,NULL,NULL,NULL,112,'2015-01-23 11:32:31','2015-01-23 11:32:31'),
	(X'6D3232383130',5,X'3131',NULL,X'313131',X'313131',0,NULL,NULL,1111.00,NULL,NULL,NULL,NULL,NULL,NULL,NULL,NULL,NULL,NULL,X'31303030',NULL,0,NULL,NULL,NULL,NULL,NULL,NULL,NULL,NULL,NULL,-1,NULL,NULL,NULL,112,'2015-02-09 13:48:13','2015-02-09 13:48:59');

/*!40000 ALTER TABLE `abc_government` ENABLE KEYS */;
UNLOCK TABLES;


# Dump of table abc_invest
# ------------------------------------------------------------

DROP TABLE IF EXISTS `abc_invest`;

CREATE TABLE `abc_invest` (
  `in_id` int(11) unsigned NOT NULL AUTO_INCREMENT COMMENT '主键id',
  `in_user_id` int(11) NOT NULL COMMENT '投资人',
  `in_createtime` datetime NOT NULL COMMENT '投资日期',
  `in_modifytime` datetime NOT NULL COMMENT '更新日期',
  `in_invest_money` decimal(18,2) NOT NULL DEFAULT '0.00' COMMENT '投资金额',
  `in_valid_invest_money` decimal(18,2) NOT NULL DEFAULT '0.00' COMMENT '有效投资金额',
  `in_invest_state` tinyint(1) NOT NULL COMMENT '投资状态 -1：已删除 0：未支付 1:支付失败 2:支付成功 3:已撤资 4:待收益 5:被转让 6:被收购 7:收益完成',
  `in_inner_seq_no` varchar(64) CHARACTER SET utf8 COLLATE utf8_bin DEFAULT NULL COMMENT '内部交易流水号',
  `in_withdraw_seq_no` varchar(64) CHARACTER SET utf8 COLLATE utf8_bin DEFAULT NULL COMMENT '撤投交易流水号',
  `in_origin_id` int(11) NOT NULL COMMENT '原始贷款id',
  `in_bid_type` tinyint(11) NOT NULL COMMENT '标类型：0:普通标 1:转让标 2:收购标',
  `in_bid_id` int(11) NOT NULL COMMENT '根据标类型，外键到不同的标',
  PRIMARY KEY (`in_id`)
) ENGINE=InnoDB DEFAULT CHARSET=utf8 COMMENT='项目投资表';

LOCK TABLES `abc_invest` WRITE;
/*!40000 ALTER TABLE `abc_invest` DISABLE KEYS */;

INSERT INTO `abc_invest` (`in_id`, `in_user_id`, `in_createtime`, `in_modifytime`, `in_invest_money`, `in_valid_invest_money`, `in_invest_state`, `in_inner_seq_no`, `in_withdraw_seq_no`, `in_origin_id`, `in_bid_type`, `in_bid_id`)
VALUES
	(1,2,'2015-01-23 14:13:12','2015-01-23 14:13:12',50000.00,50000.00,4,X'62306230316633372D313462332D343235362D623934382D623437626132333265396432',NULL,1,0,1),
	(2,3,'2015-01-24 16:00:08','2015-01-24 16:00:08',1000.00,1000.00,4,X'31666666656237372D313035362D343138622D626661642D646265356134386634356163',NULL,3,0,3),
	(3,1,'2015-01-24 16:00:21','2015-01-24 16:00:21',200.00,200.00,4,X'38363162666665312D373463652D343066632D396262642D613461383334356332346533',NULL,3,0,3),
	(4,5,'2015-01-24 17:18:13','2015-01-24 17:18:14',5000.00,5000.00,2,X'33393330356133642D623366352D343566352D396635612D653963343966333235633166',NULL,4,0,4),
	(5,4,'2015-01-24 17:18:39','2015-01-24 17:18:39',5000.00,5000.00,2,X'65346537383432312D663737372D346136382D396564322D333361383934316239346435',NULL,4,0,4),
	(6,1,'2015-01-24 22:25:26','2015-01-24 22:25:26',800.00,800.00,2,X'38616466336365312D376238622D343731642D396166312D653536313565643266396265',NULL,3,1,1),
	(7,2,'2015-01-26 09:49:33','2015-01-26 09:57:49',1000.00,1000.00,5,X'35613138663264342D306130332D343737662D616266352D383866326232346531386230',NULL,5,0,5),
	(8,3,'2015-01-26 09:52:41','2015-01-26 09:57:49',900.00,900.00,4,X'30656164626163312D333465332D343835662D626133302D656366363230666435393762',NULL,5,1,2),
	(9,3,'2015-01-26 10:08:19','2015-01-26 10:08:19',1000.00,0.00,2,NULL,NULL,5,2,1),
	(10,2,'2015-01-26 11:20:37','2015-01-26 11:38:36',1000.00,1000.00,5,X'31663330383532392D363339372D343331342D386631342D626166663865633831383930',NULL,6,0,6),
	(11,2,'2015-01-26 11:23:16','2015-01-26 11:23:16',1000.00,0.00,2,NULL,NULL,6,2,3),
	(12,3,'2015-01-26 11:27:35','2015-01-26 11:38:36',700.00,700.00,4,X'64393832626666382D656234642D343838332D626332392D333961333066623737323035',NULL,6,1,3),
	(13,1,'2015-01-26 13:15:24','2015-01-26 13:20:09',950.00,950.00,5,X'36373464303131652D313961302D343062332D386536352D313762393136373731393064',NULL,8,0,8),
	(14,2,'2015-01-26 13:15:30','2015-01-26 13:17:13',50.00,50.00,4,X'35306332306466332D363033352D343537322D383163362D306430393666323466346665',NULL,8,0,8),
	(15,3,'2015-01-26 13:18:46','2015-01-26 13:20:09',500.00,500.00,4,X'30633163653834342D663237642D346231322D393537662D313331353034666234376464',NULL,8,1,4),
	(16,2,'2015-01-26 13:24:29','2015-01-26 13:24:29',50.00,0.00,2,NULL,NULL,8,2,4),
	(17,3,'2015-01-26 13:44:12','2015-01-26 13:44:12',950.00,0.00,2,NULL,NULL,8,2,4),
	(18,1,'2015-01-28 14:26:27','2015-01-28 15:57:21',1000.00,1000.00,4,X'66353964613434612D643162632D343062382D396534312D373263363663633563613665',NULL,11,0,11),
	(19,1,'2015-01-29 17:11:00','2015-01-29 17:11:00',1000.00,1000.00,2,X'34336437393339352D353262612D343931392D623835362D383437396161616138646236',NULL,15,0,15),
	(20,1,'2015-01-29 20:48:31','2015-01-29 20:54:03',1000.00,1000.00,4,X'36383165636332322D333536352D343534322D623461652D653563366463656566336633',NULL,17,0,17),
	(21,2,'2015-01-29 20:51:45','2015-01-29 20:55:13',1000.00,1000.00,4,X'32323061303935612D316530392D343739612D616634302D356234393562373764643862',NULL,18,0,18),
	(22,3,'2015-01-29 21:07:31','2015-01-29 21:07:31',400.00,400.00,2,X'38663333623237312D396163362D343962612D626131652D626433663934363534663564',NULL,17,1,5),
	(23,1,'2015-01-30 14:02:30','2015-01-30 14:06:00',1000.00,1000.00,6,X'34393564373739302D353563312D343564342D623737392D633462316132343037336435',NULL,24,0,24),
	(24,1,'2015-01-30 14:04:22','2015-01-30 14:06:00',1000.00,0.00,7,NULL,NULL,24,2,6),
	(25,1,'2015-01-30 21:01:30','2015-01-30 21:02:13',100.00,100.00,4,X'39666539323066342D336338352D343761332D383836312D373564383734393062376433',NULL,23,0,23),
	(26,3,'2015-01-30 21:03:54','2015-01-30 21:03:54',90.00,90.00,2,X'38393266396535642D316261322D346136342D613239642D643332613162343933643934',NULL,23,1,7),
	(27,6,'2015-01-31 16:42:46','2015-01-31 17:32:27',2000.00,2000.00,4,X'33386262656430342D643636372D346264372D383032652D333737326436366563653131',NULL,29,0,29),
	(28,4,'2015-01-31 17:34:42','2015-01-31 17:34:43',1000.00,1000.00,2,X'31393432636331662D646130372D343466302D393635312D633566646334393066306165',NULL,29,1,8),
	(29,1,'2015-02-07 18:07:32','2015-02-07 18:08:44',1000.00,1000.00,4,X'36353866313036322D653665612D343364392D613461382D636431373235333365613535',NULL,30,0,30),
	(30,3,'2015-02-07 18:07:38','2015-02-07 18:08:44',234.00,234.00,4,X'66623661656665392D313437372D346666652D613234312D313534376331646231643538',NULL,30,0,30),
	(31,1,'2015-02-09 15:11:18','2015-02-09 15:11:18',888.00,0.00,0,X'61346363386564632D396537652D346434632D613132302D383762333562386535653733',NULL,85,0,19),
	(32,12,'2015-02-09 15:15:40','2015-02-09 15:15:40',200.00,0.00,0,X'61616633393431642D393631652D343463312D613537302D656666316661633638633631',NULL,85,0,19);

/*!40000 ALTER TABLE `abc_invest` ENABLE KEYS */;
UNLOCK TABLES;


# Dump of table abc_invest_order
# ------------------------------------------------------------

DROP TABLE IF EXISTS `abc_invest_order`;

CREATE TABLE `abc_invest_order` (
  `io_id` int(11) unsigned NOT NULL AUTO_INCREMENT COMMENT '主键id',
  `io_origin_id` int(11) NOT NULL COMMENT '原始贷款id',
  `io_user_id` int(11) NOT NULL COMMENT '投资人',
  `io_order_money` decimal(18,2) NOT NULL COMMENT '订单金额',
  `io_bid_type` tinyint(1) NOT NULL COMMENT '标类型 1：正常标 2：转让标 3：收购标',
  `io_bid_id` int(11) NOT NULL COMMENT '根据标类型，外键到不同的标',
  `io_inner_seq_no` varchar(64) CHARACTER SET utf8 COLLATE utf8_bin DEFAULT NULL COMMENT '内部交易流水号',
  `io_order_state` tinyint(1) NOT NULL COMMENT '订单状态 -1：已删除 0：未支付 1:支付失败 2:支付成功',
  `io_createtime` datetime NOT NULL COMMENT '订单创建日期',
  `io_modifytime` datetime NOT NULL COMMENT '订单更新日期',
  PRIMARY KEY (`io_id`)
) ENGINE=InnoDB DEFAULT CHARSET=utf8 COMMENT='项目投资订单表';

LOCK TABLES `abc_invest_order` WRITE;
/*!40000 ALTER TABLE `abc_invest_order` DISABLE KEYS */;

INSERT INTO `abc_invest_order` (`io_id`, `io_origin_id`, `io_user_id`, `io_order_money`, `io_bid_type`, `io_bid_id`, `io_inner_seq_no`, `io_order_state`, `io_createtime`, `io_modifytime`)
VALUES
	(1,1,2,50000.00,0,1,X'62306230316633372D313462332D343235362D623934382D623437626132333265396432',2,'2015-01-23 14:13:12','2015-01-23 14:13:12'),
	(2,3,3,1000.00,0,3,X'31666666656237372D313035362D343138622D626661642D646265356134386634356163',2,'2015-01-24 16:00:08','2015-01-24 16:00:08'),
	(3,3,1,200.00,0,3,X'38363162666665312D373463652D343066632D396262642D613461383334356332346533',2,'2015-01-24 16:00:21','2015-01-24 16:00:21'),
	(4,4,5,5000.00,0,4,X'33393330356133642D623366352D343566352D396635612D653963343966333235633166',2,'2015-01-24 17:18:13','2015-01-24 17:18:14'),
	(5,4,4,5000.00,0,4,X'65346537383432312D663737372D346136382D396564322D333361383934316239346435',2,'2015-01-24 17:18:39','2015-01-24 17:18:39'),
	(6,3,1,800.00,1,1,X'38616466336365312D376238622D343731642D396166312D653536313565643266396265',2,'2015-01-24 22:25:26','2015-01-24 22:25:26'),
	(7,5,2,1000.00,0,5,X'35613138663264342D306130332D343737662D616266352D383866326232346531386230',2,'2015-01-26 09:49:33','2015-01-26 09:49:34'),
	(8,5,3,900.00,1,2,X'30656164626163312D333465332D343835662D626133302D656366363230666435393762',2,'2015-01-26 09:52:41','2015-01-26 09:52:41'),
	(9,6,2,1000.00,0,6,X'31663330383532392D363339372D343331342D386631342D626166663865633831383930',2,'2015-01-26 11:20:37','2015-01-26 11:20:37'),
	(10,6,3,700.00,1,3,X'64393832626666382D656234642D343838332D626332392D333961333066623737323035',2,'2015-01-26 11:27:35','2015-01-26 11:27:35'),
	(11,8,1,950.00,0,8,X'36373464303131652D313961302D343062332D386536352D313762393136373731393064',2,'2015-01-26 13:15:24','2015-01-26 13:15:24'),
	(12,8,2,50.00,0,8,X'35306332306466332D363033352D343537322D383163362D306430393666323466346665',2,'2015-01-26 13:15:30','2015-01-26 13:15:30'),
	(13,8,3,500.00,1,4,X'30633163653834342D663237642D346231322D393537662D313331353034666234376464',2,'2015-01-26 13:18:46','2015-01-26 13:18:46'),
	(14,11,1,1000.00,0,11,X'66353964613434612D643162632D343062382D396534312D373263363663633563613665',2,'2015-01-28 14:26:27','2015-01-28 14:26:27'),
	(15,15,1,1000.00,0,15,X'34336437393339352D353262612D343931392D623835362D383437396161616138646236',2,'2015-01-29 17:11:00','2015-01-29 17:11:00'),
	(16,17,1,1000.00,0,17,X'36383165636332322D333536352D343534322D623461652D653563366463656566336633',2,'2015-01-29 20:48:31','2015-01-29 20:48:31'),
	(17,18,2,1000.00,0,18,X'32323061303935612D316530392D343739612D616634302D356234393562373764643862',2,'2015-01-29 20:51:45','2015-01-29 20:51:45'),
	(18,17,3,400.00,1,5,X'38663333623237312D396163362D343962612D626131652D626433663934363534663564',2,'2015-01-29 21:07:31','2015-01-29 21:07:31'),
	(19,24,1,1000.00,0,24,X'34393564373739302D353563312D343564342D623737392D633462316132343037336435',2,'2015-01-30 14:02:30','2015-01-30 14:02:30'),
	(20,23,1,100.00,0,23,X'39666539323066342D336338352D343761332D383836312D373564383734393062376433',2,'2015-01-30 21:01:30','2015-01-30 21:01:30'),
	(21,23,3,90.00,1,7,X'38393266396535642D316261322D346136342D613239642D643332613162343933643934',2,'2015-01-30 21:03:54','2015-01-30 21:03:54'),
	(22,29,6,2000.00,0,29,X'33386262656430342D643636372D346264372D383032652D333737326436366563653131',2,'2015-01-31 16:42:46','2015-01-31 16:42:46'),
	(23,29,4,1000.00,1,8,X'31393432636331662D646130372D343466302D393635312D633566646334393066306165',2,'2015-01-31 17:34:42','2015-01-31 17:34:43'),
	(24,30,1,1000.00,0,30,X'36353866313036322D653665612D343364392D613461382D636431373235333365613535',2,'2015-02-07 18:07:32','2015-02-07 18:07:32'),
	(25,30,3,234.00,0,30,X'66623661656665392D313437372D346666652D613234312D313534376331646231643538',2,'2015-02-07 18:07:38','2015-02-07 18:07:38'),
	(26,85,1,888.00,0,19,X'61346363386564632D396537652D346434632D613132302D383762333562386535653733',0,'2015-02-09 15:11:18','2015-02-09 15:11:18'),
	(27,85,12,200.00,0,19,X'61616633393431642D393631652D343463312D613537302D656666316661633638633631',0,'2015-02-09 15:15:40','2015-02-09 15:15:40');

/*!40000 ALTER TABLE `abc_invest_order` ENABLE KEYS */;
UNLOCK TABLES;


# Dump of table abc_invest_record
# ------------------------------------------------------------

DROP TABLE IF EXISTS `abc_invest_record`;

CREATE TABLE `abc_invest_record` (
  `ir_id` int(11) unsigned NOT NULL AUTO_INCREMENT COMMENT '主键id',
  `ir_loan_id` int(11) NOT NULL COMMENT '贷款id',
  `ir_transfer_id` int(11) DEFAULT NULL COMMENT '转让申请id',
  `ir_invest_emp` int(11) NOT NULL COMMENT '投资人',
  `ir_invest_money` decimal(18,2) DEFAULT NULL COMMENT '投资金额',
  `ir_credit_money` decimal(18,2) DEFAULT NULL COMMENT '实际项目金额',
  `ir_invest_time` datetime DEFAULT NULL COMMENT '投资日期',
  `ir_order_time` datetime DEFAULT NULL COMMENT '投标订单日期',
  `ir_order_no` varchar(11) CHARACTER SET utf8 COLLATE utf8_bin DEFAULT NULL COMMENT '投标订单流水号',
  `ir_transact_mark` varchar(11) CHARACTER SET utf8 COLLATE utf8_bin DEFAULT NULL COMMENT '商户专属交易唯一标识',
  `ir_frozen_state` tinyint(1) DEFAULT NULL COMMENT '冻结状态 1：已冻结 0：已解冻',
  `ir_transfer_state` tinyint(1) DEFAULT NULL COMMENT '划转状态 1：已划转 0：未划转',
  `ir_invest_type` tinyint(1) DEFAULT NULL COMMENT '投资类型 1：正常标 2：转让标 3：收购标',
  `ir_deleted` tinyint(1) DEFAULT NULL COMMENT '删除标记 1：已删除 0：未删除',
  `ir_cash_record_id` int(11) DEFAULT NULL COMMENT '资金操作记录id',
  PRIMARY KEY (`ir_id`)
) ENGINE=InnoDB DEFAULT CHARSET=utf8 COMMENT='投资项目表';



# Dump of table abc_invite
# ------------------------------------------------------------

DROP TABLE IF EXISTS `abc_invite`;

CREATE TABLE `abc_invite` (
  `invite_id` int(11) NOT NULL AUTO_INCREMENT,
  `invite_user_id` int(11) DEFAULT NULL COMMENT '邀请人id',
  `invite_invitee_id` int(11) DEFAULT NULL COMMENT '被邀请人id',
  `invite_user_type` tinyint(1) DEFAULT NULL COMMENT '邀请人类型 1：前台网友 2：平台用户',
  `invite_is_valid` tinyint(1) DEFAULT NULL COMMENT '是否已生效  0：未生效 1：已生效',
  `invite_start_date` datetime DEFAULT NULL COMMENT '开始日期',
  `invite_end_date` datetime DEFAULT NULL COMMENT '到期日期',
  `invite_reward_money` decimal(18,2) DEFAULT NULL COMMENT '奖励邀请人金额',
  `invite_reward_state` tinyint(1) DEFAULT NULL COMMENT '是否已使用	0：未使用 1：已使用',
  `invite_create_time` datetime DEFAULT NULL COMMENT '创建时间',
  `invite_last_modify_time` datetime DEFAULT NULL COMMENT '最后修改时间',
  PRIMARY KEY (`invite_id`)
) ENGINE=InnoDB DEFAULT CHARSET=utf8 COLLATE=utf8_bin ROW_FORMAT=COMPACT COMMENT='推荐邀请表';



# Dump of table abc_level
# ------------------------------------------------------------

DROP TABLE IF EXISTS `abc_level`;

CREATE TABLE `abc_level` (
  `lev_id` int(11) NOT NULL AUTO_INCREMENT,
  `lev_name` varchar(50) COLLATE utf8_bin DEFAULT NULL COMMENT '等级名称',
  `lev_min_score` decimal(18,2) DEFAULT NULL COMMENT '等级最小积分值',
  `lev_max_score` decimal(18,2) DEFAULT NULL COMMENT '等级最大积分值',
  `lev_icon` varchar(512) COLLATE utf8_bin DEFAULT NULL COMMENT '等级图片路径',
  PRIMARY KEY (`lev_id`)
) ENGINE=InnoDB DEFAULT CHARSET=utf8 COLLATE=utf8_bin ROW_FORMAT=COMPACT COMMENT='等级信息表';

LOCK TABLES `abc_level` WRITE;
/*!40000 ALTER TABLE `abc_level` DISABLE KEYS */;

INSERT INTO `abc_level` (`lev_id`, `lev_name`, `lev_min_score`, `lev_max_score`, `lev_icon`)
VALUES
	(113,X'E4B880E7BAA7',0.00,9.00,X'2F496D616765732F6C6576656C2F735F7265645F312E676966'),
	(114,X'E4BA8CE7BAA7',10.00,19.00,X'2F496D616765732F6C6576656C2F735F7265645F322E676966'),
	(115,X'E4B889E7BAA7',20.00,29.00,X'2F496D616765732F6C6576656C2F735F7265645F332E676966'),
	(116,X'E59B9BE7BAA7',30.00,39.00,X'2F496D616765732F6C6576656C2F735F7265645F342E676966'),
	(117,X'E4BA94E7BAA7',40.00,49.00,X'2F496D616765732F6C6576656C2F735F7265645F352E676966'),
	(118,X'E585ADE7BAA7',50.00,59.00,X'2F496D616765732F6C6576656C2F735F626C75655F312E676966'),
	(119,X'E4B883E7BAA7',60.00,69.00,X'2F496D616765732F6C6576656C2F735F626C75655F322E676966'),
	(120,X'E585ABE7BAA7',70.00,79.00,X'2F496D616765732F6C6576656C2F735F626C75655F332E676966'),
	(121,X'E6B58BE8AF95E5908DE5AD9731',80.00,99.00,X'2F496D616765732F6C6576656C2F735F626C75655F342E676966'),
	(122,X'E6B58BE8AF95E5908DE5AD9732',100.50,150.01,X'2F496D616765732F6C6576656C2F735F626C75655F352E676966'),
	(123,X'E6B58BE8AF95E5908DE5AD9731',1.00,9.00,X'617364'),
	(124,X'E6B58BE8AF95E5908DE5AD9732',10.00,19.00,X'617364'),
	(125,X'E6B58BE8AF95E5908DE5AD9731',1.00,9.00,X'617364'),
	(126,X'E6B58BE8AF95E5908DE5AD9732',10.00,19.00,X'617364');

/*!40000 ALTER TABLE `abc_level` ENABLE KEYS */;
UNLOCK TABLES;


# Dump of table abc_loan
# ------------------------------------------------------------

DROP TABLE IF EXISTS `abc_loan`;

CREATE TABLE `abc_loan` (
  `loan_id` int(11) unsigned NOT NULL AUTO_INCREMENT COMMENT '主键id',
  `loan_logo` varchar(256) DEFAULT NULL COMMENT '项目logo',
  `loan_from_intent` tinyint(1) DEFAULT NULL COMMENT '是否来自前台意向',
  `loan_intent_id` int(11) DEFAULT NULL COMMENT '意向申请id',
  `loan_no` varchar(50) CHARACTER SET utf8 COLLATE utf8_bin DEFAULT NULL COMMENT '项目编号',
  `loan_emp_type` tinyint(1) DEFAULT '0' COMMENT '借款人类型 1:个人 2:企业 3:借款结构 4:平台',
  `loan_user_id` int(11) NOT NULL COMMENT '借款人id',
  `loan_gov` int(11) DEFAULT NULL COMMENT '借款机构id 外键',
  `loan_guar_gov` int(11) DEFAULT NULL COMMENT '担保机构id 外键',
  `loan_money` decimal(18,2) NOT NULL COMMENT '借款金额',
  `loan_rate` decimal(18,2) NOT NULL COMMENT '年化收益率',
  `loan_period` int(11) NOT NULL COMMENT '借款期限',
  `loan_period_type` tinyint(1) NOT NULL COMMENT '期限类型 1:年 2:月 3:日',
  `loan_min_invest` decimal(18,2) NOT NULL DEFAULT '0.00' COMMENT '最低投标金额',
  `loan_max_invest` decimal(18,2) DEFAULT NULL COMMENT '最高投标金额',
  `loan_current_invest` decimal(18,2) NOT NULL DEFAULT '0.00' COMMENT '当前投标总额',
  `loan_current_valid_invest` decimal(18,2) NOT NULL DEFAULT '0.00' COMMENT '当前有效投标总额',
  `loan_pay_type` tinyint(1) NOT NULL DEFAULT '0' COMMENT '还款方式 1:等额本息 2:按月还息到月还本 3:等额本金',
  `loan_product` int(11) DEFAULT NULL COMMENT '项目类型 外键',
  `loan_invest_starttime` datetime DEFAULT NULL COMMENT '投资开始时间',
  `loan_invest_endtime` datetime DEFAULT NULL COMMENT '投资结束时间',
  `loan_invest_fulltime` datetime DEFAULT NULL COMMENT '投资满标时间',
  `loan_full_transferedtime` datetime DEFAULT NULL COMMENT '放款成功日期',
  `loan_clear_type` tinyint(1) NOT NULL COMMENT '结算方式 1:固定还款日 2:非固定还款日',
  `loan_use` varchar(512) DEFAULT NULL COMMENT '借款用途',
  `loan_note` text COMMENT '项目备注',
  `loan_state` tinyint(2) NOT NULL COMMENT '项目状态 -1:已删除 1:意向待审核 2:意向审核通过 3:意向审核未通过 4:待项目初审 5:项目初审通过 6:项目初审已退回 7:项目初审未通过 8:待发布 9:招标中 10:满标待审 11:满标审核通过 12:满标审核未通过 13:已流标 14:划转中 15:还款中 16:已结清 17: 融资维护待审核 18: 融资维护审核通过 19: 融资维护审核未通过',
  `loan_category` tinyint(1) NOT NULL COMMENT '项目分类 1:企业经营贷 2:房屋抵押贷 3:汽车抵押贷 4:个人轻松贷',
  `loan_category_id` int(11) DEFAULT NULL COMMENT '项目分类 外键',
  `loan_file_url` varchar(512) DEFAULT NULL COMMENT '附件url',
  `loan_creator` int(11) NOT NULL COMMENT '添加人 外键',
  `loan_modifier` int(11) NOT NULL COMMENT '修改人 外键',
  `loan_createtime` datetime NOT NULL COMMENT '创建时间',
  `loan_modifiytime` datetime NOT NULL COMMENT '修改时间',
  `loan_deleted` tinyint(1) NOT NULL COMMENT '删除标记 0:未删除 1:已删除',
  PRIMARY KEY (`loan_id`),
  KEY `intentLockIndex` (`loan_intent_id`)
) ENGINE=InnoDB DEFAULT CHARSET=utf8 COMMENT='项目申请表';

LOCK TABLES `abc_loan` WRITE;
/*!40000 ALTER TABLE `abc_loan` DISABLE KEYS */;

INSERT INTO `abc_loan` (`loan_id`, `loan_logo`, `loan_from_intent`, `loan_intent_id`, `loan_no`, `loan_emp_type`, `loan_user_id`, `loan_gov`, `loan_guar_gov`, `loan_money`, `loan_rate`, `loan_period`, `loan_period_type`, `loan_min_invest`, `loan_max_invest`, `loan_current_invest`, `loan_current_valid_invest`, `loan_pay_type`, `loan_product`, `loan_invest_starttime`, `loan_invest_endtime`, `loan_invest_fulltime`, `loan_full_transferedtime`, `loan_clear_type`, `loan_use`, `loan_note`, `loan_state`, `loan_category`, `loan_category_id`, `loan_file_url`, `loan_creator`, `loan_modifier`, `loan_createtime`, `loan_modifiytime`, `loan_deleted`)
VALUES
	(1,'http://autoserve.oss-cn-hangzhou.aliyuncs.com/19d4df07-de4f-4a5c-bd67-72b6519409ae.jpg',0,NULL,X'E79A963230313530313233E5AD97E7ACAC30303031E58FB7',1,1,NULL,1,50000.00,12.00,12,2,100.00,50000.00,50000.00,50000.00,1,NULL,NULL,'2015-01-31 00:00:00','2015-01-23 14:13:21','2015-01-23 16:36:46',1,'123','123213',15,1,NULL,'794e9b76-fb8f-444d-985c-a4b571d527ac',117,112,'2015-01-23 13:31:11','2015-01-23 16:36:14',0),
	(2,'http://autoserve.oss-cn-hangzhou.aliyuncs.com/150990a0-689c-4d22-8b15-44871587c5b3.gif',0,NULL,X'E79A963230313530313233E5AD97E7ACAC30303032E58FB7',1,4,NULL,2,1200.00,12.00,3,2,1.00,1200.00,0.00,0.00,1,NULL,NULL,'2015-01-28 00:00:00',NULL,NULL,1,'21','1111',-1,1,NULL,'2ed08af4-82f1-4fd5-af71-8ee543c33797',112,112,'2015-01-23 17:51:39','2015-01-27 17:24:55',0),
	(3,'http://autoserve.oss-cn-hangzhou.aliyuncs.com/5c085b72-7bfa-4167-a003-649c29206a8e.jpg',0,NULL,X'E79A963230313530313234E5AD97E7ACAC30303033E58FB7',1,5,NULL,1,1200.00,12.00,3,1,1.00,1200.00,1200.00,1200.00,2,NULL,NULL,'2015-01-29 00:00:00','2015-01-24 16:00:52','2015-01-24 18:39:01',1,'test','待',9,1,NULL,'446f9483-97e6-4974-8919-fe8f91a95d72',112,112,'2015-01-24 15:53:42','2015-01-26 09:48:46',0),
	(4,NULL,1,1,X'E79A963230313530313234E5AD97E7ACAC30303034E58FB7',NULL,2,NULL,1,10000.00,12.00,1,1,1000.00,10000.00,10000.00,10000.00,1,NULL,NULL,'2015-01-31 00:00:00','2015-01-24 17:18:57',NULL,1,'测试',NULL,11,1,NULL,'ffdb4975-5d7d-466d-873d-29b1701d2a8a',112,112,'2015-01-24 16:45:31','2015-01-24 17:19:52',0),
	(5,NULL,0,NULL,X'E79A963230313530313236E5AD97E7ACAC30303035E58FB7',1,4,NULL,1,1000.00,12.00,3,2,1.00,1000.00,1000.00,1000.00,1,NULL,NULL,'2015-01-27 00:00:00','2015-01-26 09:49:34','2015-01-26 09:50:23',1,'21','dsfsda',-1,1,NULL,'e4f78768-cb97-42ec-86d7-ad617eb33d51',112,112,'2015-01-26 09:48:12','2015-01-28 17:01:11',0),
	(6,NULL,0,NULL,X'E79A963230313530313236E5AD97E7ACAC30303036E58FB7',1,5,NULL,1,1000.00,100.00,3,2,1.00,1000.00,1000.00,1000.00,2,NULL,NULL,'2015-01-29 00:00:00','2015-01-26 11:21:07','2015-01-26 11:22:24',1,'ds','asda',15,1,NULL,'9390dd4e-6283-415d-8fb2-a5d96fac82e9',112,112,'2015-01-26 11:19:23','2015-01-26 11:21:54',0),
	(7,'http://autoserve.oss-cn-hangzhou.aliyuncs.com/5a32ca05-c980-4ba5-b7ed-5d0b7b369a4b.jpg',1,3,X'E79A963230313530313236E5AD97E7ACAC30303037E58FB7',NULL,4,NULL,2,40000.00,12.00,12,2,1.00,10000.00,0.00,0.00,1,NULL,NULL,'2015-01-31 00:00:00',NULL,NULL,1,'wan',NULL,1,1,NULL,'c4dac5d5-0f2e-4b03-b3e6-6ba4e1443657',112,112,'2015-01-26 11:50:40','2015-01-26 11:50:40',0),
	(8,NULL,0,NULL,X'E79A963230313530313236E5AD97E7ACAC30303038E58FB7',1,5,NULL,1,1000.00,12.00,3,2,1.00,1000.00,1000.00,1000.00,2,NULL,NULL,'2015-01-29 00:00:00','2015-01-26 13:15:59','2015-01-26 13:17:41',1,'d','as',15,1,NULL,'17d7ce7a-4032-4a04-86ee-42aae430958d',112,112,'2015-01-26 13:14:24','2015-01-26 13:17:13',0),
	(9,NULL,1,5,X'E79A963230313530313237E5AD97E7ACAC30303039E58FB7',NULL,2,NULL,1,4000.00,12.00,3,2,1.00,4000.00,0.00,0.00,2,NULL,'2015-01-29 16:40:32','2015-01-29 00:00:00',NULL,NULL,1,'12',NULL,9,1,NULL,'707c063e-c487-49ab-813b-e43ab53e114c',112,0,'2015-01-27 18:36:13','2015-01-29 16:40:07',0),
	(10,NULL,1,6,X'E79A963230313530313237E5AD97E7ACAC30303130E58FB7',NULL,3,NULL,1,2111.00,11.00,3,2,1.00,2111.00,0.00,0.00,1,NULL,NULL,'2015-01-28 00:00:00',NULL,NULL,1,'aaaa',NULL,1,1,NULL,'f5e867e2-4dcc-4525-8f4b-52c3e4d3c678',112,0,'2015-01-27 18:38:25','2015-02-08 17:29:43',0),
	(11,NULL,0,NULL,X'E79A963230313530313238E5AD97E7ACAC30303131E58FB7',1,4,NULL,1,1000.00,12.00,3,2,1.00,NULL,1000.00,1000.00,2,NULL,'2015-01-28 14:04:46','2015-01-30 00:00:00','2015-01-28 14:26:53','2015-01-28 15:57:48',1,'3','ds',15,1,NULL,'d39af0ac-6b18-4cdd-8c14-3b6e169679b1',112,0,'2015-01-28 14:03:10','2015-01-28 15:57:21',0),
	(12,NULL,0,NULL,X'E79A963230313530313238E5AD97E7ACAC30303132E58FB7',1,2,NULL,1,3000.00,12.00,4,2,12.00,NULL,0.00,0.00,2,NULL,NULL,'2015-01-29 00:00:00',NULL,NULL,1,'f','打算',-1,1,NULL,'7dcf8918-f2db-470e-a25d-fcb85c4648a8',112,112,'2015-01-28 16:12:23','2015-01-28 17:01:06',0),
	(13,NULL,0,NULL,X'E79A963230313530313238E5AD97E7ACAC30303133E58FB7',1,2,NULL,1,3000.00,11.00,3,2,1.00,NULL,0.00,0.00,2,NULL,NULL,'2015-01-30 00:00:00',NULL,NULL,1,'21','撒',-1,1,NULL,'cfe8b309-36eb-4e9c-a2e5-96e069f1dc51',112,112,'2015-01-28 16:13:35','2015-01-28 16:59:03',0),
	(14,NULL,0,NULL,X'E79A963230313530313238E5AD97E7ACAC30303134E58FB7',1,3,NULL,1,12.00,12.00,3,2,1.00,NULL,0.00,0.00,1,NULL,NULL,'2015-01-30 00:00:00',NULL,NULL,1,'dsa','dsa',-1,1,NULL,'a3cd3148-c973-4a64-91f1-1cf9a30fbc57',112,112,'2015-01-28 16:21:07','2015-01-28 16:45:54',0),
	(15,NULL,0,NULL,X'E79A963230313530313239E5AD97E7ACAC30303135E58FB7',NULL,5,NULL,1,1000.00,12.00,1,1,1.00,NULL,1000.00,1000.00,2,NULL,'2015-01-29 17:11:10','2015-01-30 00:00:00','2015-01-29 17:11:24',NULL,1,'asd','d',11,4,NULL,'ac589668-7e28-408d-ba7b-063a588d6d0b',112,0,'2015-01-29 16:48:23','2015-01-29 17:11:12',0),
	(16,NULL,0,NULL,X'E79A963230313530313239E5AD97E7ACAC30303136E58FB7',1,4,NULL,2,2000.00,2.00,2,1,200.00,2000.00,0.00,0.00,1,NULL,'2015-01-29 20:41:52','2015-01-31 00:00:00',NULL,NULL,1,'11111',NULL,9,1,NULL,'bde3473c-9076-4feb-8615-85de88d02109',112,0,'2015-01-29 20:36:27','2015-01-29 20:40:42',0),
	(17,NULL,0,NULL,X'E79A963230313530313239E5AD97E7ACAC30303137E58FB7',NULL,8,NULL,1,1000.00,12.00,3,1,1.00,NULL,1000.00,1000.00,2,NULL,'2015-01-29 20:48:43','2015-01-30 00:00:00','2015-01-29 20:48:56','2015-01-29 20:54:28',1,'f','sadf',15,3,NULL,'7536b172-111d-4535-873a-859708f969d0',112,0,'2015-01-29 20:47:51','2015-01-29 20:54:03',0),
	(18,NULL,0,NULL,X'E79A963230313530313239E5AD97E7ACAC30303138E58FB7',NULL,1,NULL,1,1000.00,12.00,3,2,1.00,NULL,1000.00,1000.00,1,NULL,'2015-01-29 20:51:41','2015-02-06 00:00:00','2015-01-29 20:52:09','2015-01-29 20:55:37',1,'sdaf','dsaf',15,2,NULL,'b41af12e-d5cd-4f39-aa14-c57af4b9206a',112,0,'2015-01-29 20:50:56','2015-01-29 20:55:13',0),
	(19,NULL,0,NULL,X'E79A963230313530313239E5AD97E7ACAC30303139E58FB7',1,3,NULL,NULL,1231.00,12.00,3,2,23.00,NULL,1088.00,0.00,1,NULL,'2015-02-08 10:59:54','2015-02-27 00:00:00',NULL,NULL,1,'12','31',9,1,NULL,'194c843a-d8f5-49b6-a21e-f087fb437b53',112,0,'2015-01-29 21:50:45','2015-02-09 15:15:39',0),
	(20,NULL,1,2,X'E79A963230313530313239E5AD97E7ACAC30303230E58FB7',NULL,2,NULL,NULL,1000.00,7.00,3,2,100.00,1000.00,0.00,0.00,1,NULL,NULL,'2015-01-31 00:00:00',NULL,NULL,1,'泡妞','testNote啊啊啊啊',1,1,NULL,'ea22306f-18ac-472f-a349-96f97bc79549',112,112,'2015-01-29 21:52:17','2015-01-29 21:52:17',0),
	(21,NULL,0,NULL,X'E79A963230313530313239E5AD97E7ACAC30303231E58FB7',NULL,5,NULL,1,1222.00,12.00,3,2,1.00,NULL,0.00,0.00,2,NULL,NULL,'2015-01-31 00:00:00',NULL,NULL,1,'21','dsaf',4,3,NULL,'6825e155-446d-43d0-9705-17886cbc74ea',112,0,'2015-01-29 21:52:53','2015-01-31 16:18:43',0),
	(22,NULL,1,4,X'E79A963230313530313239E5AD97E7ACAC30303232E58FB7',NULL,1,NULL,NULL,1000.00,7.00,2,2,100.00,1000.00,0.00,0.00,1,NULL,NULL,'2015-01-31 00:00:00',NULL,NULL,1,'测试','测试测试测试测试测试测试测试测试测试测试测试测试测试测试测试测试测试测试测试测试测试测试测试测试测试测试测试测试测试测试测试测试测试测试测试测试测试测试测试测试测试测试测试测试测试测试测试测试测试测试测试测试测试测试测试测试测试测试测试测试测试测试测试测试测试测试测试测试测试测试测试测试测试测试测试测试测试测试测试测试测试测试测试测试测试测试测试测试测试测试测试测试测试测试测试',1,3,NULL,'556d6dc2-8c83-409b-8b7e-7e45dba6ce77',112,112,'2015-01-29 21:54:47','2015-01-29 21:54:47',0),
	(23,NULL,0,NULL,X'E79A963230313530313330E5AD97E7ACAC30303233E58FB7',1,2,NULL,NULL,100.00,10.00,2,2,10.00,100.00,100.00,100.00,1,NULL,'2015-01-30 21:01:14','2015-02-28 00:00:00','2015-01-30 21:01:54','2015-01-30 21:02:37',1,'没飞机','冯绍峰的',15,1,NULL,'238054ac-c080-4000-a378-07a2deeec10e',112,0,'2015-01-30 10:03:37','2015-01-30 21:02:13',0),
	(24,'http://autoserve.oss-cn-hangzhou.aliyuncs.com/80125024-b263-4ea8-aefa-9ee58bfa86f7.png',0,NULL,X'E79A963230313530313330E5AD97E7ACAC30303234E58FB7',2,6,NULL,1,1000.00,12.00,3,2,12.00,NULL,1000.00,1000.00,1,NULL,'2015-01-30 14:02:45','2015-01-31 00:00:00','2015-01-30 14:02:55','2015-01-30 14:03:28',1,'3','sd',15,4,NULL,'4343c81d-5005-4db5-ba0a-ce95add3036c',112,0,'2015-01-30 14:01:02','2015-01-30 14:03:03',0),
	(25,NULL,1,7,X'E79A963230313530313330E5AD97E7ACAC30303235E58FB7',NULL,1,NULL,NULL,1200.00,12.00,3,2,31.00,NULL,0.00,0.00,2,NULL,NULL,'2015-02-05 00:00:00',NULL,NULL,1,'的身份','吖吖',2,2,NULL,'95503c36-722b-482a-8282-1e891659ddd5',112,0,'2015-01-30 15:45:33','2015-02-02 16:21:40',0),
	(26,NULL,1,8,X'E79A963230313530313330E5AD97E7ACAC30303236E58FB7',NULL,2,NULL,NULL,1200.00,12.00,3,2,1.00,NULL,0.00,0.00,1,NULL,NULL,'2015-02-05 00:00:00',NULL,NULL,1,'12','多少手术室',2,3,NULL,'e8b1c3a6-e591-4166-9bdb-c946ae9ef6cb',112,0,'2015-01-30 16:10:29','2015-02-02 16:20:17',0),
	(27,NULL,0,NULL,X'E79A963230313530313331E5AD97E7ACAC30303237E58FB7',1,5,NULL,2,2000.00,2.00,2,2,200.00,2000.00,0.00,0.00,1,NULL,NULL,'2016-01-30 00:00:00',NULL,NULL,1,'111',NULL,7,1,NULL,'75546efd-4e3c-4dec-b764-07d15df34f25',112,0,'2015-01-31 16:20:13','2015-01-31 16:37:16',0),
	(28,NULL,0,NULL,X'E79A963230313530313331E5AD97E7ACAC30303238E58FB7',1,4,NULL,2,200.00,1.00,2,1,20.00,200.00,0.00,0.00,1,NULL,NULL,'2017-02-28 00:00:00',NULL,NULL,1,'111',NULL,8,1,NULL,'d8df7a24-e08d-4542-913d-c460ea4a706d',112,0,'2015-01-31 16:26:08','2015-02-02 17:42:45',0),
	(29,NULL,0,NULL,X'E79A963230313530313331E5AD97E7ACAC30303239E58FB7',1,5,NULL,1,2000.00,2.00,2,1,20.00,2000.00,2000.00,2000.00,1,NULL,NULL,'2016-01-30 00:00:00','2015-01-31 16:43:59','2015-01-31 17:33:40',1,'111',NULL,15,1,NULL,'c1b10904-a68c-4fc6-9299-5fba1430fcbc',112,0,'2015-01-31 16:41:09','2015-01-31 17:32:27',0),
	(30,'http://autoserve.oss-cn-hangzhou.aliyuncs.com/9daa1d15-9195-4095-9c82-d2e2314aa69a.jpg',0,NULL,X'E79A963230313530323037E5AD97E7ACAC30303330E58FB7',NULL,2,NULL,NULL,1234.00,12.00,3,2,1.00,NULL,1234.00,1234.00,1,NULL,'2015-02-07 18:07:17','2015-02-26 00:00:00','2015-02-07 18:07:56','2015-02-07 18:09:01',1,'f','sss',15,3,NULL,'fb4762af-d565-42a1-aa0e-2437d0dcf97d',112,0,'2015-02-07 18:06:20','2015-02-07 18:08:44',0),
	(31,NULL,0,NULL,X'E79A963230313530323038E5AD97E7ACAC30303331E58FB7',1,5,NULL,2,1000.00,2.00,2,1,1.00,1000.00,0.00,0.00,1,NULL,NULL,'2015-02-28 00:00:00',NULL,NULL,1,'111',NULL,4,1,NULL,'76392d36-c9c2-40da-9b07-4a020e297f98',112,0,'2015-02-08 09:53:18','2015-02-08 09:54:27',0),
	(32,NULL,0,NULL,X'E79A963230313530323038E5AD97E7ACAC30303332E58FB7',1,11,NULL,2,1000.00,1.00,2,1,1.00,1000.00,0.00,0.00,1,NULL,NULL,'2015-02-28 00:00:00',NULL,NULL,1,'111',NULL,17,1,NULL,'05242d07-9d4f-482a-9032-b64217cf1552',112,112,'2015-02-08 10:47:27','2015-02-08 10:47:27',0),
	(33,NULL,0,NULL,X'E79A963230313530323039E5AD97E7ACAC30303333E58FB7',1,2,NULL,2,1000.00,1.00,12,1,1.00,1000.00,0.00,0.00,1,NULL,NULL,'2015-02-10 00:00:00',NULL,NULL,1,'2131','2131',17,1,NULL,'70ad7a99-6fbf-482b-82ed-e8515de29f99',112,112,'2015-02-09 16:12:47','2015-02-09 16:12:47',0),
	(34,NULL,0,NULL,X'E79A963230313530323039E5AD97E7ACAC30303334E58FB7',1,4,NULL,NULL,1000.00,1.00,1,1,1.00,1000.00,0.00,0.00,1,NULL,NULL,'2015-02-11 00:00:00',NULL,NULL,1,'1231','1231',17,1,NULL,'53192cfe-41fa-4285-b694-720b356a65bb',112,112,'2015-02-09 17:10:16','2015-02-09 17:10:16',0);

/*!40000 ALTER TABLE `abc_loan` ENABLE KEYS */;
UNLOCK TABLES;


# Dump of table abc_loan_car
# ------------------------------------------------------------

DROP TABLE IF EXISTS `abc_loan_car`;

CREATE TABLE `abc_loan_car` (
  `lc_id` int(11) NOT NULL AUTO_INCREMENT COMMENT '主键',
  `lc_loan_id` int(11) DEFAULT NULL COMMENT '贷款id',
  `lc_car_brand` varchar(64) COLLATE utf8_bin DEFAULT NULL COMMENT '汽车品牌',
  `lc_car_series` varchar(64) COLLATE utf8_bin DEFAULT NULL COMMENT '汽车车系',
  `lc_car_output` varchar(64) COLLATE utf8_bin DEFAULT NULL COMMENT '汽车排量',
  `lc_car_color` varchar(64) COLLATE utf8_bin DEFAULT NULL COMMENT '汽车颜色',
  `lc_buy_year` int(11) DEFAULT NULL COMMENT '购买年份',
  `lc_car_time` datetime DEFAULT NULL COMMENT '上牌日期',
  `lc_car_run` decimal(18,2) DEFAULT NULL COMMENT '里程数',
  `lc_assess_money` decimal(18,2) DEFAULT NULL COMMENT '评估价格',
  `lc_car_address` varchar(512) COLLATE utf8_bin DEFAULT NULL COMMENT '汽车现址',
  `lc_createtime` datetime NOT NULL COMMENT '添加时间',
  `lc_modifytime` datetime NOT NULL COMMENT '修改时间',
  `lc_is_deleted` tinyint(1) unsigned zerofill NOT NULL DEFAULT '0' COMMENT '是否被删除 0:否 1:是',
  PRIMARY KEY (`lc_id`)
) ENGINE=MyISAM DEFAULT CHARSET=utf8 COLLATE=utf8_bin COMMENT='项目-汽车抵押表';

LOCK TABLES `abc_loan_car` WRITE;
/*!40000 ALTER TABLE `abc_loan_car` DISABLE KEYS */;

INSERT INTO `abc_loan_car` (`lc_id`, `lc_loan_id`, `lc_car_brand`, `lc_car_series`, `lc_car_output`, `lc_car_color`, `lc_buy_year`, `lc_car_time`, `lc_car_run`, `lc_assess_money`, `lc_car_address`, `lc_createtime`, `lc_modifytime`, `lc_is_deleted`)
VALUES
	(1,18,X'3132',X'3331',X'3132',X'31323232',31,'2015-01-30 00:00:00',21.00,31.00,X'3132','2015-01-29 20:50:56','2015-01-29 20:50:56',0),
	(2,25,X'3132',X'3331',X'3132',X'313233',12,'2015-01-19 00:00:00',12.00,33.00,X'313233','2015-01-30 15:45:33','2015-01-30 15:45:33',1),
	(3,25,X'3132',X'33',X'3132',X'3331',12,'2015-02-06 00:00:00',12.00,31.00,X'3132','2015-01-30 15:46:43','2015-01-30 15:46:43',1),
	(4,25,X'3132',X'3331',X'3132',X'3132',21,NULL,NULL,NULL,X'','2015-01-30 15:47:03','2015-01-30 15:47:03',1),
	(5,25,X'313233',X'3132',X'33',X'33',21,'2015-01-31 00:00:00',12.00,NULL,X'','2015-01-30 15:49:40','2015-01-30 15:49:40',1),
	(6,25,X'313233',X'3132',X'33',X'33',21,'2015-01-31 00:00:00',12.00,212.00,X'','2015-01-30 16:06:32','2015-01-30 16:06:32',1),
	(7,25,X'313233',X'3132',X'33',X'33',21,'2015-01-31 00:00:00',12.00,212.00,X'32313231','2015-01-30 16:06:43','2015-01-30 16:06:43',1),
	(8,25,X'313233',X'3132',X'33',X'33',21,'2015-01-31 00:00:00',12.00,212.00,X'32313231','2015-01-30 16:07:12','2015-01-30 16:07:12',0),
	(9,25,X'3132',X'6473',X'3132',X'3333',12,NULL,NULL,NULL,X'','2015-01-30 16:07:12','2015-01-30 16:07:12',0);

/*!40000 ALTER TABLE `abc_loan_car` ENABLE KEYS */;
UNLOCK TABLES;


# Dump of table abc_loan_cust
# ------------------------------------------------------------

DROP TABLE IF EXISTS `abc_loan_cust`;

CREATE TABLE `abc_loan_cust` (
  `lcu_id` int(11) unsigned NOT NULL AUTO_INCREMENT COMMENT '主键id',
  `lcu_loan_id` varchar(64) NOT NULL DEFAULT '' COMMENT '贷款id',
  `lcu_cust_name` varchar(64) NOT NULL DEFAULT '' COMMENT '公司名称',
  `lcu_cust_type` varchar(64) DEFAULT NULL COMMENT '公司性质',
  `lcu_cust_industry` varchar(64) DEFAULT NULL COMMENT '所属行业',
  `lcu_cust_no` varchar(64) NOT NULL DEFAULT '' COMMENT '组织机构代码',
  `lcu_tax_no` varchar(64) CHARACTER SET utf8 COLLATE utf8_bin DEFAULT NULL COMMENT '税务登记号',
  `lcu_biz_no` varchar(64) DEFAULT '' COMMENT '营业执照',
  `lcu_total_capital` decimal(18,2) DEFAULT NULL COMMENT '资产总额',
  `lcu_cust_scale` tinyint(1) DEFAULT NULL COMMENT '公司规模 0:50人以下 1:50-500人 2:500人以上',
  `lcu_legal_person` varchar(64) DEFAULT NULL COMMENT '法人姓名',
  `lcu_card_type` varchar(64) DEFAULT NULL COMMENT '证件类型',
  `lcu_card_no` varchar(64) DEFAULT NULL COMMENT '证件号码',
  `lcu_contact_person` varchar(20) DEFAULT NULL COMMENT '联系人',
  `lcu_contact_phone` varchar(20) DEFAULT NULL COMMENT '联系电话',
  `lcu_month_salary` decimal(18,0) DEFAULT NULL COMMENT '月收入',
  `lcu_regist_money` decimal(18,2) DEFAULT NULL COMMENT '注册资本',
  `lcu_regist_time` datetime DEFAULT NULL COMMENT '注册日期',
  `lcu_regist_no` varchar(32) DEFAULT NULL COMMENT '注册登记号',
  `lcu_regist_address` varchar(512) DEFAULT NULL COMMENT '注册地址',
  `lcu_area_id` varchar(32) DEFAULT NULL COMMENT '所属地区',
  `lcu_area_address` varchar(512) DEFAULT NULL COMMENT '详细地址',
  PRIMARY KEY (`lcu_id`)
) ENGINE=InnoDB DEFAULT CHARSET=utf8 COMMENT='项目-企业经营贷-借款人信息表';



# Dump of table abc_loan_house
# ------------------------------------------------------------

DROP TABLE IF EXISTS `abc_loan_house`;

CREATE TABLE `abc_loan_house` (
  `lh_id` int(11) unsigned NOT NULL AUTO_INCREMENT COMMENT '主键id',
  `lh_loan_id` int(11) NOT NULL COMMENT '贷款id',
  `lh_house_measure` decimal(18,2) DEFAULT NULL COMMENT '房产面积',
  `lh_cover_measure` decimal(18,2) DEFAULT NULL COMMENT '占地面积',
  `lh_house_no` varchar(11) NOT NULL DEFAULT '' COMMENT '房产编号',
  `lh_house_area` varchar(128) DEFAULT NULL COMMENT '所属小区',
  `lh_house_age` decimal(18,2) DEFAULT NULL COMMENT '房龄',
  `lh_is_mortgage` tinyint(1) DEFAULT NULL COMMENT '是否按揭 1:是 0:否',
  `lh_assess_money` decimal(18,2) DEFAULT NULL COMMENT '评估价格',
  `lh_createtime` datetime NOT NULL COMMENT '添加时间',
  `lh_modifytime` datetime NOT NULL COMMENT '修改时间',
  `lh_is_deleted` tinyint(1) unsigned zerofill NOT NULL DEFAULT '0' COMMENT '是否被删除 0:否 1:是',
  PRIMARY KEY (`lh_id`)
) ENGINE=InnoDB DEFAULT CHARSET=utf8 COMMENT='项目-房产抵押表';

LOCK TABLES `abc_loan_house` WRITE;
/*!40000 ALTER TABLE `abc_loan_house` DISABLE KEYS */;

INSERT INTO `abc_loan_house` (`lh_id`, `lh_loan_id`, `lh_house_measure`, `lh_cover_measure`, `lh_house_no`, `lh_house_area`, `lh_house_age`, `lh_is_mortgage`, `lh_assess_money`, `lh_createtime`, `lh_modifytime`, `lh_is_deleted`)
VALUES
	(1,15,NULL,NULL,'','',NULL,0,NULL,'2015-01-29 16:48:23','2015-01-29 16:48:23',0),
	(2,17,12.00,123.00,'123','3',12.00,0,31.00,'2015-01-29 20:47:51','2015-01-29 20:47:51',0),
	(3,21,12.00,123.00,'1234','12345',123456.00,0,1234567.00,'2015-01-29 21:52:53','2015-01-29 21:52:53',0),
	(4,22,NULL,NULL,'','',NULL,0,NULL,'2015-01-29 21:54:47','2015-01-29 21:54:47',0),
	(5,26,21.00,31.00,'31','12',1.00,0,12.00,'2015-01-30 16:10:29','2015-01-30 16:10:29',1),
	(6,26,31.00,3.00,'123','12dfasdf',12.00,0,123.00,'2015-01-30 16:10:29','2015-01-30 16:10:29',1),
	(7,26,21.00,31.00,'31','12',1.00,0,12.00,'2015-01-30 16:11:43','2015-01-30 16:11:43',0),
	(8,26,31.00,3.00,'123','12dfasdf',12.00,0,123.00,'2015-01-30 16:11:43','2015-01-30 16:11:43',0),
	(9,30,1.00,4.00,'6','2',5.00,0,3.00,'2015-02-07 18:06:21','2015-02-07 18:06:21',0);

/*!40000 ALTER TABLE `abc_loan_house` ENABLE KEYS */;
UNLOCK TABLES;


# Dump of table abc_loan_intent_apply
# ------------------------------------------------------------

DROP TABLE IF EXISTS `abc_loan_intent_apply`;

CREATE TABLE `abc_loan_intent_apply` (
  `lia_id` int(11) NOT NULL AUTO_INCREMENT COMMENT '申请编号 id 主键 唯一',
  `lia_intent_emp_type` int(10) DEFAULT NULL COMMENT '借款人类型 1个人、2企业 3、借款机构 4 平台',
  `lia_user_id` int(11) NOT NULL COMMENT '联系人ID',
  `lia_user_name` varchar(60) DEFAULT NULL COMMENT '联系人名称',
  `lia_phone` varchar(32) DEFAULT NULL COMMENT '手机号码',
  `lia_intent_money` decimal(18,2) DEFAULT NULL COMMENT '融资金额',
  `lia_area` int(11) DEFAULT NULL COMMENT '所在区域 以数字代替省份的名字 0：云南 1：北京 2：上海 3：重庆',
  `lia_note` varchar(500) DEFAULT NULL COMMENT '备注说明',
  `lia_intent_time` datetime DEFAULT NULL COMMENT '申请时间',
  `lia_intent_status` int(10) DEFAULT NULL COMMENT '意向标状态 -1.已删除 1 意向待审核 2 意向审核通过 3 意向审核未通过 ',
  `lia_audit_time` datetime DEFAULT NULL COMMENT '审核时间',
  `lia_audit_opinion` varchar(200) DEFAULT NULL COMMENT '审核意见',
  `lia_intent_rate` decimal(18,2) DEFAULT NULL COMMENT '融资利率(年化收益率)',
  `lia_intent_title` varchar(50) DEFAULT NULL COMMENT '申请标题',
  `lia_intent_category` int(10) DEFAULT NULL COMMENT '产品类型 1.个人信用贷、2.汽车抵押贷、3.房产抵押贷 4.企业经营贷',
  `lia_intent_no` varchar(50) DEFAULT NULL COMMENT '意向编号',
  `lia_intent_use` varchar(200) DEFAULT NULL COMMENT '融资用途',
  `lia_intent_period` int(10) DEFAULT NULL COMMENT '借款期限',
  `lia_intent_period_unit` int(1) DEFAULT NULL COMMENT '期限类型 1.年  2.个月  3.日',
  `lia_intent_paytype` int(1) DEFAULT NULL COMMENT '还款方式 1 等额本息 2.按月还息到期还本 3.等额本金 4.到期本息',
  `lia_loan_id` int(11) DEFAULT NULL COMMENT '相关联的项目ID',
  `lia_file_url` varchar(512) NOT NULL DEFAULT '' COMMENT '附件uuid',
  PRIMARY KEY (`lia_id`)
) ENGINE=InnoDB DEFAULT CHARSET=utf8 COMMENT='融资申请表';

LOCK TABLES `abc_loan_intent_apply` WRITE;
/*!40000 ALTER TABLE `abc_loan_intent_apply` DISABLE KEYS */;

INSERT INTO `abc_loan_intent_apply` (`lia_id`, `lia_intent_emp_type`, `lia_user_id`, `lia_user_name`, `lia_phone`, `lia_intent_money`, `lia_area`, `lia_note`, `lia_intent_time`, `lia_intent_status`, `lia_audit_time`, `lia_audit_opinion`, `lia_intent_rate`, `lia_intent_title`, `lia_intent_category`, `lia_intent_no`, `lia_intent_use`, `lia_intent_period`, `lia_intent_period_unit`, `lia_intent_paytype`, `lia_loan_id`, `lia_file_url`)
VALUES
	(1,1,2,NULL,'13212345678',10000.00,NULL,'测试','2015-01-24 16:04:27',4,NULL,NULL,NULL,NULL,1,NULL,'测试',1,1,NULL,4,'ffdb4975-5d7d-466d-873d-29b1701d2a8a'),
	(2,1,2,'钱二-2','189',1000.00,NULL,'testNote','2015-01-24 21:19:29',1,NULL,NULL,NULL,NULL,1,NULL,'泡妞',3,2,NULL,20,'ea22306f-18ac-472f-a349-96f97bc79549'),
	(3,1,4,'李四-4','13677777777',40000.00,NULL,'wan','2015-01-26 11:38:38',1,NULL,NULL,NULL,NULL,1,NULL,'wan',12,2,NULL,7,'c4dac5d5-0f2e-4b03-b3e6-6ba4e1443657'),
	(4,1,1,'赵一-1','13112345678',1000.00,NULL,'测试','2015-01-27 14:19:05',1,NULL,NULL,NULL,NULL,3,NULL,'测试',2,2,NULL,22,'556d6dc2-8c83-409b-8b7e-7e45dba6ce77'),
	(5,1,2,'钱二-2','123',4000.00,NULL,'ds','2015-01-27 16:47:30',4,NULL,NULL,NULL,NULL,1,NULL,'12',3,2,NULL,9,'707c063e-c487-49ab-813b-e43ab53e114c'),
	(6,1,3,'孙三-3','123',2111.00,NULL,'ds','2015-01-27 18:37:59',1,NULL,NULL,NULL,NULL,1,NULL,'aaaa',3,2,NULL,10,'f5e867e2-4dcc-4525-8f4b-52c3e4d3c678'),
	(7,1,1,'赵一-1','123',1200.00,NULL,'吖吖','2015-01-30 15:21:57',2,NULL,NULL,NULL,NULL,2,NULL,'的身份',3,2,NULL,25,'95503c36-722b-482a-8282-1e891659ddd5'),
	(8,1,2,'钱二-2','1234',1200.00,NULL,'多少','2015-01-30 16:09:47',2,NULL,NULL,NULL,NULL,3,NULL,'12',3,2,NULL,26,'e8b1c3a6-e591-4166-9bdb-c946ae9ef6cb');

/*!40000 ALTER TABLE `abc_loan_intent_apply` ENABLE KEYS */;
UNLOCK TABLES;


# Dump of table abc_loan_person
# ------------------------------------------------------------

DROP TABLE IF EXISTS `abc_loan_person`;

CREATE TABLE `abc_loan_person` (
  `lp_id` int(11) NOT NULL,
  `lp_loan_id` int(11) DEFAULT NULL COMMENT '项目id',
  `lp_card_type` varchar(64) COLLATE utf8_bin DEFAULT NULL COMMENT '证件类型',
  `lp_card_no` varchar(64) COLLATE utf8_bin DEFAULT NULL COMMENT '证件号码',
  `lp_is_marry` tinyint(1) DEFAULT NULL COMMENT '婚姻状况',
  `lp_contact_person` varchar(64) COLLATE utf8_bin DEFAULT NULL COMMENT '联系人',
  `lp_contact_phone` varchar(20) COLLATE utf8_bin DEFAULT NULL COMMENT '联系人电话',
  `lp_month_salary` decimal(18,2) DEFAULT NULL COMMENT '月收入',
  `lp_work_name` varchar(64) COLLATE utf8_bin DEFAULT NULL COMMENT '单位名称',
  `lp_work_type` varchar(64) COLLATE utf8_bin DEFAULT NULL COMMENT '单位性质',
  `lp_work_year` tinyint(2) DEFAULT NULL COMMENT '工作年限',
  `lp_area_id` varchar(32) COLLATE utf8_bin DEFAULT NULL COMMENT '所属地区',
  `lp_person_address` varchar(512) COLLATE utf8_bin DEFAULT NULL COMMENT '详细地址',
  PRIMARY KEY (`lp_id`)
) ENGINE=MyISAM DEFAULT CHARSET=utf8 COLLATE=utf8_bin COMMENT='项目-个人信用贷-借款人信息表';



# Dump of table abc_log_file_record
# ------------------------------------------------------------

DROP TABLE IF EXISTS `abc_log_file_record`;

CREATE TABLE `abc_log_file_record` (
  `record_id` int(11) NOT NULL AUTO_INCREMENT COMMENT '主键id',
  `record_file_name` varchar(128) DEFAULT NULL COMMENT '上传文件名',
  `record_file_date` varchar(10) DEFAULT NULL COMMENT '日志文件的日期',
  `record_status` int(11) DEFAULT NULL COMMENT '任务执行状态 0失败（不可重试） 1成功 -1上次失败（仍可重试）',
  `record_try_times` int(11) DEFAULT NULL COMMENT '任务尝试次数',
  `record_create_time` datetime DEFAULT NULL COMMENT '创建时间',
  `record_update_time` datetime DEFAULT NULL COMMENT '最后更新时间',
  `record_refer_id` varchar(64) DEFAULT NULL COMMENT '引用id（暂时无用，未来可通过此字段与http请求记录关联）',
  `record_server_mac` varchar(32) DEFAULT NULL COMMENT '日志文件所属服务器的mac地址',
  `record_oss_url` varchar(512) DEFAULT NULL COMMENT '日志上传至oss后返回的oss的url',
  `record_file_size` varchar(128) DEFAULT NULL COMMENT '文件大小',
  PRIMARY KEY (`record_id`)
) ENGINE=InnoDB DEFAULT CHARSET=utf8;



# Dump of table abc_login_log
# ------------------------------------------------------------

DROP TABLE IF EXISTS `abc_login_log`;

CREATE TABLE `abc_login_log` (
  `ll_id` int(11) NOT NULL AUTO_INCREMENT,
  `ll_emp_id` int(11) DEFAULT NULL COMMENT '登录人 员工ID 关联员工表',
  `ll_ip` varchar(20) CHARACTER SET utf8 NOT NULL DEFAULT '' COMMENT '登录IP',
  `ll_login_time` datetime NOT NULL COMMENT '登录系统时间',
  `ll_logout_time` datetime DEFAULT NULL COMMENT '退出系统时间',
  `ll_login_state` tinyint(1) NOT NULL COMMENT '登录状态  -1：已删除 0：用户登录失败 1：用户登录成功 2：用户主动登出',
  PRIMARY KEY (`ll_id`)
) ENGINE=MyISAM DEFAULT CHARSET=utf8 COLLATE=utf8_bin COMMENT='系统登录日志表';

LOCK TABLES `abc_login_log` WRITE;
/*!40000 ALTER TABLE `abc_login_log` DISABLE KEYS */;

INSERT INTO `abc_login_log` (`ll_id`, `ll_emp_id`, `ll_ip`, `ll_login_time`, `ll_logout_time`, `ll_login_state`)
VALUES
	(1742,1,'0:0:0:0:0:0:0:1','2015-01-22 15:24:55',NULL,1),
	(1743,1,'0:0:0:0:0:0:0:1','2015-01-22 15:47:01',NULL,1),
	(1744,1,'0:0:0:0:0:0:0:1','2015-01-22 16:06:55',NULL,1),
	(1745,1,'0:0:0:0:0:0:0:1','2015-01-22 16:28:18',NULL,1),
	(1746,107,'0:0:0:0:0:0:0:1','2015-01-22 16:33:55',NULL,1),
	(1747,1,'0:0:0:0:0:0:0:1','2015-01-22 16:34:30',NULL,1),
	(1748,1,'0:0:0:0:0:0:0:1','2015-01-22 16:37:23',NULL,1),
	(1749,1,'0:0:0:0:0:0:0:1','2015-01-22 16:38:46',NULL,1),
	(1750,2,'0:0:0:0:0:0:0:1','2015-01-22 17:00:13',NULL,1),
	(1751,1,'0:0:0:0:0:0:0:1','2015-01-22 17:00:17',NULL,1),
	(1752,1,'127.0.0.1','2015-01-22 17:05:49',NULL,1),
	(1753,NULL,'127.0.0.1','2015-01-22 17:06:02',NULL,0),
	(1754,108,'127.0.0.1','2015-01-22 17:06:09',NULL,1),
	(1755,1,'127.0.0.1','2015-01-22 17:06:15',NULL,1),
	(1756,110,'0:0:0:0:0:0:0:1','2015-01-22 17:06:57',NULL,1),
	(1757,108,'127.0.0.1','2015-01-22 17:10:19',NULL,1),
	(1758,1,'127.0.0.1','2015-01-22 17:10:45',NULL,1),
	(1759,108,'127.0.0.1','2015-01-22 17:11:23',NULL,1),
	(1760,1,'127.0.0.1','2015-01-22 17:11:34',NULL,1),
	(1761,111,'127.0.0.1','2015-01-22 17:19:05',NULL,1),
	(1762,1,'127.0.0.1','2015-01-22 17:19:44',NULL,1),
	(1763,109,'127.0.0.1','2015-01-22 17:25:30',NULL,1),
	(1764,1,'127.0.0.1','2015-01-22 17:26:20',NULL,1),
	(1765,1,'127.0.0.1','2015-01-22 18:15:07',NULL,1),
	(1766,2,'127.0.0.1','2015-01-22 18:21:58',NULL,1),
	(1767,1,'127.0.0.1','2015-01-22 18:22:36',NULL,1),
	(1768,1,'127.0.0.1','2015-01-23 11:07:20',NULL,1),
	(1769,108,'127.0.0.1','2015-01-23 11:18:18',NULL,1),
	(1770,2,'127.0.0.1','2015-01-23 11:18:38',NULL,1),
	(1771,1,'127.0.0.1','2015-01-23 11:20:21',NULL,1),
	(1772,1,'127.0.0.1','2015-01-23 11:21:14',NULL,1),
	(1773,1,'0:0:0:0:0:0:0:1','2015-01-23 11:26:50',NULL,1),
	(1774,112,'0:0:0:0:0:0:0:1','2015-01-23 11:29:53',NULL,1),
	(1775,117,'0:0:0:0:0:0:0:1','2015-01-23 11:32:58',NULL,1),
	(1776,115,'0:0:0:0:0:0:0:1','2015-01-23 11:33:16',NULL,1),
	(1777,1,'0:0:0:0:0:0:0:1','2015-01-23 11:33:56',NULL,1),
	(1778,112,'0:0:0:0:0:0:0:1','2015-01-23 11:45:09',NULL,1),
	(1779,1,'0:0:0:0:0:0:0:1','2015-01-23 11:46:35',NULL,1),
	(1780,113,'0:0:0:0:0:0:0:1','2015-01-23 11:47:14',NULL,1),
	(1781,1,'0:0:0:0:0:0:0:1','2015-01-23 11:47:35',NULL,1),
	(1782,112,'0:0:0:0:0:0:0:1','2015-01-23 11:47:41',NULL,1),
	(1783,113,'0:0:0:0:0:0:0:1','2015-01-23 11:48:03',NULL,1),
	(1784,114,'0:0:0:0:0:0:0:1','2015-01-23 11:52:46',NULL,1),
	(1785,115,'0:0:0:0:0:0:0:1','2015-01-23 11:55:05',NULL,1),
	(1786,112,'0:0:0:0:0:0:0:1','2015-01-23 12:00:42',NULL,1),
	(1787,112,'0:0:0:0:0:0:0:1','2015-01-23 12:17:27',NULL,1),
	(1788,114,'0:0:0:0:0:0:0:1','2015-01-23 12:26:24',NULL,1),
	(1789,114,'0:0:0:0:0:0:0:1','2015-01-23 12:26:39',NULL,1),
	(1790,115,'0:0:0:0:0:0:0:1','2015-01-23 12:26:48',NULL,1),
	(1791,117,'0:0:0:0:0:0:0:1','2015-01-23 12:27:02',NULL,1),
	(1792,113,'0:0:0:0:0:0:0:1','2015-01-23 12:27:09',NULL,1),
	(1793,1,'0:0:0:0:0:0:0:1','2015-01-23 12:27:18',NULL,1),
	(1794,1,'0:0:0:0:0:0:0:1','2015-01-23 13:30:00',NULL,1),
	(1795,117,'0:0:0:0:0:0:0:1','2015-01-23 13:30:11',NULL,1),
	(1796,112,'0:0:0:0:0:0:0:1','2015-01-23 13:34:46',NULL,1),
	(1797,115,'0:0:0:0:0:0:0:1','2015-01-23 13:35:08',NULL,1),
	(1798,117,'0:0:0:0:0:0:0:1','2015-01-23 13:35:38',NULL,1),
	(1799,112,'0:0:0:0:0:0:0:1','2015-01-23 13:36:02',NULL,1),
	(1800,115,'0:0:0:0:0:0:0:1','2015-01-23 13:36:22',NULL,1),
	(1801,1,'0:0:0:0:0:0:0:1','2015-01-23 13:39:07',NULL,1),
	(1802,115,'0:0:0:0:0:0:0:1','2015-01-23 13:39:40',NULL,1),
	(1803,1,'0:0:0:0:0:0:0:1','2015-01-23 13:44:53',NULL,1),
	(1804,115,'0:0:0:0:0:0:0:1','2015-01-23 13:44:59',NULL,1),
	(1805,1,'0:0:0:0:0:0:0:1','2015-01-23 13:47:41',NULL,1),
	(1806,115,'0:0:0:0:0:0:0:1','2015-01-23 13:47:49',NULL,1),
	(1807,1,'0:0:0:0:0:0:0:1','2015-01-23 13:59:33',NULL,1),
	(1808,115,'0:0:0:0:0:0:0:1','2015-01-23 13:59:40',NULL,1),
	(1809,117,'0:0:0:0:0:0:0:1','2015-01-23 14:00:48',NULL,1),
	(1810,1,'0:0:0:0:0:0:0:1','2015-01-23 14:01:22',NULL,1),
	(1811,112,'0:0:0:0:0:0:0:1','2015-01-23 14:02:08',NULL,1),
	(1812,115,'0:0:0:0:0:0:0:1','2015-01-23 14:04:47',NULL,1),
	(1813,112,'0:0:0:0:0:0:0:1','2015-01-23 14:05:33',NULL,1),
	(1814,112,'0:0:0:0:0:0:0:1','2015-01-23 14:07:44',NULL,1),
	(1815,1,'0:0:0:0:0:0:0:1','2015-01-23 14:10:29',NULL,1),
	(1816,112,'0:0:0:0:0:0:0:1','2015-01-23 14:10:35',NULL,1),
	(1817,112,'0:0:0:0:0:0:0:1','2015-01-23 14:11:06',NULL,1),
	(1818,113,'0:0:0:0:0:0:0:1','2015-01-23 14:13:49',NULL,1),
	(1819,112,'0:0:0:0:0:0:0:1','2015-01-23 14:14:06',NULL,1),
	(1820,1,'0:0:0:0:0:0:0:1','2015-01-23 14:18:49',NULL,1),
	(1821,112,'0:0:0:0:0:0:0:1','2015-01-23 14:18:56',NULL,1),
	(1822,113,'0:0:0:0:0:0:0:1','2015-01-23 14:20:38',NULL,1),
	(1823,113,'0:0:0:0:0:0:0:1','2015-01-23 14:27:05',NULL,1),
	(1824,112,'0:0:0:0:0:0:0:1','2015-01-23 14:40:56',NULL,1),
	(1825,113,'0:0:0:0:0:0:0:1','2015-01-23 14:41:07',NULL,1),
	(1826,113,'0:0:0:0:0:0:0:1','2015-01-23 14:44:36',NULL,1),
	(1827,1,'127.0.0.1','2015-01-23 14:49:32',NULL,1),
	(1828,113,'127.0.0.1','2015-01-23 14:49:51',NULL,1),
	(1829,113,'127.0.0.1','2015-01-23 14:49:52',NULL,1),
	(1830,1,'127.0.0.1','2015-01-23 14:52:53',NULL,1),
	(1831,113,'127.0.0.1','2015-01-23 14:53:01',NULL,1),
	(1832,113,'0:0:0:0:0:0:0:1','2015-01-23 14:53:58',NULL,1),
	(1833,112,'0:0:0:0:0:0:0:1','2015-01-23 14:56:37',NULL,1),
	(1834,113,'127.0.0.1','2015-01-23 15:03:59',NULL,1),
	(1835,1,'127.0.0.1','2015-01-23 15:04:50',NULL,1),
	(1836,1,'0:0:0:0:0:0:0:1','2015-01-23 15:04:51',NULL,1),
	(1837,113,'127.0.0.1','2015-01-23 15:05:23',NULL,1),
	(1838,1,'0:0:0:0:0:0:0:1','2015-01-23 15:09:16',NULL,1),
	(1839,1,'0:0:0:0:0:0:0:1','2015-01-23 15:10:44',NULL,1),
	(1840,1,'0:0:0:0:0:0:0:1','2015-01-23 15:11:21',NULL,1),
	(1841,1,'127.0.0.1','2015-01-23 15:14:05',NULL,1),
	(1842,113,'127.0.0.1','2015-01-23 15:14:12',NULL,1),
	(1843,113,'127.0.0.1','2015-01-23 15:14:13',NULL,1),
	(1844,1,'0:0:0:0:0:0:0:1','2015-01-23 15:19:32',NULL,1),
	(1845,1,'0:0:0:0:0:0:0:1','2015-01-23 15:21:36',NULL,1),
	(1846,1,'0:0:0:0:0:0:0:1','2015-01-23 15:22:42',NULL,1),
	(1847,1,'0:0:0:0:0:0:0:1','2015-01-23 15:36:59',NULL,1),
	(1848,113,'0:0:0:0:0:0:0:1','2015-01-23 15:37:33',NULL,1),
	(1849,1,'127.0.0.1','2015-01-23 15:40:18',NULL,1),
	(1850,113,'127.0.0.1','2015-01-23 15:42:42',NULL,1),
	(1851,1,'127.0.0.1','2015-01-23 15:55:02',NULL,1),
	(1852,113,'127.0.0.1','2015-01-23 15:55:42',NULL,1),
	(1853,113,'127.0.0.1','2015-01-23 15:59:56',NULL,1),
	(1854,113,'127.0.0.1','2015-01-23 15:59:57',NULL,1),
	(1855,1,'192.168.0.254','2015-01-23 16:07:46',NULL,1),
	(1856,112,'192.168.0.254','2015-01-23 16:07:59',NULL,1),
	(1857,1,'127.0.0.1','2015-01-23 16:15:34',NULL,1),
	(1858,113,'127.0.0.1','2015-01-23 16:15:40',NULL,1),
	(1859,1,'127.0.0.1','2015-01-23 16:19:05',NULL,1),
	(1860,113,'127.0.0.1','2015-01-23 16:19:16',NULL,1),
	(1861,113,'127.0.0.1','2015-01-23 16:19:18',NULL,1),
	(1862,1,'127.0.0.1','2015-01-23 16:32:50',NULL,1),
	(1863,1,'127.0.0.1','2015-01-23 16:32:57',NULL,1),
	(1864,113,'127.0.0.1','2015-01-23 16:33:07',NULL,1),
	(1865,113,'127.0.0.1','2015-01-23 16:33:08',NULL,1),
	(1866,NULL,'192.168.0.254','2015-01-23 16:34:28',NULL,0),
	(1867,113,'192.168.0.254','2015-01-23 16:34:34',NULL,1),
	(1868,1,'192.168.0.254','2015-01-23 16:34:42',NULL,1),
	(1869,NULL,'192.168.0.254','2015-01-23 16:34:57',NULL,0),
	(1870,NULL,'192.168.0.254','2015-01-23 16:35:07',NULL,0),
	(1871,1,'192.168.0.254','2015-01-23 16:35:31',NULL,1),
	(1872,112,'192.168.0.254','2015-01-23 16:35:38',NULL,1),
	(1873,1,'127.0.0.1','2015-01-23 16:36:18',NULL,1),
	(1874,113,'127.0.0.1','2015-01-23 16:36:23',NULL,1),
	(1875,113,'127.0.0.1','2015-01-23 16:36:23',NULL,1),
	(1876,112,'127.0.0.1','2015-01-23 16:37:02',NULL,1),
	(1877,112,'192.168.0.254','2015-01-23 16:37:09',NULL,1),
	(1878,1,'192.168.0.254','2015-01-23 17:12:52',NULL,1),
	(1879,117,'192.168.0.254','2015-01-23 17:13:26',NULL,1),
	(1880,1,'192.168.0.254','2015-01-23 17:14:12',NULL,1),
	(1881,116,'192.168.0.254','2015-01-23 17:14:30',NULL,1),
	(1882,1,'192.168.0.254','2015-01-23 17:14:46',NULL,1),
	(1883,NULL,'192.168.0.254','2015-01-23 17:17:11',NULL,0),
	(1884,112,'192.168.0.254','2015-01-23 17:17:17',NULL,1),
	(1885,1,'192.168.0.254','2015-01-23 17:19:06',NULL,1),
	(1886,112,'192.168.0.254','2015-01-23 17:19:16',NULL,1),
	(1887,118,'0:0:0:0:0:0:0:1','2015-01-23 17:20:51',NULL,1),
	(1888,112,'0:0:0:0:0:0:0:1','2015-01-23 17:21:48',NULL,1),
	(1889,117,'192.168.0.254','2015-01-23 17:25:22',NULL,1),
	(1890,115,'192.168.0.254','2015-01-23 17:34:28',NULL,1),
	(1891,112,'0:0:0:0:0:0:0:1','2015-01-23 17:36:57',NULL,1),
	(1892,112,'0:0:0:0:0:0:0:1','2015-01-23 17:40:00',NULL,1),
	(1893,1,'127.0.0.1','2015-01-23 17:50:52',NULL,1),
	(1894,112,'127.0.0.1','2015-01-23 17:50:58',NULL,1),
	(1895,1,'192.168.0.254','2015-01-23 18:01:15',NULL,1),
	(1896,1,'127.0.0.1','2015-01-23 18:01:40',NULL,1),
	(1897,1,'127.0.0.1','2015-01-23 18:06:45',NULL,1),
	(1898,112,'127.0.0.1','2015-01-23 18:06:51',NULL,1),
	(1899,1,'192.168.0.254','2015-01-23 18:13:26',NULL,1),
	(1900,112,'192.168.0.254','2015-01-23 18:13:32',NULL,1),
	(1901,112,'127.0.0.1','2015-01-23 18:13:51',NULL,1),
	(1902,117,'127.0.0.1','2015-01-23 18:13:40',NULL,1),
	(1903,115,'192.168.0.254','2015-01-23 18:14:01',NULL,1),
	(1904,1,'127.0.0.1','2015-01-23 18:17:09',NULL,1),
	(1905,112,'127.0.0.1','2015-01-23 18:17:15',NULL,1),
	(1906,1,'127.0.0.1','2015-01-23 18:19:51',NULL,1),
	(1907,112,'127.0.0.1','2015-01-23 18:19:58',NULL,1),
	(1908,112,'127.0.0.1','2015-01-23 18:42:24',NULL,1),
	(1909,112,'127.0.0.1','2015-01-23 18:42:27',NULL,1),
	(1910,1,'127.0.0.1','2015-01-24 13:11:52',NULL,1),
	(1911,112,'127.0.0.1','2015-01-24 13:13:41',NULL,1),
	(1912,1,'127.0.0.1','2015-01-24 13:15:21',NULL,1),
	(1913,112,'127.0.0.1','2015-01-24 13:51:54',NULL,1),
	(1914,1,'127.0.0.1','2015-01-24 13:52:29',NULL,1),
	(1915,112,'127.0.0.1','2015-01-24 13:56:21',NULL,1),
	(1916,1,'127.0.0.1','2015-01-24 13:57:08',NULL,1),
	(1917,112,'127.0.0.1','2015-01-24 13:58:02',NULL,1),
	(1918,112,'127.0.0.1','2015-01-24 14:28:03',NULL,1),
	(1919,1,'127.0.0.1','2015-01-24 15:45:19',NULL,1),
	(1920,1,'127.0.0.1','2015-01-24 15:50:02',NULL,1),
	(1921,112,'127.0.0.1','2015-01-24 15:50:11',NULL,1),
	(1922,1,'127.0.0.1','2015-01-24 15:57:40',NULL,1),
	(1923,112,'127.0.0.1','2015-01-24 15:58:16',NULL,1),
	(1924,112,'127.0.0.1','2015-01-24 16:11:06',NULL,1),
	(1925,112,'127.0.0.1','2015-01-24 16:13:17',NULL,1),
	(1926,1,'127.0.0.1','2015-01-24 16:16:51',NULL,1),
	(1927,112,'127.0.0.1','2015-01-24 16:17:01',NULL,1),
	(1928,112,'127.0.0.1','2015-01-24 16:21:15',NULL,1),
	(1929,112,'127.0.0.1','2015-01-24 16:32:00',NULL,1),
	(1930,112,'127.0.0.1','2015-01-24 16:35:12',NULL,1),
	(1931,113,'127.0.0.1','2015-01-24 16:36:21',NULL,1),
	(1932,NULL,'127.0.0.1','2015-01-24 16:41:58',NULL,0),
	(1933,1,'127.0.0.1','2015-01-24 16:42:00',NULL,1),
	(1934,112,'127.0.0.1','2015-01-24 16:42:08',NULL,1),
	(1935,112,'127.0.0.1','2015-01-24 16:45:09',NULL,1),
	(1936,113,'127.0.0.1','2015-01-24 16:46:58',NULL,1),
	(1937,112,'127.0.0.1','2015-01-24 16:50:53',NULL,1),
	(1938,115,'127.0.0.1','2015-01-24 16:55:14',NULL,1),
	(1939,112,'127.0.0.1','2015-01-24 16:56:22',NULL,1),
	(1940,112,'127.0.0.1','2015-01-24 17:07:33',NULL,1),
	(1941,112,'127.0.0.1','2015-01-24 17:15:21',NULL,1),
	(1942,1,'127.0.0.1','2015-01-24 17:17:16',NULL,1),
	(1943,112,'127.0.0.1','2015-01-24 17:17:29',NULL,1),
	(1944,NULL,'127.0.0.1','2015-01-24 18:22:08',NULL,0),
	(1945,NULL,'127.0.0.1','2015-01-24 18:22:13',NULL,0),
	(1946,113,'127.0.0.1','2015-01-24 18:22:17',NULL,1),
	(1947,113,'127.0.0.1','2015-01-24 18:22:40',NULL,1),
	(1948,1,'127.0.0.1','2015-01-24 18:26:23',NULL,1),
	(1949,1,'127.0.0.1','2015-01-24 18:30:34',NULL,1),
	(1950,113,'127.0.0.1','2015-01-24 18:32:58',NULL,1),
	(1951,112,'127.0.0.1','2015-01-24 18:40:53',NULL,1),
	(1952,113,'127.0.0.1','2015-01-24 18:43:17',NULL,1),
	(1953,112,'127.0.0.1','2015-01-24 20:35:20',NULL,1),
	(1954,112,'127.0.0.1','2015-01-24 20:43:25',NULL,1),
	(1955,113,'127.0.0.1','2015-01-24 20:52:26',NULL,1),
	(1956,113,'127.0.0.1','2015-01-24 21:07:18',NULL,1),
	(1957,1,'127.0.0.1','2015-01-24 21:18:46',NULL,1),
	(1958,113,'127.0.0.1','2015-01-24 21:18:51',NULL,1),
	(1959,112,'127.0.0.1','2015-01-24 21:19:28',NULL,1),
	(1960,112,'127.0.0.1','2015-01-24 21:25:18',NULL,1),
	(1961,112,'127.0.0.1','2015-01-24 21:29:28',NULL,1),
	(1962,1,'127.0.0.1','2015-01-24 22:20:42',NULL,1),
	(1963,112,'127.0.0.1','2015-01-24 22:21:17',NULL,1),
	(1964,112,'127.0.0.1','2015-01-24 22:32:09',NULL,1),
	(1965,113,'127.0.0.1','2015-01-24 22:32:57',NULL,1),
	(1966,1,'127.0.0.1','2015-01-24 22:33:57',NULL,1),
	(1967,112,'127.0.0.1','2015-01-24 22:57:09',NULL,1),
	(1968,113,'127.0.0.1','2015-01-24 22:57:29',NULL,1),
	(1969,1,'127.0.0.1','2015-01-26 02:32:18',NULL,1),
	(1970,112,'127.0.0.1','2015-01-26 09:45:50',NULL,1),
	(1971,113,'127.0.0.1','2015-01-26 09:49:57',NULL,1),
	(1972,NULL,'127.0.0.1','2015-01-26 09:50:38',NULL,0),
	(1973,NULL,'127.0.0.1','2015-01-26 09:50:45',NULL,0),
	(1974,112,'127.0.0.1','2015-01-26 09:50:51',NULL,1),
	(1975,113,'127.0.0.1','2015-01-26 09:54:30',NULL,1),
	(1976,112,'127.0.0.1','2015-01-26 10:11:05',NULL,1),
	(1977,112,'127.0.0.1','2015-01-26 10:21:11',NULL,1),
	(1978,1,'127.0.0.1','2015-01-26 11:17:24',NULL,1),
	(1979,112,'127.0.0.1','2015-01-26 11:17:31',NULL,1),
	(1980,113,'127.0.0.1','2015-01-26 11:21:42',NULL,1),
	(1981,112,'127.0.0.1','2015-01-26 11:22:33',NULL,1),
	(1982,1,'0:0:0:0:0:0:0:1','2015-01-26 11:25:32',NULL,1),
	(1983,112,'0:0:0:0:0:0:0:1','2015-01-26 11:25:58',NULL,1),
	(1984,113,'127.0.0.1','2015-01-26 11:29:41',NULL,1),
	(1985,112,'0:0:0:0:0:0:0:1','2015-01-26 11:37:10',NULL,1),
	(1986,112,'127.0.0.1','2015-01-26 11:39:59',NULL,1),
	(1987,113,'127.0.0.1','2015-01-26 11:50:55',NULL,1),
	(1988,1,'127.0.0.1','2015-01-26 11:56:50',NULL,1),
	(1989,112,'127.0.0.1','2015-01-26 11:56:56',NULL,1),
	(1990,113,'127.0.0.1','2015-01-26 11:57:20',NULL,1),
	(1991,113,'127.0.0.1','2015-01-26 12:21:22',NULL,1),
	(1992,1,'127.0.0.1','2015-01-26 13:03:52',NULL,1),
	(1993,113,'127.0.0.1','2015-01-26 13:04:00',NULL,1),
	(1994,112,'0:0:0:0:0:0:0:1','2015-01-26 13:06:52',NULL,1),
	(1995,113,'127.0.0.1','2015-01-26 13:08:06',NULL,1),
	(1996,113,'127.0.0.1','2015-01-26 13:09:35',NULL,1),
	(1997,113,'127.0.0.1','2015-01-26 13:10:48',NULL,1),
	(1998,112,'127.0.0.1','2015-01-26 13:13:59',NULL,1),
	(1999,113,'127.0.0.1','2015-01-26 13:17:17',NULL,1),
	(2000,1,'127.0.0.1','2015-01-26 13:18:21',NULL,1),
	(2001,113,'127.0.0.1','2015-01-26 13:18:33',NULL,1),
	(2002,113,'127.0.0.1','2015-01-26 13:21:05',NULL,1),
	(2003,113,'127.0.0.1','2015-01-26 13:23:51',NULL,1),
	(2004,113,'127.0.0.1','2015-01-26 13:29:07',NULL,1),
	(2005,113,'127.0.0.1','2015-01-26 13:30:58',NULL,1),
	(2006,113,'127.0.0.1','2015-01-26 13:32:26',NULL,1),
	(2007,1,'127.0.0.1','2015-01-26 13:32:59',NULL,1),
	(2008,112,'127.0.0.1','2015-01-26 13:33:13',NULL,1),
	(2009,113,'127.0.0.1','2015-01-26 13:33:18',NULL,1),
	(2010,113,'127.0.0.1','2015-01-26 13:34:12',NULL,1),
	(2011,112,'127.0.0.1','2015-01-26 13:44:33',NULL,1),
	(2012,112,'127.0.0.1','2015-01-26 13:44:33',NULL,1),
	(2013,113,'127.0.0.1','2015-01-26 13:44:24',NULL,1),
	(2014,1,'127.0.0.1','2015-01-26 13:45:39',NULL,1),
	(2015,113,'127.0.0.1','2015-01-26 13:45:45',NULL,1),
	(2016,113,'127.0.0.1','2015-01-26 13:47:38',NULL,1),
	(2017,113,'127.0.0.1','2015-01-26 13:48:30',NULL,1),
	(2018,113,'127.0.0.1','2015-01-26 13:51:11',NULL,1),
	(2019,113,'127.0.0.1','2015-01-26 13:53:53',NULL,1),
	(2020,113,'127.0.0.1','2015-01-26 13:55:43',NULL,1),
	(2021,113,'127.0.0.1','2015-01-26 13:56:00',NULL,1),
	(2022,113,'127.0.0.1','2015-01-26 13:57:19',NULL,1),
	(2023,113,'127.0.0.1','2015-01-26 13:58:15',NULL,1),
	(2024,113,'127.0.0.1','2015-01-26 14:00:14',NULL,1),
	(2025,113,'127.0.0.1','2015-01-26 14:23:12',NULL,1),
	(2026,113,'127.0.0.1','2015-01-26 14:25:43',NULL,1),
	(2027,112,'192.168.0.254','2015-01-26 14:55:14',NULL,1),
	(2028,112,'127.0.0.1','2015-01-26 16:18:38',NULL,1),
	(2029,112,'127.0.0.1','2015-01-27 14:17:21',NULL,1),
	(2030,112,'127.0.0.1','2015-01-27 14:24:10',NULL,1),
	(2031,112,'127.0.0.1','2015-01-27 14:33:16',NULL,1),
	(2032,112,'127.0.0.1','2015-01-27 14:33:48',NULL,1),
	(2033,1,'0:0:0:0:0:0:0:1','2015-01-27 14:45:50',NULL,1),
	(2034,113,'0:0:0:0:0:0:0:1','2015-01-27 14:50:41',NULL,1),
	(2035,1,'0:0:0:0:0:0:0:1','2015-01-27 15:22:57',NULL,1),
	(2036,112,'127.0.0.1','2015-01-27 15:28:42',NULL,1),
	(2037,112,'127.0.0.1','2015-01-27 15:30:42',NULL,1),
	(2038,1,'127.0.0.1','2015-01-27 16:03:23',NULL,1),
	(2039,113,'127.0.0.1','2015-01-27 16:03:46',NULL,1),
	(2040,113,'127.0.0.1','2015-01-27 16:05:37',NULL,1),
	(2041,113,'127.0.0.1','2015-01-27 16:05:37',NULL,1),
	(2042,1,'127.0.0.1','2015-01-27 16:09:01',NULL,1),
	(2043,112,'127.0.0.1','2015-01-27 16:12:25',NULL,1),
	(2044,113,'127.0.0.1','2015-01-27 16:25:11',NULL,1),
	(2045,112,'127.0.0.1','2015-01-27 16:34:28',NULL,1),
	(2046,112,'127.0.0.1','2015-01-27 16:47:33',NULL,1),
	(2047,113,'127.0.0.1','2015-01-27 16:55:57',NULL,1),
	(2048,1,'127.0.0.1','2015-01-27 17:14:47',NULL,1),
	(2049,112,'127.0.0.1','2015-01-27 17:14:57',NULL,1),
	(2050,112,'127.0.0.1','2015-01-27 17:21:34',NULL,1),
	(2051,112,'127.0.0.1','2015-01-27 17:24:13',NULL,1),
	(2052,112,'127.0.0.1','2015-01-27 17:26:57',NULL,1),
	(2053,112,'127.0.0.1','2015-01-27 17:40:05',NULL,1),
	(2054,113,'127.0.0.1','2015-01-27 17:53:56',NULL,1),
	(2055,112,'127.0.0.1','2015-01-27 18:18:06',NULL,1),
	(2056,1,'127.0.0.1','2015-01-27 18:22:28',NULL,1),
	(2057,112,'127.0.0.1','2015-01-27 18:22:33',NULL,1),
	(2058,115,'127.0.0.1','2015-01-27 18:35:55',NULL,1),
	(2059,112,'127.0.0.1','2015-01-27 18:36:09',NULL,1),
	(2060,115,'127.0.0.1','2015-01-27 18:39:09',NULL,1),
	(2061,1,'127.0.0.1','2015-01-28 10:05:36',NULL,1),
	(2062,113,'127.0.0.1','2015-01-28 10:17:02',NULL,1),
	(2063,112,'127.0.0.1','2015-01-28 10:24:16',NULL,1),
	(2064,112,'127.0.0.1','2015-01-28 10:47:29',NULL,1),
	(2065,112,'127.0.0.1','2015-01-28 11:05:21',NULL,1),
	(2066,112,'127.0.0.1','2015-01-28 11:49:21',NULL,1),
	(2067,112,'127.0.0.1','2015-01-28 12:36:38',NULL,1),
	(2068,113,'127.0.0.1','2015-01-28 13:23:23',NULL,1),
	(2069,113,'127.0.0.1','2015-01-28 13:48:24',NULL,1),
	(2070,112,'127.0.0.1','2015-01-28 13:49:09',NULL,1),
	(2071,112,'127.0.0.1','2015-01-28 13:53:59',NULL,1),
	(2072,112,'127.0.0.1','2015-01-28 14:00:17',NULL,1),
	(2073,112,'127.0.0.1','2015-01-28 14:03:19',NULL,1),
	(2074,112,'127.0.0.1','2015-01-28 14:26:39',NULL,1),
	(2075,113,'127.0.0.1','2015-01-28 14:30:29',NULL,1),
	(2076,112,'127.0.0.1','2015-01-28 14:30:43',NULL,1),
	(2077,113,'127.0.0.1','2015-01-28 14:30:57',NULL,1),
	(2078,113,'127.0.0.1','2015-01-28 14:35:44',NULL,1),
	(2079,113,'127.0.0.1','2015-01-28 14:37:28',NULL,1),
	(2080,113,'127.0.0.1','2015-01-28 14:39:56',NULL,1),
	(2081,113,'127.0.0.1','2015-01-28 14:40:52',NULL,1),
	(2082,113,'127.0.0.1','2015-01-28 14:42:51',NULL,1),
	(2083,113,'127.0.0.1','2015-01-28 14:43:32',NULL,1),
	(2084,113,'127.0.0.1','2015-01-28 14:44:36',NULL,1),
	(2085,112,'0:0:0:0:0:0:0:1','2015-01-28 15:16:13',NULL,1),
	(2086,112,'127.0.0.1','2015-01-28 15:15:22',NULL,1),
	(2087,113,'127.0.0.1','2015-01-28 15:39:14',NULL,1),
	(2088,112,'127.0.0.1','2015-01-28 15:45:37',NULL,1),
	(2089,113,'127.0.0.1','2015-01-28 15:47:19',NULL,1),
	(2090,112,'127.0.0.1','2015-01-28 15:56:18',NULL,1),
	(2091,113,'127.0.0.1','2015-01-28 15:57:22',NULL,1),
	(2092,112,'127.0.0.1','2015-01-28 15:57:55',NULL,1),
	(2093,112,'127.0.0.1','2015-01-28 16:20:18',NULL,1),
	(2094,112,'127.0.0.1','2015-01-28 16:40:34',NULL,1),
	(2095,112,'127.0.0.1','2015-01-28 16:45:17',NULL,1),
	(2096,112,'127.0.0.1','2015-01-28 16:56:15',NULL,1),
	(2097,112,'127.0.0.1','2015-01-28 16:58:33',NULL,1),
	(2098,112,'127.0.0.1','2015-01-28 17:01:23',NULL,1),
	(2099,115,'127.0.0.1','2015-01-28 17:03:22',NULL,1),
	(2100,112,'0:0:0:0:0:0:0:1','2015-01-28 17:06:02',NULL,1),
	(2101,1,'127.0.0.1','2015-01-28 17:10:12',NULL,1),
	(2102,112,'127.0.0.1','2015-01-28 17:09:46',NULL,1),
	(2103,112,'127.0.0.1','2015-01-28 17:10:44',NULL,1),
	(2104,112,'127.0.0.1','2015-01-28 17:11:11',NULL,1),
	(2105,1,'127.0.0.1','2015-01-28 17:12:17',NULL,1),
	(2106,112,'127.0.0.1','2015-01-28 17:13:09',NULL,1),
	(2107,NULL,'0:0:0:0:0:0:0:1','2015-01-28 17:43:47',NULL,0),
	(2108,1,'0:0:0:0:0:0:0:1','2015-01-28 17:43:51',NULL,1),
	(2109,112,'0:0:0:0:0:0:0:1','2015-01-28 17:44:17',NULL,1),
	(2110,112,'127.0.0.1','2015-01-28 18:22:26',NULL,1),
	(2111,113,'127.0.0.1','2015-01-28 18:23:07',NULL,1),
	(2112,1,'127.0.0.1','2015-01-29 10:36:23',NULL,1),
	(2113,112,'127.0.0.1','2015-01-29 10:37:17',NULL,1),
	(2114,1,'127.0.0.1','2015-01-29 11:19:37',NULL,1),
	(2115,1,'127.0.0.1','2015-01-29 11:19:39',NULL,1),
	(2116,1,'127.0.0.1','2015-01-29 11:19:42',NULL,1),
	(2117,1,'127.0.0.1','2015-01-29 11:19:47',NULL,1),
	(2118,1,'127.0.0.1','2015-01-29 11:19:51',NULL,1),
	(2119,112,'0:0:0:0:0:0:0:1','2015-01-29 11:23:18',NULL,1),
	(2120,112,'127.0.0.1','2015-01-29 11:51:41',NULL,1),
	(2121,113,'127.0.0.1','2015-01-29 13:26:33',NULL,1),
	(2122,112,'127.0.0.1','2015-01-29 13:29:14',NULL,1),
	(2123,112,'127.0.0.1','2015-01-29 13:31:47',NULL,1),
	(2124,112,'127.0.0.1','2015-01-29 13:33:09',NULL,1),
	(2125,1,'127.0.0.1','2015-01-29 13:36:21',NULL,1),
	(2126,112,'127.0.0.1','2015-01-29 13:40:23',NULL,1),
	(2127,1,'192.168.0.254','2015-01-29 13:41:43',NULL,1),
	(2128,112,'127.0.0.1','2015-01-29 13:44:40',NULL,1),
	(2129,113,'127.0.0.1','2015-01-29 14:00:55',NULL,1),
	(2130,112,'127.0.0.1','2015-01-29 14:06:58',NULL,1),
	(2131,112,'127.0.0.1','2015-01-29 14:07:41',NULL,1),
	(2132,112,'127.0.0.1','2015-01-29 14:33:45',NULL,1),
	(2133,112,'127.0.0.1','2015-01-29 14:36:59',NULL,1),
	(2134,112,'127.0.0.1','2015-01-29 14:40:21',NULL,1),
	(2135,1,'127.0.0.1','2015-01-29 14:42:29',NULL,1),
	(2136,113,'127.0.0.1','2015-01-29 14:53:37',NULL,1),
	(2137,113,'0:0:0:0:0:0:0:1','2015-01-29 15:21:33',NULL,1),
	(2138,112,'127.0.0.1','2015-01-29 16:31:39',NULL,1),
	(2139,113,'127.0.0.1','2015-01-29 16:36:52',NULL,1),
	(2140,112,'127.0.0.1','2015-01-29 16:40:04',NULL,1),
	(2141,113,'0:0:0:0:0:0:0:1','2015-01-29 17:00:52',NULL,1),
	(2142,112,'127.0.0.1','2015-01-29 17:07:40',NULL,1),
	(2143,112,'127.0.0.1','2015-01-29 17:07:56',NULL,1),
	(2144,113,'127.0.0.1','2015-01-29 17:08:03',NULL,1),
	(2145,112,'127.0.0.1','2015-01-29 17:09:16',NULL,1),
	(2146,1,'127.0.0.1','2015-01-29 17:10:06',NULL,1),
	(2147,113,'127.0.0.1','2015-01-29 17:09:56',NULL,1),
	(2148,112,'127.0.0.1','2015-01-29 17:10:15',NULL,1),
	(2149,113,'127.0.0.1','2015-01-29 17:11:43',NULL,1),
	(2150,112,'127.0.0.1','2015-01-29 17:24:44',NULL,1),
	(2151,113,'127.0.0.1','2015-01-29 17:26:49',NULL,1),
	(2152,113,'127.0.0.1','2015-01-29 17:53:17',NULL,1),
	(2153,112,'0:0:0:0:0:0:0:1','2015-01-29 17:58:21',NULL,1),
	(2154,112,'127.0.0.1','2015-01-29 17:58:24',NULL,1),
	(2155,112,'127.0.0.1','2015-01-29 18:01:35',NULL,1),
	(2156,112,'127.0.0.1','2015-01-29 18:19:23',NULL,1),
	(2157,112,'127.0.0.1','2015-01-29 18:31:24',NULL,1),
	(2158,1,'127.0.0.1','2015-01-29 18:33:28',NULL,1),
	(2159,112,'127.0.0.1','2015-01-29 18:33:40',NULL,1),
	(2160,1,'127.0.0.1','2015-01-29 18:35:42',NULL,1),
	(2161,113,'127.0.0.1','2015-01-29 18:39:29',NULL,1),
	(2162,112,'127.0.0.1','2015-01-29 18:41:14',NULL,1),
	(2163,112,'127.0.0.1','2015-01-29 18:48:31',NULL,1),
	(2164,112,'127.0.0.1','2015-01-29 18:52:17',NULL,1),
	(2165,112,'127.0.0.1','2015-01-29 19:06:37',NULL,1),
	(2166,112,'127.0.0.1','2015-01-29 19:06:37',NULL,1),
	(2167,NULL,'192.168.0.0','2015-01-29 19:35:03',NULL,0),
	(2168,112,'127.0.0.1','2015-01-29 19:58:06',NULL,1),
	(2169,113,'127.0.0.1','2015-01-29 20:05:52',NULL,1),
	(2170,112,'127.0.0.1','2015-01-29 20:10:01',NULL,1),
	(2171,1,'127.0.0.1','2015-01-29 20:15:17',NULL,1),
	(2172,1,'127.0.0.1','2015-01-29 20:25:14',NULL,1),
	(2173,1,'127.0.0.1','2015-01-29 20:28:31',NULL,1),
	(2174,1,'127.0.0.1','2015-01-29 20:29:36',NULL,1),
	(2175,113,'127.0.0.1','2015-01-29 20:30:56',NULL,1),
	(2176,112,'127.0.0.1','2015-01-29 20:32:35',NULL,1),
	(2177,113,'127.0.0.1','2015-01-29 20:49:15',NULL,1),
	(2178,113,'127.0.0.1','2015-01-29 20:49:22',NULL,1),
	(2179,112,'127.0.0.1','2015-01-29 20:50:43',NULL,1),
	(2180,113,'127.0.0.1','2015-01-29 20:52:32',NULL,1),
	(2181,112,'127.0.0.1','2015-01-29 21:07:01',NULL,1),
	(2182,113,'127.0.0.1','2015-01-29 21:08:10',NULL,1),
	(2183,113,'127.0.0.1','2015-01-29 21:25:46',NULL,1),
	(2184,112,'127.0.0.1','2015-01-29 21:30:14',NULL,1),
	(2185,113,'127.0.0.1','2015-01-29 21:38:41',NULL,1),
	(2186,112,'127.0.0.1','2015-01-29 21:45:24',NULL,1),
	(2187,112,'127.0.0.1','2015-01-29 21:45:40',NULL,1),
	(2188,1,'127.0.0.1','2015-01-29 21:52:54',NULL,1),
	(2189,1,'127.0.0.1','2015-01-30 09:58:39',NULL,1),
	(2190,NULL,'127.0.0.1','2015-01-30 10:03:57',NULL,0),
	(2191,NULL,'127.0.0.1','2015-01-30 10:04:19',NULL,0),
	(2192,1,'127.0.0.1','2015-01-30 10:04:26',NULL,1),
	(2193,1,'127.0.0.1','2015-01-30 09:59:28',NULL,1),
	(2194,NULL,'127.0.0.1','2015-01-30 09:59:55',NULL,0),
	(2195,1,'127.0.0.1','2015-01-30 10:00:03',NULL,1),
	(2196,112,'127.0.0.1','2015-01-30 10:01:14',NULL,1),
	(2197,112,'127.0.0.1','2015-01-30 10:06:20',NULL,1),
	(2198,NULL,'127.0.0.1','2015-01-30 11:00:20',NULL,0),
	(2199,112,'127.0.0.1','2015-01-30 11:00:34',NULL,1),
	(2200,112,'127.0.0.1','2015-01-30 13:18:01',NULL,1),
	(2201,112,'127.0.0.1','2015-01-30 13:41:04',NULL,1),
	(2202,113,'127.0.0.1','2015-01-30 13:43:55',NULL,1),
	(2203,112,'127.0.0.1','2015-01-30 13:52:43',NULL,1),
	(2204,112,'127.0.0.1','2015-01-30 14:00:33',NULL,1),
	(2205,113,'127.0.0.1','2015-01-30 14:03:13',NULL,1),
	(2206,112,'127.0.0.1','2015-01-30 14:03:33',NULL,1),
	(2207,113,'127.0.0.1','2015-01-30 14:04:24',NULL,1),
	(2208,112,'127.0.0.1','2015-01-30 14:04:37',NULL,1),
	(2209,113,'127.0.0.1','2015-01-30 14:05:04',NULL,1),
	(2210,112,'127.0.0.1','2015-01-30 14:24:31',NULL,1),
	(2211,113,'127.0.0.1','2015-01-30 14:25:26',NULL,1),
	(2212,112,'0:0:0:0:0:0:0:1','2015-01-30 14:29:16',NULL,1),
	(2213,112,'127.0.0.1','2015-01-30 14:32:00',NULL,1),
	(2214,112,'127.0.0.1','2015-01-30 14:50:28',NULL,1),
	(2215,112,'127.0.0.1','2015-01-30 15:03:52',NULL,1),
	(2216,112,'127.0.0.1','2015-01-30 15:08:26',NULL,1),
	(2217,112,'127.0.0.1','2015-01-30 15:09:44',NULL,1),
	(2218,113,'127.0.0.1','2015-01-30 15:18:01',NULL,1),
	(2219,112,'127.0.0.1','2015-01-30 15:21:58',NULL,1),
	(2220,112,'127.0.0.1','2015-01-30 15:38:26',NULL,1),
	(2221,112,'127.0.0.1','2015-01-30 15:40:45',NULL,1),
	(2222,112,'127.0.0.1','2015-01-30 15:42:26',NULL,1),
	(2223,112,'127.0.0.1','2015-01-30 16:52:32',NULL,1),
	(2224,112,'127.0.0.1','2015-01-30 17:14:15',NULL,1),
	(2225,112,'127.0.0.1','2015-01-30 17:21:22',NULL,1),
	(2226,112,'127.0.0.1','2015-01-30 17:23:50',NULL,1),
	(2227,112,'127.0.0.1','2015-01-30 17:49:50',NULL,1),
	(2228,112,'127.0.0.1','2015-01-30 17:58:02',NULL,1),
	(2229,112,'127.0.0.1','2015-01-30 18:24:45',NULL,1),
	(2230,112,'127.0.0.1','2015-01-30 19:29:01',NULL,1),
	(2231,112,'127.0.0.1','2015-01-30 19:58:26',NULL,1),
	(2232,1,'127.0.0.1','2015-01-30 20:47:23',NULL,1),
	(2233,112,'127.0.0.1','2015-01-30 20:47:30',NULL,1),
	(2234,112,'127.0.0.1','2015-01-30 20:52:35',NULL,1),
	(2235,112,'127.0.0.1','2015-01-30 20:54:17',NULL,1),
	(2236,113,'127.0.0.1','2015-01-30 20:55:27',NULL,1),
	(2237,112,'127.0.0.1','2015-01-30 20:56:33',NULL,1),
	(2238,113,'127.0.0.1','2015-01-30 21:02:18',NULL,1),
	(2239,112,'127.0.0.1','2015-01-30 21:02:58',NULL,1),
	(2240,113,'127.0.0.1','2015-01-30 21:05:34',NULL,1),
	(2241,112,'127.0.0.1','2015-01-30 21:06:07',NULL,1),
	(2242,112,'127.0.0.1','2015-01-30 21:12:53',NULL,1),
	(2243,112,'127.0.0.1','2015-01-30 22:01:49',NULL,1),
	(2244,113,'127.0.0.1','2015-01-30 22:04:44',NULL,1),
	(2245,113,'127.0.0.1','2015-01-30 22:04:45',NULL,1),
	(2246,112,'127.0.0.1','2015-01-30 22:22:35',NULL,1),
	(2247,112,'127.0.0.1','2015-01-30 22:35:43',NULL,1),
	(2248,112,'127.0.0.1','2015-01-30 22:40:10',NULL,1),
	(2249,1,'127.0.0.1','2015-01-30 22:42:23',NULL,1),
	(2250,112,'127.0.0.1','2015-01-30 22:42:29',NULL,1),
	(2251,112,'127.0.0.1','2015-01-30 22:47:48',NULL,1),
	(2252,112,'127.0.0.1','2015-01-30 22:51:14',NULL,1),
	(2253,112,'127.0.0.1','2015-01-30 22:57:23',NULL,1),
	(2254,112,'127.0.0.1','2015-01-30 23:07:17',NULL,1),
	(2255,112,'127.0.0.1','2015-01-30 23:11:33',NULL,1),
	(2256,1,'127.0.0.1','2015-01-31 13:42:46',NULL,1),
	(2257,112,'127.0.0.1','2015-01-31 13:42:54',NULL,1),
	(2258,112,'127.0.0.1','2015-01-31 13:52:00',NULL,1),
	(2259,112,'127.0.0.1','2015-01-31 15:06:33',NULL,1),
	(2260,113,'127.0.0.1','2015-01-31 15:07:26',NULL,1),
	(2261,112,'127.0.0.1','2015-01-31 15:11:36',NULL,1),
	(2262,112,'127.0.0.1','2015-01-31 15:24:47',NULL,1),
	(2263,113,'127.0.0.1','2015-01-31 15:29:45',NULL,1),
	(2264,112,'127.0.0.1','2015-01-31 15:30:06',NULL,1),
	(2265,112,'127.0.0.1','2015-01-31 15:34:05',NULL,1),
	(2266,112,'127.0.0.1','2015-01-31 15:42:46',NULL,1),
	(2267,113,'127.0.0.1','2015-01-31 15:46:43',NULL,1),
	(2268,113,'127.0.0.1','2015-01-31 15:50:28',NULL,1),
	(2269,112,'127.0.0.1','2015-01-31 16:11:04',NULL,1),
	(2270,112,'127.0.0.1','2015-01-31 16:15:11',NULL,1),
	(2271,112,'127.0.0.1','2015-01-31 16:17:06',NULL,1),
	(2272,112,'127.0.0.1','2015-01-31 16:26:08',NULL,1),
	(2273,112,'127.0.0.1','2015-01-31 16:36:47',NULL,1),
	(2274,113,'127.0.0.1','2015-01-31 16:44:12',NULL,1),
	(2275,113,'127.0.0.1','2015-01-31 16:49:02',NULL,1),
	(2276,112,'127.0.0.1','2015-01-31 16:53:59',NULL,1),
	(2277,113,'127.0.0.1','2015-01-31 16:54:33',NULL,1),
	(2278,1,'127.0.0.1','2015-01-31 17:01:28',NULL,1),
	(2279,113,'127.0.0.1','2015-01-31 17:01:36',NULL,1),
	(2280,113,'127.0.0.1','2015-01-31 17:08:46',NULL,1),
	(2281,113,'127.0.0.1','2015-01-31 17:11:32',NULL,1),
	(2282,113,'127.0.0.1','2015-01-31 17:14:39',NULL,1),
	(2283,113,'127.0.0.1','2015-01-31 17:32:43',NULL,1),
	(2284,112,'127.0.0.1','2015-01-31 17:33:53',NULL,1),
	(2285,112,'0:0:0:0:0:0:0:1','2015-02-02 10:41:18',NULL,1),
	(2286,113,'127.0.0.1','2015-02-02 12:53:07',NULL,1),
	(2287,1,'127.0.0.1','2015-02-02 13:22:12',NULL,1),
	(2288,113,'127.0.0.1','2015-02-02 13:22:17',NULL,1),
	(2289,112,'127.0.0.1','2015-02-02 13:22:41',NULL,1),
	(2290,1,'127.0.0.1','2015-02-02 13:47:17',NULL,1),
	(2291,112,'127.0.0.1','2015-02-02 13:47:23',NULL,1),
	(2292,112,'127.0.0.1','2015-02-02 14:19:53',NULL,1),
	(2293,1,'127.0.0.1','2015-02-02 15:24:50',NULL,1),
	(2294,113,'127.0.0.1','2015-02-02 15:24:56',NULL,1),
	(2295,112,'127.0.0.1','2015-02-02 15:25:02',NULL,1),
	(2296,113,'127.0.0.1','2015-02-02 15:29:51',NULL,1),
	(2297,112,'127.0.0.1','2015-02-02 15:50:12',NULL,1),
	(2298,112,'127.0.0.1','2015-02-02 15:58:13',NULL,1),
	(2299,112,'127.0.0.1','2015-02-02 16:02:27',NULL,1),
	(2300,112,'127.0.0.1','2015-02-02 16:04:02',NULL,1),
	(2301,112,'127.0.0.1','2015-02-02 16:41:51',NULL,1),
	(2302,112,'127.0.0.1','2015-02-02 16:45:53',NULL,1),
	(2303,112,'127.0.0.1','2015-02-02 17:41:30',NULL,1),
	(2304,1,'127.0.0.1','2015-02-02 18:02:08',NULL,1),
	(2305,113,'127.0.0.1','2015-02-02 18:02:14',NULL,1),
	(2306,112,'127.0.0.1','2015-02-02 18:02:22',NULL,1),
	(2307,112,'127.0.0.1','2015-02-03 10:02:47',NULL,1),
	(2308,112,'127.0.0.1','2015-02-03 10:30:32',NULL,1),
	(2309,112,'127.0.0.1','2015-02-03 10:33:42',NULL,1),
	(2310,113,'127.0.0.1','2015-02-03 10:43:11',NULL,1),
	(2311,112,'127.0.0.1','2015-02-03 10:43:28',NULL,1),
	(2312,112,'127.0.0.1','2015-02-03 10:43:41',NULL,1),
	(2313,112,'127.0.0.1','2015-02-03 10:44:10',NULL,1),
	(2314,1,'127.0.0.1','2015-02-03 10:45:11',NULL,1),
	(2315,112,'127.0.0.1','2015-02-03 10:45:26',NULL,1),
	(2316,112,'127.0.0.1','2015-02-03 16:12:24',NULL,1),
	(2317,1,'127.0.0.1','2015-02-04 15:34:32',NULL,1),
	(2318,113,'127.0.0.1','2015-02-04 15:50:39',NULL,1),
	(2319,112,'127.0.0.1','2015-02-04 17:13:11',NULL,1),
	(2320,1,'127.0.0.1','2015-02-07 13:20:41',NULL,1),
	(2321,1,'127.0.0.1','2015-02-07 14:34:02',NULL,1),
	(2322,112,'127.0.0.1','2015-02-07 17:55:19',NULL,1),
	(2323,1,'127.0.0.1','2015-02-07 17:59:06',NULL,1),
	(2324,112,'127.0.0.1','2015-02-07 18:05:19',NULL,1),
	(2325,112,'127.0.0.1','2015-02-07 18:08:11',NULL,1),
	(2326,113,'127.0.0.1','2015-02-07 18:08:16',NULL,1),
	(2327,112,'127.0.0.1','2015-02-07 18:09:07',NULL,1),
	(2328,113,'127.0.0.1','2015-02-07 18:17:43',NULL,1),
	(2329,112,'127.0.0.1','2015-02-07 18:17:51',NULL,1),
	(2330,112,'127.0.0.1','2015-02-07 18:28:55',NULL,1),
	(2331,112,'127.0.0.1','2015-02-07 18:32:55',NULL,1),
	(2332,113,'127.0.0.1','2015-02-07 18:34:14',NULL,1),
	(2333,112,'127.0.0.1','2015-02-07 18:34:28',NULL,1),
	(2334,112,'127.0.0.1','2015-02-07 18:33:56',NULL,1),
	(2335,112,'127.0.0.1','2015-02-07 18:35:04',NULL,1),
	(2336,1,'127.0.0.1','2015-02-07 18:53:08',NULL,1),
	(2337,112,'127.0.0.1','2015-02-07 18:53:51',NULL,1),
	(2338,112,'127.0.0.1','2015-02-07 18:54:21',NULL,1),
	(2339,112,'127.0.0.1','2015-02-07 19:02:28',NULL,1),
	(2340,112,'127.0.0.1','2015-02-07 19:31:06',NULL,1),
	(2341,112,'127.0.0.1','2015-02-08 09:51:54',NULL,1),
	(2342,116,'127.0.0.1','2015-02-08 09:55:08',NULL,1),
	(2343,1,'127.0.0.1','2015-02-08 09:56:00',NULL,1),
	(2344,112,'127.0.0.1','2015-02-08 09:56:05',NULL,1),
	(2345,112,'127.0.0.1','2015-02-08 10:44:00',NULL,1),
	(2346,1,'127.0.0.1','2015-02-08 11:12:40',NULL,1),
	(2347,1,'127.0.0.1','2015-02-08 11:18:13',NULL,1),
	(2348,1,'127.0.0.1','2015-02-08 11:20:54',NULL,1),
	(2349,1,'127.0.0.1','2015-02-08 11:21:10',NULL,1),
	(2350,1,'127.0.0.1','2015-02-08 11:22:27',NULL,1),
	(2351,1,'127.0.0.1','2015-02-08 11:25:05',NULL,1),
	(2352,1,'127.0.0.1','2015-02-08 11:27:46',NULL,1),
	(2353,1,'127.0.0.1','2015-02-08 11:29:40',NULL,1),
	(2354,1,'127.0.0.1','2015-02-08 11:35:32',NULL,1),
	(2355,1,'127.0.0.1','2015-02-08 11:41:06',NULL,1),
	(2356,1,'127.0.0.1','2015-02-08 13:49:41',NULL,1),
	(2357,1,'127.0.0.1','2015-02-08 13:51:46',NULL,1),
	(2358,1,'127.0.0.1','2015-02-08 14:47:32',NULL,1),
	(2359,1,'127.0.0.1','2015-02-08 14:50:34',NULL,1),
	(2360,1,'127.0.0.1','2015-02-08 15:19:21',NULL,1),
	(2361,1,'127.0.0.1','2015-02-08 15:27:48',NULL,1),
	(2362,1,'127.0.0.1','2015-02-08 15:41:11',NULL,1),
	(2363,1,'127.0.0.1','2015-02-08 15:43:18',NULL,1),
	(2364,1,'127.0.0.1','2015-02-08 15:44:15',NULL,1),
	(2365,1,'127.0.0.1','2015-02-08 15:46:56',NULL,1),
	(2366,1,'127.0.0.1','2015-02-08 15:49:00',NULL,1),
	(2367,1,'127.0.0.1','2015-02-08 15:50:40',NULL,1),
	(2368,1,'127.0.0.1','2015-02-08 15:51:35',NULL,1),
	(2369,1,'127.0.0.1','2015-02-08 15:54:05',NULL,1),
	(2370,1,'127.0.0.1','2015-02-08 15:55:38',NULL,1),
	(2371,1,'127.0.0.1','2015-02-08 15:57:03',NULL,1),
	(2372,1,'127.0.0.1','2015-02-08 16:52:59',NULL,1),
	(2373,1,'127.0.0.1','2015-02-08 16:58:48',NULL,1),
	(2374,1,'127.0.0.1','2015-02-08 17:02:39',NULL,1),
	(2375,1,'127.0.0.1','2015-02-08 17:03:18',NULL,1),
	(2376,115,'127.0.0.1','2015-02-08 17:21:20',NULL,1),
	(2377,112,'127.0.0.1','2015-02-08 17:29:30',NULL,1),
	(2378,115,'127.0.0.1','2015-02-08 17:30:06',NULL,1),
	(2379,1,'127.0.0.1','2015-02-08 17:33:19',NULL,1),
	(2380,112,'127.0.0.1','2015-02-08 17:32:10',NULL,1),
	(2381,115,'127.0.0.1','2015-02-08 17:33:58',NULL,1),
	(2382,112,'127.0.0.1','2015-02-08 17:49:02',NULL,1),
	(2383,1,'127.0.0.1','2015-02-08 17:57:06',NULL,1),
	(2384,1,'127.0.0.1','2015-02-08 17:59:23',NULL,1),
	(2385,1,'127.0.0.1','2015-02-08 18:01:19',NULL,1),
	(2386,1,'127.0.0.1','2015-02-08 18:01:30',NULL,1),
	(2387,1,'127.0.0.1','2015-02-08 18:01:48',NULL,1),
	(2388,1,'127.0.0.1','2015-02-08 18:03:47',NULL,1),
	(2389,1,'127.0.0.1','2015-02-08 18:05:36',NULL,1),
	(2390,1,'127.0.0.1','2015-02-08 18:10:21',NULL,1),
	(2391,1,'127.0.0.1','2015-02-08 18:10:36',NULL,1),
	(2392,1,'127.0.0.1','2015-02-08 18:17:55',NULL,1),
	(2393,1,'127.0.0.1','2015-02-08 18:20:02',NULL,1),
	(2394,1,'127.0.0.1','2015-02-08 22:32:48',NULL,1),
	(2395,1,'127.0.0.1','2015-02-08 22:43:53',NULL,1),
	(2396,1,'127.0.0.1','2015-02-08 22:45:47',NULL,1),
	(2397,1,'127.0.0.1','2015-02-08 22:50:08',NULL,1),
	(2398,1,'127.0.0.1','2015-02-08 23:21:37',NULL,1),
	(2399,1,'127.0.0.1','2015-02-08 23:28:13',NULL,1),
	(2400,1,'127.0.0.1','2015-02-08 23:31:11',NULL,1),
	(2401,1,'127.0.0.1','2015-02-08 23:32:40',NULL,1),
	(2402,1,'127.0.0.1','2015-02-09 00:13:07',NULL,1),
	(2403,1,'127.0.0.1','2015-02-09 00:30:55',NULL,1),
	(2404,1,'127.0.0.1','2015-02-09 00:49:03',NULL,1),
	(2405,1,'127.0.0.1','2015-02-09 00:51:13',NULL,1),
	(2406,1,'127.0.0.1','2015-02-09 01:00:39',NULL,1),
	(2407,1,'127.0.0.1','2015-02-09 01:13:58',NULL,1),
	(2408,1,'127.0.0.1','2015-02-09 01:19:10',NULL,1),
	(2409,1,'127.0.0.1','2015-02-09 01:21:40',NULL,1),
	(2410,1,'127.0.0.1','2015-02-09 01:22:44',NULL,1),
	(2411,1,'127.0.0.1','2015-02-09 01:35:42',NULL,1),
	(2412,1,'127.0.0.1','2015-02-09 01:38:29',NULL,1),
	(2413,1,'127.0.0.1','2015-02-09 01:42:00',NULL,1),
	(2414,1,'127.0.0.1','2015-02-09 02:04:23',NULL,1),
	(2415,1,'127.0.0.1','2015-02-09 08:54:48',NULL,1),
	(2416,1,'127.0.0.1','2015-02-09 09:21:08',NULL,1),
	(2417,1,'127.0.0.1','2015-02-09 09:30:14',NULL,1),
	(2418,1,'127.0.0.1','2015-02-09 09:37:17',NULL,1),
	(2419,1,'127.0.0.1','2015-02-09 09:37:44',NULL,1),
	(2420,1,'127.0.0.1','2015-02-09 13:29:34',NULL,1),
	(2421,112,'127.0.0.1','2015-02-09 13:29:45',NULL,1),
	(2422,1,'127.0.0.1','2015-02-09 16:02:50',NULL,1),
	(2423,112,'127.0.0.1','2015-02-09 16:11:20',NULL,1),
	(2424,1,'127.0.0.1','2015-02-09 16:23:08',NULL,1),
	(2425,112,'127.0.0.1','2015-04-07 16:42:34',NULL,1),
	(2426,112,'127.0.0.1','2015-02-09 17:11:07',NULL,1),
	(2427,1,'127.0.0.1','2015-02-10 10:30:06',NULL,1),
	(2428,112,'127.0.0.1','2015-02-10 15:07:03',NULL,1);

/*!40000 ALTER TABLE `abc_login_log` ENABLE KEYS */;
UNLOCK TABLES;


# Dump of table abc_menu
# ------------------------------------------------------------

DROP TABLE IF EXISTS `abc_menu`;

CREATE TABLE `abc_menu` (
  `menu_id` int(11) NOT NULL AUTO_INCREMENT COMMENT '主键自增',
  `menu_name` varchar(50) COLLATE utf8_bin NOT NULL COMMENT '菜单名称',
  `menu_url` varchar(200) COLLATE utf8_bin NOT NULL COMMENT '菜单url',
  `menu_parent` int(11) NOT NULL DEFAULT '0' COMMENT '父级菜单编号',
  `menu_smallicon` varchar(50) COLLATE utf8_bin DEFAULT NULL COMMENT '小图标路径',
  `menu_bigicon` varchar(50) COLLATE utf8_bin DEFAULT NULL COMMENT '大图标路径',
  `menu_sort` int(11) DEFAULT '0' COMMENT '排序位置',
  `menu_visible` int(11) DEFAULT '0' COMMENT '是否可见 0 不可见 1可见',
  `menu_des` varchar(50) COLLATE utf8_bin DEFAULT NULL COMMENT '备注',
  `menu_createtime` datetime DEFAULT NULL,
  `menu_modiftime` datetime DEFAULT NULL,
  PRIMARY KEY (`menu_id`)
) ENGINE=InnoDB DEFAULT CHARSET=utf8 COLLATE=utf8_bin;

LOCK TABLES `abc_menu` WRITE;
/*!40000 ALTER TABLE `abc_menu` DISABLE KEYS */;

INSERT INTO `abc_menu` (`menu_id`, `menu_name`, `menu_url`, `menu_parent`, `menu_smallicon`, `menu_bigicon`, `menu_sort`, `menu_visible`, `menu_des`, `menu_createtime`, `menu_modiftime`)
VALUES
	(18,X'E7B3BBE7BB9FE7AEA1E79086',X'23',0,X'69636F6E2D6170706C69636174696F6E5F646F75626C65',NULL,0,1,NULL,'2014-12-01 11:44:45',NULL),
	(19,X'E88F9CE58D95E7AEA1E79086',X'2F53797374656D2F6D656E754D616E616765',18,X'69636F6E2D626F6F6B5F6F70656E',NULL,0,1,NULL,'2014-12-01 11:44:45',NULL),
	(20,X'E8A792E889B2E7AEA1E79086',X'2F53797374656D2F726F6C654D616E616765',18,X'69636F6E2D7573657273',NULL,0,1,NULL,'2014-12-01 11:44:45',NULL),
	(26,X'E58F8BE68385E993BEE68EA5',X'2F6C696E6B2F667269656E644C696E6B4C69737456696577',0,X'69636F6E2D636172745F72656D6F7665',X'32323232',0,1,NULL,'2014-12-02 15:27:34',NULL),
	(27,X'E7A7AFE58886E7B1BBE59E8B',X'2F50325053636F72654D616E6167652F73636F7265547970654C69737456696577',23,NULL,NULL,1,1,NULL,'2014-12-02 15:27:39',NULL),
	(29,X'E7A7AFE58886E7B1BBE59E8B',X'2F50325053636F72654D616E6167652F73636F7265547970654C69737456696577',23,NULL,NULL,0,1,NULL,'2014-12-02 15:28:36',NULL),
	(30,X'E6B58BE5958AE5A4A7E5A4A7',X'23',21,NULL,NULL,0,1,NULL,'2014-12-02 15:28:57',NULL),
	(31,X'E7A7AFE58886E7B1BBE59E8B',X'2F50325053636F72654D616E6167652F73636F7265547970654C69737456696577',23,NULL,NULL,3,1,NULL,'2014-12-02 15:29:38',NULL),
	(35,X'E5868DE6ACA1E6B58BE8AF95',X'23',30,NULL,NULL,0,1,NULL,'2014-12-02 18:18:18',NULL),
	(36,X'E7A7AFE58886E7B1BBE59E8B',X'2F73636F72652F73636F7265547970654C69737456696577',40,X'69636F6E2D636F6D70757465725F6572726F72',NULL,0,1,NULL,'2014-12-02 18:21:51',NULL),
	(38,X'E9A1B9E79BAEE5AEA1E6A0B8',X'23',0,X'69636F6E2D6170706C69636174696F6E5F73706C6974',NULL,5,1,NULL,'2014-12-02 20:12:16',NULL),
	(39,X'E6BBA1E6A087E5AEA1E6A0B8',X'2F7265766965772F4C6F616E46756C6C4C697374436865636B56696577',38,X'69636F6E2D626F6F6B5F6164647265737365735F64656C657465',NULL,0,1,NULL,'2014-12-02 20:12:43',NULL),
	(40,X'E7A7AFE58886E7AEA1E79086',X'23',0,X'69636F6E2D636F6D70617373',NULL,0,1,NULL,'2014-12-03 09:58:53',NULL),
	(41,X'E7AEA1E79086E59198E7AEA1E79086',X'2F656D706C6F7965652F656D706C6F7965654C69737456696577',18,X'69636F6E2D67726F75705F6572726F72',NULL,0,1,NULL,'2014-12-03 10:19:55',NULL),
	(42,X'E7A7AFE58886E58897E8A1A8',X'2F73636F72652F73636F72654C69737456696577',40,X'69636F6E2D61776172645F737461725F676F6C645F33',NULL,0,1,NULL,'2014-12-03 13:39:28',NULL),
	(43,X'E69CBAE69E84E7AEA1E79086',X'23',0,X'69636F6E2D636F6E7472617374',NULL,0,1,NULL,'2014-12-03 17:11:46',NULL),
	(44,X'E8B4A6E688B7E7BBB4E68AA4',X'2F6163636F756E742F636F6D4F70656E4163636F756E744C69737456696577',43,X'69636F6E2D636F6E74726F6C5F626C616E6B5F626C7565',NULL,0,1,NULL,'2014-12-03 17:12:51',NULL),
	(45,X'E9A1B9E79BAEE5889DE5AEA1',X'2F7265766965772F4C6F616E4C697374436865636B56696577',38,X'69636F6E2D6170706C69636174696F6E5F676574',NULL,3,1,NULL,'2014-12-03 18:43:39',NULL),
	(47,X'E8BDACE8AEA9E5AEA1E6A0B8',X'23',0,X'69636F6E2D636F6E74726F6C5F66617374666F72776172645F626C7565',NULL,0,1,NULL,'2014-12-03 20:07:46',NULL),
	(48,X'E8BDACE8AEA9E5889DE5AEA1',X'2F7265766965772F6C6F616E52656465656D4C697374436865636B56696577',47,X'69636F6E2D636F6E74726173745F696E637265617365',NULL,2,1,NULL,'2014-12-03 20:08:47',NULL),
	(49,X'E8BDACE8AEA9E6BBA1E6A087E5AEA1E6A0B8',X'2F7265766965772F7472616E7366657246756C6C4C697374436865636B56696577',47,X'69636F6E2D626F6F6B5F6F70656E',NULL,1,1,NULL,'2014-12-03 20:09:57',NULL),
	(50,X'E89E8DE8B584E6848FE59091E7AEA1E79086',X'23',0,X'69636F6E2D636F696E73',X'31',11,1,NULL,'2014-12-04 11:33:25',NULL),
	(51,X'E6848FE59091E5AEA1E6A0B8',X'2F7265766965772F696E74656E744C697374436865636B56696577',50,X'69636F6E2D636F696E735F616464',X'31',0,1,NULL,'2014-12-04 11:50:46',NULL),
	(53,X'E6A08FE79BAEE7AEA1E79086',X'2F736974652F636F6C756D6E56696577',124,X'69636F6E2D626F6F6B6D61726B5F64656C657465',X'3131',0,1,NULL,'2014-12-04 16:35:38',NULL),
	(58,X'E69687E7ABA0E7AEA1E79086',X'2F61727469636C652F41727469636C6556696577',18,X'69636F6E2D626F6F6B5F616464726573736573',X'31',0,1,NULL,'2014-12-05 15:49:37',NULL),
	(59,X'E69CBAE69E84E7BBB4E68AA4',X'2F676F7665726E6D656E742F676F764C69737456696577',43,X'69636F6E2D67726F75705F67656172',NULL,0,1,NULL,'2014-12-08 10:07:57',NULL),
	(60,X'E8B4B9E794A8E8AEBEE7BDAE',X'2F6665657365742F636F737453657474696E6741646456696577',18,X'69636F6E2D7772656E6368',X'69636F6E2D7772656E6368',0,1,NULL,'2014-12-17 14:48:18',NULL),
	(62,X'E887AAE890A5E8AEA4E8AF81E7AEA1E79086',X'23',0,X'69636F6E2D6170706C69636174696F6E5F646F75626C65',NULL,0,1,NULL,'2014-12-09 10:44:45',NULL),
	(63,X'E5AEA2E688B7E69FA5E8AFA2',X'2F73656C6670726F76652F437573746F6D65724D616E6167656D656E744C69737456696577',62,X'69636F6E2D6170706C69636174696F6E5F736964655F6C697374',NULL,0,1,NULL,'2014-12-09 10:45:45',NULL),
	(64,X'E58F82E695B0E9858DE7BDAE',X'2F7379737365742F73797374656D53657474696E6756696577',18,X'69636F6E2D7461626C65',X'31',0,1,NULL,'2014-12-10 16:31:00',NULL),
	(66,X'E5AF86E7A081E4BFAEE694B9',X'2F6F726770617373776F72642F6F72675077644564697456696577',138,X'69636F6E2D6B6579',X'32323132',0,1,NULL,'2014-12-12 11:39:33',NULL),
	(67,X'E4BAA7E59381E7AEA1E79086',X'23',0,X'69636F6E2D636172745F72656D6F7665',X'32323232',0,1,NULL,'2014-12-15 13:12:30',NULL),
	(68,X'E4BAA7E59381E7BBB4E68AA4',X'2F70726F647563742F70726F647563744C69737456696577',67,X'69636F6E2D636172745F72656D6F7665',X'352E706E67',0,1,NULL,'2014-12-15 13:15:57',NULL),
	(69,X'E4BAA7E59381E5BD95E585A5',X'2F70726F647563742F70726F647563744D656E7541646456696577',67,X'69636F6E2D636172745F72656D6F7665',X'372E706E67',0,1,NULL,'2014-12-15 13:17:43',NULL),
	(70,X'E69BB4E696B0E5AEA1E6A0B8',X'2F676F7665726E6D656E742F676F764D6F646966794C697374436865636B56696577',43,X'69636F6E2D67726F75705F676F',NULL,0,1,NULL,'2014-12-15 13:41:24',NULL),
	(71,X'E8B4B7E6ACBEE8BF98E6ACBE',X'2F6C6F616E7061792F6C6F616E5061794C69737456696577',0,X'69636F6E2D6170706C69636174696F6E5F736964655F74726565',NULL,1,1,NULL,'2014-12-15 15:44:00',NULL),
	(72,X'E7A7AFE58886E58591E78EB0E8AEBEE7BDAE',X'2F73636F72652F73636F72654D616E6167654C69737456696577',40,X'69636F6E2D61776172645F737461725F676F6C645F31',NULL,0,1,NULL,'2014-12-17 10:22:33',NULL),
	(73,X'E7A7AFE58886E58591E78EB0E5AEA1E6A0B8',X'2F73636F72652F73636F7265546F436173684C697374436865636B56696577',0,X'69636F6E2D61776172645F737461725F62726F6E7A655F31',NULL,0,1,NULL,'2014-12-17 10:23:17',NULL),
	(74,X'E8B4B9E794A8E7BB9FE8AEA1',X'2F6368617267652F636F73745374617469737469637356696577',81,X'69636F6E2D63686172745F626172',X'31',0,1,NULL,'2014-12-17 10:23:33',NULL),
	(75,X'E7AD89E7BAA7E7AEA1E79086',X'2F73636F72652F6C6576656C4D616E61676556696577',40,X'69636F6E2D61776172645F737461725F62726F6E7A655F33',NULL,0,1,NULL,'2014-12-17 11:46:02',NULL),
	(76,X'E8B4A6E688B7E7AEA1E79086',X'23',0,X'69636F6E2D75736572',NULL,0,1,NULL,'2014-12-17 14:00:44',NULL),
	(77,X'E8B4A6E688B7E5BC80E688B7',X'2F6163636F756E742F6F70656E4163636F756E7456696577',76,X'69636F6E2D757365725F616464',NULL,0,1,NULL,'2014-12-17 14:01:51',NULL),
	(78,X'E68891E79A84E69CBAE69E84',X'2F676F7665726E6D656E742F6D79476F764564697456696577',43,X'69636F6E2D67726F7570',NULL,0,1,NULL,'2014-12-17 17:33:55',NULL),
	(79,X'E4BD99E9A29DE69FA5E8AFA2',X'2F6163636F756E742F736574744D6F6E65794C6F6F6B557056696577',76,X'69636F6E2D6D6F6E65795F646F6C6C6172',NULL,0,1,NULL,'2014-12-17 18:11:21',NULL),
	(80,X'E7BBB4E68AA4E8AEB0E5BD95',X'2F676F7665726E6D656E742F676F764D6F646966794C69737456696577',43,X'69636F6E2D6170706C69636174696F6E5F766965775F636F6C756D6E73',NULL,0,1,NULL,'2014-12-17 21:18:33',NULL),
	(81,X'E7BB9FE8AEA1E58886E69E90',X'23',0,X'69636F6E2D63616C63756C61746F72',NULL,0,1,NULL,'2014-12-18 20:54:30',NULL),
	(82,X'E8B584E98791E5AFB9E8B4A6E8A1A8',X'2F7265706F7274416E616C797369732F4361706974616C4163636F756E7456696577',81,X'69636F6E2D63686172745F706965',NULL,0,1,NULL,'2014-12-18 20:58:41',NULL),
	(84,X'E5AE9EE5908DE8AEA4E8AF81',X'2F73656C6670726F76652F5265616C4E616D654C69737456696577',62,X'69636F6E2D6170706C69636174696F6E5F736964655F6C697374',NULL,0,1,NULL,'2014-12-22 10:42:22',NULL),
	(85,X'E982AEE7AEB1E8AEA4E8AF81',X'2F73656C6670726F76652F456D61696C4C69737456696577',62,X'69636F6E2D6170706C69636174696F6E5F736964655F6C697374',NULL,0,1,NULL,'2014-12-22 11:37:31',NULL),
	(86,X'E6898BE69CBAE8AEA4E8AF81',X'2F73656C6670726F76652F4D6F62696C654C69737456696577',62,X'69636F6E2D6465766963655F7374796C7573',NULL,0,1,NULL,'2014-12-22 11:40:09',NULL),
	(87,X'E9A1B9E79BAEE7AEA1E79086',X'23',0,X'69636F6E2D6170706C69636174696F6E5F736964655F6C697374',NULL,4,1,NULL,'2014-12-22 13:39:38',NULL),
	(88,X'E9A1B9E79BAEE58F91E5B883',X'2F70726F6A6563746D616E6167652F50726F6A65637452656C656173654C69737456696577',87,X'69636F6E2D7265706F72745F70696374757265',NULL,3,1,NULL,'2014-12-22 13:47:27',NULL),
	(89,X'E9A1B9E79BAEE8B79FE8B8AA',X'2F70726F6A6563746D616E6167652F50726F6A656374547261636B4C69737456696577',87,X'69636F6E2D706167655F77686974655F636F6465',NULL,2,1,NULL,'2014-12-22 13:48:59',NULL),
	(90,X'E8BDACE8AEA9E8B79FE8B8AA',X'2F70726F6A6563746D616E6167652F50726F6A6563745363686564756C654C69737456696577',87,X'69636F6E2D706167655F6D61676E696679',NULL,1,1,NULL,'2014-12-22 13:50:49',NULL),
	(91,X'E69C89E99990E59088E4BC99E7AEA1E79086',X'23',0,X'69636F6E2D6170706C69636174696F6E5F736964655F74726565',X'',0,1,X'','2014-12-22 15:20:10','2014-12-22 15:20:25'),
	(92,X'E69C89E99990E59088E4BC99E7BBB4E68AA4',X'2F66756E642F46756E644170706C794C69737456696577',91,X'69636F6E2D6170706C69636174696F6E5F736964655F74726565',X'',0,1,X'','2014-12-22 15:20:15','2014-12-22 15:20:33'),
	(93,X'E8B584E98791E7AEA1E79086',X'23',0,X'69636F6E2D636F696E73',NULL,2,1,NULL,'2014-12-22 15:24:43',NULL),
	(94,X'E69C89E99990E59088E4BC99E9A284E7BAA6',X'2F66756E642F46756E644F726465724C69737456696577',91,X'69636F6E2D6170706C69636174696F6E5F736964655F74726565',X'',0,1,X'','2014-12-22 00:00:00','2014-12-22 15:35:00'),
	(95,X'E993B6E8A18CE8B4A6E688B7E7AEA1E79086',X'2F62616E6B2F4D6F6E42616E6B496E666F4C69737456696577',91,X'69636F6E2D6170706C69636174696F6E5F736964655F74726565',X'',0,1,X'','2014-12-22 00:00:00','2014-12-22 15:35:03'),
	(96,X'E98080E8B4B9E794B3E8AFB7',X'2F6D6F6E65794D616E6167652F6D6F6E657952657475726E41646456696577',93,X'69636F6E2D636F696E73',NULL,0,1,NULL,'2014-12-22 15:31:00',NULL),
	(98,X'E4B8AAE4BABAE68F90E78EB0E69FA5E8AFA2',X'2F657874722F696E766573746F72457874724C69737456696577',103,X'69636F6E2D63686172745F626172',NULL,0,1,NULL,'2014-12-23 15:11:12',NULL),
	(99,X'E4B8AAE4BABAE58585E580BCE69FA5E8AFA2',X'2F72656368617267652F696E766573746F7252656368617267654C69737456696577',103,X'69636F6E2D63686172745F626172',NULL,0,1,NULL,'2014-12-24 10:00:28',NULL),
	(100,X'E69CBAE69E84E68F90E78EB0E69FA5E8AFA2',X'2F657874722F67756172476F76457874724C69737456696577',103,X'69636F6E2D63686172745F626172',NULL,0,1,NULL,'2014-12-24 14:24:13',NULL),
	(101,X'E69CBAE69E84E58585E580BCE69FA5E8AFA2',X'2F72656368617267652F4775617252656368617267654C69737456696577',103,X'69636F6E2D63686172745F626172',NULL,0,1,NULL,'2014-12-24 15:53:56',NULL),
	(102,X'E98080E6ACBEE5AEA1E6A0B8',X'2F6D6F6E65794D616E6167652F526566756E644170706C794C697374436865636B56696577',93,X'69636F6E2D636F696E73',NULL,0,1,NULL,'2014-12-24 20:07:14',NULL),
	(103,X'E58585E580BCE68F90E78EB0E69FA5E8AFA2',X'23',0,X'69636F6E2D63686172745F6375727665',NULL,0,1,NULL,'2014-12-25 15:27:15',NULL),
	(106,X'E7BAA2E58C85E7AEA1E79086',X'23',0,X'69636F6E2D666F6C6465725F6865617274',NULL,0,1,NULL,'2014-12-25 21:06:00',NULL),
	(107,X'E7BAA2E58C85E69FA5E8AFA2',X'2F7265647265776172646D616E6167652F5265645265776172644C69737456696577',106,X'69636F6E2D666F6C6465725F6578706C6F7265',NULL,0,1,NULL,'2014-12-25 21:07:28',NULL),
	(108,X'E694B6E8B4ADE5AEA1E6A0B8',X'23',0,NULL,NULL,0,1,NULL,'2014-12-26 13:26:40',NULL),
	(109,X'E694B6E8B4ADE5889DE5AEA1',X'2F7265766965772F6275794C6F616E4C697374436865636B56696577',108,NULL,NULL,2,1,NULL,'2014-12-26 13:27:30',NULL),
	(110,X'E694B6E8B4ADE6BBA1E6A087E5AEA1E6A0B8',X'2F7265766965772F6275794C6F616E46756C6C4C697374436865636B56696577',108,NULL,NULL,0,1,NULL,'2014-12-26 13:28:14',NULL),
	(111,X'E6BBA1E6A087E58892E8BDAC',X'2F6D6F6E65794D616E6167652F4D6F6E65795472616E736665724C69737456696577',93,X'69636F6E2D636F696E735F616464',NULL,0,1,NULL,'2014-12-26 17:24:50',NULL),
	(112,X'E8BDACE8AEA9E6BBA1E6A087E58892E8BDAC',X'2F6D6F6E65794D616E6167652F41747446756C5363615473664C69737456696577',93,X'69636F6E2D636F696E735F616464',NULL,0,1,NULL,'2014-12-26 17:27:29',NULL),
	(113,X'E694B6E8B4ADE6BBA1E6A087E58892E8BDAC',X'2F6D6F6E65794D616E6167652F42757946756C6C5472616E736665724C69737456696577',93,X'69636F6E2D636F696E735F616464',NULL,0,1,NULL,'2014-12-26 17:28:20',NULL),
	(114,X'E89E8DE8B584E7AEA1E79086',X'2F6C6F616E2F4C6F616E4C69737456696577',0,X'69636F6E2D6170706C69636174696F6E5F736964655F74726565',NULL,8,1,NULL,'2014-12-26 17:52:03',NULL),
	(115,X'E89E8DE8B584E7BBB4E68AA4',X'2F6C6F616E2F4C6F616E4C69737456696577',114,X'69636F6E2D6170706C69636174696F6E5F65646974',NULL,1,1,NULL,'2014-12-26 17:52:49',NULL),
	(116,X'E89E8DE8B584E794B3E8AFB7',X'2F6C6F616E2F4C6F616E54656D704C69737456696577',114,X'69636F6E2D6170706C69636174696F6E5F736964655F74726565',NULL,2,1,NULL,'2014-12-26 17:53:19',NULL),
	(117,X'E68B85E4BF9DE5AEA1E6A0B8',X'2F7265766965772F67756172476F764C697374436865636B56696577',0,X'69636F6E2D6170706C69636174696F6E5F73746F70',NULL,0,1,NULL,'2014-12-27 11:53:09',NULL),
	(118,X'E4BFA1E8B4B7E5AEA1E6A0B8',X'2F7265766965772F6C6F616E476F764C697374436865636B56696577',0,X'69636F6E2D7472616E736D69745F676F',NULL,0,1,NULL,'2014-12-27 11:58:33',NULL),
	(119,X'E8B584E98791E58892E8BDACE7BB9FE8AEA1',X'2F7265706F7274416E616C797369732F5472616E7366657246756E64735374617469737469637356696577',81,X'69636F6E2D63686172745F706965',NULL,0,1,NULL,'2014-12-31 17:42:16',NULL),
	(120,X'E7BC96E58FB7E6A8A1E69DBFE8AEBEE7BDAE',X'2F7379737365742F4E756D62657252756C6556696577',18,X'69636F6E2D746578745F6162',NULL,0,1,NULL,'2015-01-03 11:20:40',NULL),
	(121,X'E695B0E68DAEE5A487E4BBBD',X'2F7379737365742F446174614261636B757056696577',18,X'69636F6E2D64617461626173655F73617665',X'69636F6E2D64617461626173655F73617665',0,1,NULL,'2015-01-03 22:02:16',NULL),
	(122,X'E695B0E68DAEE681A2E5A48D',X'2F7379737365742F446174615265636F7665727956696577',18,X'69636F6E2D64617461626173655F72656672657368',X'69636F6E2D64617461626173655F72656672657368',0,1,NULL,'2015-01-03 22:03:00',NULL),
	(123,X'E7B3BBE7BB9FE697A5E5BF97',X'2F7379737365742F53797374656D4C6F6756696577',18,X'69636F6E2D626F6F6B5F65646974',NULL,0,1,NULL,'2015-01-03 22:05:57',NULL),
	(124,X'E7BD91E7AB99E7AEA1E79086',X'23',0,X'69636F6E2D636F67',NULL,0,1,NULL,'2015-01-03 22:09:47',NULL),
	(125,X'E7BD91E7AB99E8AEBEE7BDAE',X'2F736974652F53697465436F6E66696756696577',124,X'69636F6E2D61776172645F737461725F73696C7665725F33',NULL,0,1,NULL,'2015-01-03 22:12:11',NULL),
	(126,X'E79086E8B4A2E7AEA1E79086',X'23',0,X'69636F6E2D636F696E73',NULL,0,1,NULL,'2015-01-04 18:28:04',NULL),
	(127,X'E98280E8AFB7E5A5BDE58F8B',X'2F696E766974652F726577617264467269656E6456696577',126,X'69636F6E2D62656C6C',NULL,0,1,NULL,'2015-01-04 18:30:41',NULL),
	(128,X'E98280E8AFB7E5A596E58AB1',X'2F696E766974652F7265776172644C69737456696577',126,X'69636F6E2D636F696E73',NULL,0,1,NULL,'2015-01-04 18:32:05',NULL),
	(129,X'E887AAE890A5E5AEA1E6A0B8E7AEA1E79086',X'23',0,X'69636F6E2D6170706C69636174696F6E5F736964655F74726565',NULL,0,1,NULL,'2015-01-06 14:53:21',NULL),
	(131,X'E4BFA1E794A8E9A29DE5BAA6E5AEA1E6A0B8',X'2F6372656469742F6372656469744C697374436865636B56696577',129,X'69636F6E2D6170706C69636174696F6E5F736964655F6C697374',NULL,0,1,NULL,'2015-01-06 14:58:39',NULL),
	(134,X'E98080E59B9EE5AEA1E6A0B8',X'2F7265766965772F4C6F616E4261636B4C697374436865636B56696577',38,X'69636F6E2D6170706C69636174696F6E5F736964655F6C697374',NULL,0,1,NULL,'2015-01-06 22:03:59',NULL),
	(135,X'E58585E580BCE7AEA1E79086',X'23',0,X'69636F6E2D686F7572676C6173735F676F',NULL,0,1,NULL,'2015-01-06 22:27:49',NULL),
	(136,X'E7BABFE4B88BE58585E580BCE5AEA1E6A0B8',X'2F72656368617267652F446F776E4C696E654C697374436865636B56696577',135,X'69636F6E2D686F7572676C6173735F676F',NULL,0,1,NULL,'2015-01-06 22:28:48',NULL),
	(138,X'E4B8AAE4BABAE4BFA1E681AF',X'23',0,X'69636F6E2D757365725F6D6174757265',NULL,0,1,NULL,'2015-01-06 23:41:01',NULL),
	(139,X'E5898DE58FB0E9A1B5E99DA2',X'23',0,X'69636F6E2D7261696E626F77',NULL,15,1,NULL,'2015-01-24 13:16:07',NULL),
	(140,X'E7AB8BE58DB3E68A95E8B584',X'2F64656D6F2F696E766573742E68746D',139,X'69636F6E2D63686172745F626172',NULL,5,1,NULL,'2015-01-24 13:20:10',NULL),
	(141,X'E8BDACE8AEA92FE694B6E8B4AD',X'2F64656D6F2F6C61756E63682E68746D',139,X'69636F6E2D6C6F7272795F676F',NULL,0,1,NULL,'2015-01-24 13:25:15',NULL),
	(142,X'E8AEA4E8B4AD',X'2F64656D6F2F7375627363726962652E68746D',139,X'69636F6E2D6364725F7469636B',NULL,0,1,NULL,'2015-01-24 13:50:23',NULL),
	(143,X'E6848FE59091E794B3E8AFB7',X'2F64656D6F2F6C6F616E496E74656E742E68746D',139,X'69636F6E2D70656E63696C',NULL,11,1,NULL,'2015-01-24 13:54:05',NULL),
	(144,X'E7B3BBE7BB9FE79B91E68EA7',X'2F64727569642F696E6465782E68746D',0,X'69636F6E2D74656C65766973696F6E',X'69636F6E2D74656C65766973696F6E',0,1,NULL,'2015-02-08 18:22:57',NULL);

/*!40000 ALTER TABLE `abc_menu` ENABLE KEYS */;
UNLOCK TABLES;


# Dump of table abc_menu_btn
# ------------------------------------------------------------

DROP TABLE IF EXISTS `abc_menu_btn`;

CREATE TABLE `abc_menu_btn` (
  `mbt_id` int(11) NOT NULL AUTO_INCREMENT COMMENT '主键自增',
  `menu_id` int(11) NOT NULL COMMENT 'abc_menu外键',
  `btn_id` int(11) NOT NULL COMMENT 'abc_btn外键',
  PRIMARY KEY (`mbt_id`)
) ENGINE=InnoDB DEFAULT CHARSET=utf8 COLLATE=utf8_bin COMMENT='菜单按钮表';

LOCK TABLES `abc_menu_btn` WRITE;
/*!40000 ALTER TABLE `abc_menu_btn` DISABLE KEYS */;

INSERT INTO `abc_menu_btn` (`mbt_id`, `menu_id`, `btn_id`)
VALUES
	(167,59,139),
	(168,59,140),
	(169,59,141),
	(170,59,162),
	(171,59,175),
	(172,59,190),
	(173,59,176),
	(174,59,163),
	(175,20,139),
	(176,20,140),
	(177,20,141),
	(181,19,139),
	(182,19,140),
	(183,19,141),
	(184,47,138),
	(202,67,138),
	(210,68,139),
	(211,68,140),
	(212,68,141),
	(213,68,162),
	(214,68,163),
	(215,69,139),
	(273,70,138),
	(274,70,162),
	(275,70,147),
	(276,70,163),
	(277,70,172),
	(278,40,138),
	(279,42,140),
	(280,42,162),
	(281,42,163),
	(291,36,139),
	(292,36,140),
	(293,36,141),
	(294,36,163),
	(313,41,139),
	(314,41,140),
	(315,41,141),
	(316,41,162),
	(317,41,175),
	(318,41,190),
	(319,41,176),
	(320,41,163),
	(321,41,138),
	(323,62,138),
	(324,62,139),
	(325,62,140),
	(326,62,141),
	(327,63,162),
	(328,63,139),
	(329,63,140),
	(330,63,141),
	(335,72,139),
	(336,72,140),
	(337,72,141),
	(338,72,138),
	(349,71,138),
	(350,71,162),
	(351,71,174),
	(352,71,184),
	(353,71,189),
	(358,75,138),
	(359,76,138),
	(360,77,138),
	(363,38,138),
	(368,74,138),
	(369,74,139),
	(370,74,140),
	(371,74,141),
	(372,78,138),
	(373,79,138),
	(374,80,162),
	(375,80,138),
	(376,80,163),
	(377,64,138),
	(378,81,138),
	(380,50,138),
	(408,85,138),
	(410,86,163),
	(423,90,138),
	(424,90,142),
	(425,90,162),
	(426,90,163),
	(428,87,138),
	(435,93,138),
	(436,96,138),
	(448,91,138),
	(461,92,139),
	(462,92,140),
	(463,92,141),
	(464,92,177),
	(465,92,196),
	(466,92,163),
	(467,94,162),
	(468,94,147),
	(469,94,163),
	(472,58,138),
	(473,58,139),
	(474,58,140),
	(475,58,141),
	(476,95,139),
	(477,95,140),
	(478,95,141),
	(479,95,162),
	(480,95,163),
	(483,84,162),
	(484,84,147),
	(485,84,163),
	(494,102,138),
	(495,102,147),
	(496,102,162),
	(497,103,138),
	(503,44,139),
	(504,44,140),
	(505,44,141),
	(506,44,162),
	(507,44,163),
	(508,104,138),
	(509,105,138),
	(510,107,138),
	(511,106,138),
	(517,108,138),
	(527,114,138),
	(543,116,138),
	(574,111,138),
	(575,111,180),
	(576,111,163),
	(577,112,138),
	(578,112,180),
	(579,112,163),
	(580,113,138),
	(581,113,180),
	(582,113,163),
	(583,89,138),
	(584,89,162),
	(585,89,142),
	(586,89,163),
	(587,89,206),
	(588,60,138),
	(589,60,139),
	(590,60,140),
	(591,60,141),
	(592,39,162),
	(593,39,147),
	(594,39,163),
	(595,39,172),
	(600,48,162),
	(601,48,147),
	(602,48,163),
	(603,48,172),
	(604,49,162),
	(605,49,147),
	(606,49,163),
	(607,49,172),
	(614,73,138),
	(615,73,147),
	(616,73,163),
	(617,73,172),
	(618,109,162),
	(619,109,147),
	(620,109,163),
	(621,109,172),
	(630,110,162),
	(631,110,147),
	(632,110,163),
	(633,110,172),
	(635,119,163),
	(636,120,138),
	(637,121,138),
	(638,122,138),
	(639,123,138),
	(641,124,138),
	(649,126,138),
	(650,127,138),
	(651,128,138),
	(652,128,163),
	(653,53,138),
	(654,53,139),
	(655,53,140),
	(656,53,141),
	(657,125,138),
	(658,125,139),
	(659,125,140),
	(660,125,141),
	(678,118,138),
	(679,118,162),
	(680,118,147),
	(681,118,158),
	(682,118,159),
	(683,118,193),
	(684,118,194),
	(685,118,172),
	(686,118,163),
	(687,118,192),
	(689,131,138),
	(690,131,162),
	(691,131,147),
	(692,131,163),
	(716,135,138),
	(722,26,138),
	(723,26,139),
	(724,26,140),
	(725,117,138),
	(726,117,162),
	(727,117,147),
	(728,117,158),
	(729,117,159),
	(730,117,193),
	(731,117,172),
	(732,117,163),
	(733,117,194),
	(734,129,138),
	(735,66,138),
	(736,138,138),
	(737,98,163),
	(738,99,163),
	(739,100,163),
	(740,101,163),
	(748,88,138),
	(749,88,162),
	(750,88,142),
	(751,88,196),
	(752,88,204),
	(753,88,163),
	(754,88,159),
	(764,136,162),
	(765,136,147),
	(766,136,163),
	(767,51,162),
	(768,51,147),
	(769,51,158),
	(770,51,193),
	(771,51,194),
	(772,51,192),
	(773,51,172),
	(774,51,163),
	(775,82,138),
	(776,82,163),
	(777,115,139),
	(778,115,140),
	(779,115,141),
	(780,115,162),
	(781,115,158),
	(782,115,194),
	(783,115,192),
	(784,115,163),
	(785,115,172),
	(786,45,162),
	(787,45,147),
	(788,45,158),
	(789,45,159),
	(790,45,172),
	(791,45,163),
	(797,134,162),
	(798,134,147),
	(799,134,172),
	(800,134,163),
	(801,43,138),
	(802,139,138),
	(803,143,138),
	(804,140,138),
	(805,141,138),
	(806,142,138),
	(807,144,138);

/*!40000 ALTER TABLE `abc_menu_btn` ENABLE KEYS */;
UNLOCK TABLES;


# Dump of table abc_menu_btn_log
# ------------------------------------------------------------

DROP TABLE IF EXISTS `abc_menu_btn_log`;

CREATE TABLE `abc_menu_btn_log` (
  `bl_id` int(11) NOT NULL AUTO_INCREMENT COMMENT '主键自增',
  `emp_id` int(11) NOT NULL COMMENT '操作人  abc_employee外键',
  `menu_id` int(11) NOT NULL COMMENT '操作的menu  abc_menu外键',
  `btn_id` int(11) NOT NULL COMMENT '操作的btn  abc_menu',
  `operat_type` int(11) NOT NULL COMMENT '1:添加按钮 2:删除按钮 ',
  `operat_time` datetime NOT NULL COMMENT '操作时间',
  PRIMARY KEY (`bl_id`)
) ENGINE=InnoDB DEFAULT CHARSET=utf8 COLLATE=utf8_bin COMMENT='按钮菜单关联操作日志表';



# Dump of table abc_menu_log
# ------------------------------------------------------------

DROP TABLE IF EXISTS `abc_menu_log`;

CREATE TABLE `abc_menu_log` (
  `ml_id` int(11) NOT NULL AUTO_INCREMENT COMMENT '主键自增',
  `emp_id` int(11) NOT NULL COMMENT 'abc_employee外键',
  `operat_type` int(11) NOT NULL COMMENT '操作类型 1:添加 2:修改 3:删除 ',
  `operat_before` varchar(100) COLLATE utf8_bin DEFAULT NULL COMMENT '操作前的json值',
  `operat_after` varchar(100) COLLATE utf8_bin DEFAULT NULL COMMENT '操作后的json值',
  `operat_time` datetime NOT NULL COMMENT '操作时间',
  PRIMARY KEY (`ml_id`)
) ENGINE=InnoDB DEFAULT CHARSET=utf8 COLLATE=utf8_bin COMMENT='菜单操作日志表';



# Dump of table abc_message_info
# ------------------------------------------------------------

DROP TABLE IF EXISTS `abc_message_info`;

CREATE TABLE `abc_message_info` (
  `sys_message_id` int(4) NOT NULL AUTO_INCREMENT,
  `sys_message_title` varchar(152) COLLATE utf8_bin DEFAULT NULL COMMENT '留言标题',
  `sys_message_content` text COLLATE utf8_bin COMMENT '留言内容',
  `sys_user_id` int(4) DEFAULT NULL,
  `sys_user_type` char(1) COLLATE utf8_bin DEFAULT NULL,
  `sys_to_user` int(4) DEFAULT NULL,
  `sys_to_user_type` char(1) COLLATE utf8_bin DEFAULT NULL,
  `sys_message_state` char(1) COLLATE utf8_bin DEFAULT NULL,
  `sys_del_sign` char(2) COLLATE utf8_bin DEFAULT NULL,
  `sys_message_date` datetime DEFAULT NULL COMMENT '留言日期',
  PRIMARY KEY (`sys_message_id`)
) ENGINE=MyISAM DEFAULT CHARSET=utf8 COLLATE=utf8_bin;



# Dump of table abc_message_reply
# ------------------------------------------------------------

DROP TABLE IF EXISTS `abc_message_reply`;

CREATE TABLE `abc_message_reply` (
  `sys_reply_id` int(4) NOT NULL AUTO_INCREMENT,
  `sys_message_id` int(4) DEFAULT NULL COMMENT '外键表：SYS_messag_info 留言ID',
  `sys_user_id` int(4) DEFAULT NULL COMMENT '外键表：CST_user_info 留言人',
  `sys_user_type` char(1) COLLATE utf8_bin DEFAULT NULL COMMENT '留言人类型',
  `sys_reply_content` text COLLATE utf8_bin COMMENT '回复内容',
  `sys_reply_date` datetime DEFAULT NULL COMMENT '回复日期',
  PRIMARY KEY (`sys_reply_id`)
) ENGINE=MyISAM DEFAULT CHARSET=utf8 COLLATE=utf8_bin;



# Dump of table abc_mon_bank_info
# ------------------------------------------------------------

DROP TABLE IF EXISTS `abc_mon_bank_info`;

CREATE TABLE `abc_mon_bank_info` (
  `mon_bank_id` int(11) NOT NULL AUTO_INCREMENT COMMENT '主键id',
  `mon_fund_id` int(11) DEFAULT NULL COMMENT '有限合伙id',
  `fun_fund_name` varchar(125) COLLATE utf8_bin DEFAULT NULL COMMENT '基金名称',
  `mon_bank_name` varchar(64) COLLATE utf8_bin DEFAULT NULL COMMENT '银行名称',
  `mon_bank_card` varchar(64) COLLATE utf8_bin DEFAULT NULL COMMENT '银行卡号',
  `mon_user_namer` varchar(64) COLLATE utf8_bin DEFAULT NULL COMMENT '用户户名',
  PRIMARY KEY (`mon_bank_id`)
) ENGINE=InnoDB DEFAULT CHARSET=utf8 COLLATE=utf8_bin;

LOCK TABLES `abc_mon_bank_info` WRITE;
/*!40000 ALTER TABLE `abc_mon_bank_info` DISABLE KEYS */;

INSERT INTO `abc_mon_bank_info` (`mon_bank_id`, `mon_fund_id`, `fun_fund_name`, `mon_bank_name`, `mon_bank_card`, `mon_user_namer`)
VALUES
	(1,NULL,X'E6B58BE8AF95',X'E68B9BE59586E993B6E8A18C',X'36323235383832353032333034383637',X'E6B58BE8AF95');

/*!40000 ALTER TABLE `abc_mon_bank_info` ENABLE KEYS */;
UNLOCK TABLES;


# Dump of table abc_operate_log
# ------------------------------------------------------------

DROP TABLE IF EXISTS `abc_operate_log`;

CREATE TABLE `abc_operate_log` (
  `ol_id` int(11) NOT NULL AUTO_INCREMENT,
  `ol_emp_id` int(11) DEFAULT NULL COMMENT '操作人id',
  `ol_IP` varchar(64) COLLATE utf8_bin DEFAULT NULL COMMENT '登录IP',
  `ol_operate_time` datetime DEFAULT NULL COMMENT '操作时间',
  `ol_operate_type` varchar(64) COLLATE utf8_bin DEFAULT NULL COMMENT '操作类型',
  `ol_module` varchar(64) COLLATE utf8_bin DEFAULT NULL COMMENT '操作模块',
  `ol_content` varchar(512) COLLATE utf8_bin DEFAULT NULL COMMENT '操作内容',
  `ol_state` tinyint(1) DEFAULT NULL COMMENT '操作日志状态 -1：已删除 1：启用',
  PRIMARY KEY (`ol_id`)
) ENGINE=InnoDB DEFAULT CHARSET=utf8 COLLATE=utf8_bin ROW_FORMAT=COMPACT COMMENT='数据操作日志表';

LOCK TABLES `abc_operate_log` WRITE;
/*!40000 ALTER TABLE `abc_operate_log` DISABLE KEYS */;

INSERT INTO `abc_operate_log` (`ol_id`, `ol_emp_id`, `ol_IP`, `ol_operate_time`, `ol_operate_type`, `ol_module`, `ol_content`, `ol_state`)
VALUES
	(81,1,X'303A303A303A303A303A303A303A31','2015-01-22 15:32:32',X'E6B7BBE58AA0',X'E69CBAE69E84E7AEA1E79086',X'E6B7BBE58AA0E4BA86E4B880E4B8AAE69CBAE69E84',1),
	(82,1,X'303A303A303A303A303A303A303A31','2015-01-22 15:32:52',X'E6B7BBE58AA0',X'E69CBAE69E84E7AEA1E79086',X'E6B7BBE58AA0E4BA86E4B880E4B8AAE69CBAE69E84',1),
	(83,1,X'303A303A303A303A303A303A303A31','2015-01-22 15:33:39',X'E6B7BBE58AA0',X'E69CBAE69E84E7AEA1E79086',X'E6B7BBE58AA0E4BA86E4B880E4B8AAE69CBAE69E84',1),
	(84,1,X'303A303A303A303A303A303A303A31','2015-01-22 15:34:09',X'E6B7BBE58AA0',X'E69CBAE69E84E7AEA1E79086',X'E6B7BBE58AA0E4BA86E4B880E4B8AAE69CBAE69E84',1),
	(85,1,X'303A303A303A303A303A303A303A31','2015-01-22 15:36:17',X'E6B7BBE58AA0',X'E69CBAE69E84E7AEA1E79086',X'E6B7BBE58AA0E4BA86E4B880E4B8AAE69CBAE69E84',1),
	(86,1,X'303A303A303A303A303A303A303A31','2015-01-22 15:47:57',X'E6B7BBE58AA0',X'E69CBAE69E84E7AEA1E79086',X'E6B7BBE58AA0E4BA86E4B880E4B8AAE69CBAE69E84',1),
	(87,1,X'303A303A303A303A303A303A303A31','2015-01-22 15:48:53',X'E6B7BBE58AA0',X'E69CBAE69E84E7AEA1E79086',X'E6B7BBE58AA0E4BA86E4B880E4B8AAE69CBAE69E84',1),
	(88,1,X'303A303A303A303A303A303A303A31','2015-01-22 15:49:25',X'E6B7BBE58AA0',X'E69CBAE69E84E7AEA1E79086',X'E6B7BBE58AA0E4BA86E4B880E4B8AAE69CBAE69E84',1),
	(89,1,X'303A303A303A303A303A303A303A31','2015-01-22 15:49:33',X'E588A0E999A4',X'E69CBAE69E84E7AEA1E79086',X'E588A0E999A4E4BA864944E4B8BA3834E79A84E69CBAE69E84',1),
	(90,1,X'303A303A303A303A303A303A303A31','2015-01-22 15:49:36',X'E4BFAEE694B9',X'E69CBAE69E84E7AEA1E79086',X'E7A681E794A8E4BA864944E4B8BA3834E79A84E69CBAE69E84',1),
	(91,1,X'303A303A303A303A303A303A303A31','2015-01-22 15:49:39',X'E588A0E999A4',X'E69CBAE69E84E7AEA1E79086',X'E588A0E999A4E4BA864944E4B8BA3834E79A84E69CBAE69E84',1),
	(92,1,X'303A303A303A303A303A303A303A31','2015-01-22 15:49:44',X'E4BFAEE694B9',X'E69CBAE69E84E7AEA1E79086',X'E590AFE794A8E4BA864944E4B8BA3834E79A84E69CBAE69E84',1),
	(93,1,X'303A303A303A303A303A303A303A31','2015-01-22 15:49:53',X'E4BFAEE694B9',X'E69CBAE69E84E7AEA1E79086',X'E7A681E794A8E4BA864944E4B8BA3838E79A84E69CBAE69E84',1),
	(94,1,X'303A303A303A303A303A303A303A31','2015-01-22 15:50:00',X'E588A0E999A4',X'E69CBAE69E84E7AEA1E79086',X'E588A0E999A4E4BA864944E4B8BA3838E79A84E69CBAE69E84',1),
	(95,1,X'303A303A303A303A303A303A303A31','2015-01-22 15:51:08',X'E4BFAEE694B9',X'E69CBAE69E84E7AEA1E79086',X'E4BFAEE694B9E4BA864944E4B8BA3838E79A84E69CBAE69E84',1),
	(96,1,X'303A303A303A303A303A303A303A31','2015-01-22 15:54:08',X'E4BFAEE694B9',X'E69CBAE69E84E7AEA1E79086',X'E4BFAEE694B9E4BA864944E4B8BA3838E79A84E69CBAE69E84',1),
	(97,1,X'303A303A303A303A303A303A303A31','2015-01-22 15:57:47',X'E4BFAEE694B9',X'E69CBAE69E84E7AEA1E79086',X'E4BFAEE694B9E4BA864944E4B8BA3838E79A84E69CBAE69E84',1),
	(98,1,X'303A303A303A303A303A303A303A31','2015-01-22 16:07:11',X'E4BFAEE694B9',X'E69CBAE69E84E7AEA1E79086',X'E4BFAEE694B9E4BA864944E4B8BA3838E79A84E69CBAE69E84',1),
	(99,1,X'303A303A303A303A303A303A303A31','2015-01-22 16:33:47',X'E6B7BBE58AA0',X'E7AEA1E79086E59198E7AEA1E79086',X'E6B7BBE58AA0E4BA86E4B880E4B8AAE7AEA1E79086E59198',1),
	(100,1,X'303A303A303A303A303A303A303A31','2015-01-22 17:01:04',X'E6B7BBE58AA0',X'E7AEA1E79086E59198E7AEA1E79086',X'E6B7BBE58AA0E4BA86E4B880E4B8AAE7AEA1E79086E59198',1),
	(101,1,X'303A303A303A303A303A303A303A31','2015-01-22 17:01:14',X'E6B7BBE58AA0',X'E7AEA1E79086E59198E7AEA1E79086',X'E6B7BBE58AA0E4BA86E4B880E4B8AAE7AEA1E79086E59198',1),
	(102,1,X'303A303A303A303A303A303A303A31','2015-01-22 17:01:24',X'E6B7BBE58AA0',X'E7AEA1E79086E59198E7AEA1E79086',X'E6B7BBE58AA0E4BA86E4B880E4B8AAE7AEA1E79086E59198',1),
	(103,1,X'303A303A303A303A303A303A303A31','2015-01-22 17:01:33',X'E6B7BBE58AA0',X'E7AEA1E79086E59198E7AEA1E79086',X'E6B7BBE58AA0E4BA86E4B880E4B8AAE7AEA1E79086E59198',1),
	(104,1,X'303A303A303A303A303A303A303A31','2015-01-23 11:28:43',X'E6B7BBE58AA0',X'E7AEA1E79086E59198E7AEA1E79086',X'E6B7BBE58AA0E4BA86E4B880E4B8AAE7AEA1E79086E59198',1),
	(105,1,X'303A303A303A303A303A303A303A31','2015-01-23 11:29:04',X'E6B7BBE58AA0',X'E7AEA1E79086E59198E7AEA1E79086',X'E6B7BBE58AA0E4BA86E4B880E4B8AAE7AEA1E79086E59198',1),
	(106,1,X'303A303A303A303A303A303A303A31','2015-01-23 11:29:14',X'E6B7BBE58AA0',X'E7AEA1E79086E59198E7AEA1E79086',X'E6B7BBE58AA0E4BA86E4B880E4B8AAE7AEA1E79086E59198',1),
	(107,112,X'303A303A303A303A303A303A303A31','2015-01-23 11:31:12',X'E6B7BBE58AA0',X'E69CBAE69E84E7AEA1E79086',X'E6B7BBE58AA0E4BA86E4B880E4B8AAE69CBAE69E84',1),
	(108,112,X'303A303A303A303A303A303A303A31','2015-01-23 11:31:30',X'E6B7BBE58AA0',X'E69CBAE69E84E7AEA1E79086',X'E6B7BBE58AA0E4BA86E4B880E4B8AAE69CBAE69E84',1),
	(109,112,X'303A303A303A303A303A303A303A31','2015-01-23 11:31:55',X'E6B7BBE58AA0',X'E69CBAE69E84E7AEA1E79086',X'E6B7BBE58AA0E4BA86E4B880E4B8AAE69CBAE69E84',1),
	(110,112,X'303A303A303A303A303A303A303A31','2015-01-23 11:32:00',X'E6B7BBE58AA0',X'E69CBAE69E84E7AEA1E79086',X'E6B7BBE58AA0E4BA86E4B880E4B8AAE69CBAE69E84',1),
	(111,112,X'303A303A303A303A303A303A303A31','2015-01-23 11:32:23',X'E6B7BBE58AA0',X'E69CBAE69E84E7AEA1E79086',X'E6B7BBE58AA0E4BA86E4B880E4B8AAE69CBAE69E84',1),
	(112,112,X'303A303A303A303A303A303A303A31','2015-01-23 11:32:31',X'E6B7BBE58AA0',X'E69CBAE69E84E7AEA1E79086',X'E6B7BBE58AA0E4BA86E4B880E4B8AAE69CBAE69E84',1),
	(113,112,X'3132372E302E302E31','2015-01-28 15:46:05',X'E4BFAEE694B9',X'E69CBAE69E84E8B4A6E688B7E7BBB4E68AA4',X'E4BFAEE694B9E69CBAE69E84E794A8E688B76964E4B8BAEFBC9A313135E79A84E8B584E98791E8B4A6E688B7E4BFA1E681AF',1),
	(114,112,X'3132372E302E302E31','2015-01-28 16:09:15',X'E6B7BBE58AA0',X'E69CBAE69E84E8B4A6E688B7E7BBB4E68AA4',X'E4B8BAE69CBAE69E846964E4B8BAEFBC9A31E6B7BBE58AA0E4BA86E4B880E4B8AAE8B4A6E688B7EFBC8CE8B4A6E688B7E58FB7E4B8BAEFBC9A3138303132333435363738',1),
	(115,112,X'3132372E302E302E31','2015-01-28 16:58:20',X'E6B7BBE58AA0',X'E69CBAE69E84E8B4A6E688B7E7BBB4E68AA4',X'E4B8BAE69CBAE69E846964E4B8BAEFBC9A313135E6B7BBE58AA0E4BA86E4B880E4B8AAE8B4A6E688B7EFBC8CE8B4A6E688B7E58FB7E4B8BAEFBC9A3138393132333435363738',1),
	(116,112,X'3132372E302E302E31','2015-01-28 17:00:06',X'E588A0E999A4',X'E69CBAE69E84E8B4A6E688B7E7BBB4E68AA4',X'E588A0E999A4E69CBAE69E846964E4B8BAEFBC9A30E79A84E8B584E98791E8B4A6E688B7',1),
	(117,112,X'3132372E302E302E31','2015-01-28 17:10:24',X'E588A0E999A4',X'E69CBAE69E84E8B4A6E688B7E7BBB4E68AA4',X'E588A0E999A4E69CBAE69E846964E4B8BAEFBC9A30E79A84E8B584E98791E8B4A6E688B7',1),
	(118,112,X'3132372E302E302E31','2015-01-29 14:07:27',X'E4BFAEE694B9',X'E69CBAE69E84E8B4A6E688B7E7BBB4E68AA4',X'E4BFAEE694B9E69CBAE69E84E794A8E688B76964E4B8BAEFBC9A313136E79A84E8B584E98791E8B4A6E688B7E4BFA1E681AF',1),
	(119,112,X'3132372E302E302E31','2015-01-29 14:08:25',X'E4BFAEE694B9',X'E69CBAE69E84E8B4A6E688B7E7BBB4E68AA4',X'E4BFAEE694B9E69CBAE69E84E794A8E688B76964E4B8BAEFBC9A313136E79A84E8B584E98791E8B4A6E688B7E4BFA1E681AF',1),
	(120,112,X'3132372E302E302E31','2015-01-29 18:11:15',X'E6B7BBE58AA0',X'E7A7AFE58886E7AEA1E79086',X'E6B7BBE58AA0E4BA86E4B880E4B8AAE7A7AFE58886E58591E78EB0E9858DE7BDAE',1),
	(121,112,X'3132372E302E302E31','2015-01-29 18:19:01',X'E6B7BBE58AA0',X'E7A7AFE58886E7AEA1E79086',X'E6B7BBE58AA0E4BA86E4B880E4B8AAE7A7AFE58886E58591E78EB0E9858DE7BDAE',1),
	(122,112,X'3132372E302E302E31','2015-01-29 18:46:53',X'E6B7BBE58AA0',X'E7A7AFE58886E7AEA1E79086',X'E6B7BBE58AA0E4BA86E4B880E4B8AAE7A7AFE58886E58591E78EB0E9858DE7BDAE',1),
	(123,112,X'3132372E302E302E31','2015-01-29 18:53:16',X'E6B7BBE58AA0',X'E7A7AFE58886E7AEA1E79086',X'E6B7BBE58AA0E4BA86E4B880E4B8AAE7A7AFE58886E58591E78EB0E9858DE7BDAE',1),
	(124,112,X'3132372E302E302E31','2015-01-29 18:53:53',X'E6B7BBE58AA0',X'E7A7AFE58886E7AEA1E79086',X'E6B7BBE58AA0E4BA86E4B880E4B8AAE7A7AFE58886E58591E78EB0E9858DE7BDAE',1),
	(125,112,X'3132372E302E302E31','2015-01-29 19:02:11',X'E6B7BBE58AA0',X'E7A7AFE58886E7AEA1E79086',X'E6B7BBE58AA0E4BA86E4B880E4B8AAE7A7AFE58886E58591E78EB0E9858DE7BDAE',1),
	(126,112,X'3132372E302E302E31','2015-01-29 19:07:26',X'E6B7BBE58AA0',X'E7A7AFE58886E7AEA1E79086',X'E6B7BBE58AA0E4BA86E4B880E4B8AAE7A7AFE58886E58591E78EB0E9858DE7BDAE',1),
	(127,112,X'3132372E302E302E31','2015-01-29 19:07:51',X'E6B7BBE58AA0',X'E7A7AFE58886E7AEA1E79086',X'E6B7BBE58AA0E4BA86E4B880E4B8AAE7A7AFE58886E58591E78EB0E9858DE7BDAE',1),
	(128,112,X'3132372E302E302E31','2015-01-29 19:58:37',X'E4BFAEE694B9',X'E7A7AFE58886E7AEA1E79086',X'E4BFAEE694B9E4BA864944E4B8BA35E79A84E7A7AFE58886E58591E78EB0E9858DE7BDAE',1),
	(129,112,X'3132372E302E302E31','2015-01-29 19:58:54',X'E6B7BBE58AA0',X'E7A7AFE58886E7AEA1E79086',X'E6B7BBE58AA0E4BA86E4B880E4B8AAE7A7AFE58886E58591E78EB0E9858DE7BDAE',1),
	(130,112,X'3132372E302E302E31','2015-01-29 20:26:01',X'E6B7BBE58AA0',X'E7A7AFE58886E7AEA1E79086',X'E6B7BBE58AA0E4BA86E4B880E4B8AAE7A7AFE58886E58591E78EB0E9858DE7BDAE',1),
	(131,112,X'3132372E302E302E31','2015-01-29 20:31:44',X'E6B7BBE58AA0',X'E7A7AFE58886E7AEA1E79086',X'E6B7BBE58AA0E4BA86E4B880E4B8AAE7A7AFE58886E58591E78EB0E9858DE7BDAE',1),
	(132,112,X'3132372E302E302E31','2015-01-29 20:32:29',X'E6B7BBE58AA0',X'E7A7AFE58886E7AEA1E79086',X'E6B7BBE58AA0E4BA86E4B880E4B8AAE7A7AFE58886E58591E78EB0E9858DE7BDAE',1),
	(133,112,X'3132372E302E302E31','2015-01-29 20:37:25',X'E4BFAEE694B9',X'E7A7AFE58886E7AEA1E79086',X'E4BFAEE694B9E4BA864944E4B8BA3130E79A84E7A7AFE58886E58591E78EB0E9858DE7BDAE',1),
	(134,112,X'3132372E302E302E31','2015-01-29 20:37:42',X'E4BFAEE694B9',X'E7A7AFE58886E7AEA1E79086',X'E4BFAEE694B9E4BA864944E4B8BA3130E79A84E7A7AFE58886E58591E78EB0E9858DE7BDAE',1),
	(135,112,X'3132372E302E302E31','2015-01-29 20:37:46',X'E4BFAEE694B9',X'E7A7AFE58886E7AEA1E79086',X'E4BFAEE694B9E4BA864944E4B8BA3130E79A84E7A7AFE58886E58591E78EB0E9858DE7BDAE',1),
	(136,112,X'3132372E302E302E31','2015-01-29 20:38:04',X'E4BFAEE694B9',X'E7A7AFE58886E7AEA1E79086',X'E4BFAEE694B9E4BA864944E4B8BA3130E79A84E7A7AFE58886E58591E78EB0E9858DE7BDAE',1),
	(137,112,X'3132372E302E302E31','2015-01-29 20:38:24',X'E4BFAEE694B9',X'E7A7AFE58886E7AEA1E79086',X'E4BFAEE694B9E4BA864944E4B8BA3130E79A84E7A7AFE58886E58591E78EB0E9858DE7BDAE',1),
	(138,1,X'3132372E302E302E31','2015-01-30 09:59:35',X'E4BFAEE694B9',X'E7AEA1E79086E59198E7AEA1E79086',X'E5889DE5A78BE58C964944E4B8BA313132E79A84E7AEA1E79086E59198E5AF86E7A081',1),
	(139,112,X'3132372E302E302E31','2015-02-09 13:48:03',X'E6B7BBE58AA0',X'E69CBAE69E84E7AEA1E79086',X'E6B7BBE58AA0E4BA86E4B880E4B8AAE69CBAE69E84',1),
	(140,112,X'3132372E302E302E31','2015-02-09 13:48:13',X'E6B7BBE58AA0',X'E69CBAE69E84E7AEA1E79086',X'E6B7BBE58AA0E4BA86E4B880E4B8AAE69CBAE69E84',1),
	(141,112,X'3132372E302E302E31','2015-02-09 13:48:52',X'E588A0E999A4',X'E69CBAE69E84E7AEA1E79086',X'E588A0E999A4E4BA864944E4B8BA35E79A84E69CBAE69E84',1),
	(142,112,X'3132372E302E302E31','2015-02-09 13:48:56',X'E4BFAEE694B9',X'E69CBAE69E84E7AEA1E79086',X'E7A681E794A8E4BA864944E4B8BA35E79A84E69CBAE69E84',1),
	(143,112,X'3132372E302E302E31','2015-02-09 13:48:59',X'E588A0E999A4',X'E69CBAE69E84E7AEA1E79086',X'E588A0E999A4E4BA864944E4B8BA35E79A84E69CBAE69E84',1);

/*!40000 ALTER TABLE `abc_operate_log` ENABLE KEYS */;
UNLOCK TABLES;


# Dump of table abc_oss_invoke_log
# ------------------------------------------------------------

DROP TABLE IF EXISTS `abc_oss_invoke_log`;

CREATE TABLE `abc_oss_invoke_log` (
  `log_id` int(11) NOT NULL AUTO_INCREMENT COMMENT '记录id',
  `log_req_method` varchar(8) DEFAULT NULL COMMENT 'HTTP请求方法',
  `log_req_content` varchar(1024) DEFAULT NULL COMMENT 'HTTP请求内容',
  `log_resp_code` int(11) DEFAULT NULL COMMENT 'HTTP响应码',
  `log_resp_content` varchar(1024) DEFAULT NULL COMMENT 'HTTP响应内容',
  `log_ext_msg` varchar(512) DEFAULT NULL COMMENT '其他信息',
  `log_status` int(11) DEFAULT NULL COMMENT 'HTTP调用状态 0失败 1成功',
  `log_time` datetime DEFAULT NULL COMMENT '调用记录日期时间',
  `log_refer_id` varchar(64) DEFAULT NULL COMMENT '引用id',
  PRIMARY KEY (`log_id`)
) ENGINE=InnoDB DEFAULT CHARSET=utf8;



# Dump of table abc_pay_record
# ------------------------------------------------------------

DROP TABLE IF EXISTS `abc_pay_record`;

CREATE TABLE `abc_pay_record` (
  `pr_id` int(11) unsigned NOT NULL AUTO_INCREMENT COMMENT '主键id',
  `pr_payment_id` int(11) NOT NULL COMMENT '还款计划id',
  `pr_loan_id` int(11) NOT NULL COMMENT '贷款id',
  `pr_pay_period` int(11) NOT NULL COMMENT '还款计划期数',
  `pr_pay_total` decimal(18,2) NOT NULL COMMENT '实还总额',
  `pr_pay_money` decimal(18,2) DEFAULT NULL COMMENT '实还本金',
  `pr_pay_interest` decimal(18,2) DEFAULT NULL COMMENT '实还利息',
  `pr_pay_fine` decimal(18,2) DEFAULT NULL COMMENT '实还罚金',
  `pr_pay_service_fee` decimal(18,2) DEFAULT NULL COMMENT '实还平台服务费',
  `pr_pay_guar_fee` decimal(18,2) DEFAULT NULL COMMENT '实还担保服务费',
  `pr_pay_remain_money` decimal(18,2) DEFAULT NULL COMMENT '剩余罚金 因罚金是时时计算的，当第一次罚金未还清时，保留剩余未还罚金',
  `pr_cash_id` int(11) DEFAULT NULL COMMENT '借款人/投资人 对账表id',
  `pr_pay_type` tinyint(1) NOT NULL COMMENT '还款状态 1：正常还款 2：平台代还 3：强制还款',
  `pr_paytime` datetime NOT NULL COMMENT '实还日期',
  PRIMARY KEY (`pr_id`)
) ENGINE=InnoDB DEFAULT CHARSET=utf8 COMMENT='还款记录表';



# Dump of table abc_plan_income
# ------------------------------------------------------------

DROP TABLE IF EXISTS `abc_plan_income`;

CREATE TABLE `abc_plan_income` (
  `pi_id` int(11) unsigned NOT NULL AUTO_INCREMENT COMMENT '主键id',
  `pi_full_trans_record_id` int(11) NOT NULL COMMENT '满标资金划转记录id',
  `pi_payment_plan_id` int(11) NOT NULL COMMENT '借款人还款计划表id',
  `pi_invest_id` int(11) NOT NULL COMMENT '投资记录id',
  `pi_loan_id` int(11) NOT NULL COMMENT '普通标id',
  `pi_pay_capital` decimal(18,2) NOT NULL COMMENT '应还本金',
  `pi_pay_interest` decimal(18,2) NOT NULL DEFAULT '0.00' COMMENT '应还利息',
  `pi_pay_fine` decimal(18,2) NOT NULL DEFAULT '0.00' COMMENT '应还罚金',
  `pi_pay_total_money` decimal(18,2) NOT NULL DEFAULT '0.00' COMMENT '应还总额',
  `pi_collect_capital` decimal(18,2) NOT NULL DEFAULT '0.00' COMMENT '实还本金',
  `pi_collect_interest` decimal(18,2) NOT NULL DEFAULT '0.00' COMMENT '实还利息',
  `pi_collect_fine` decimal(18,2) NOT NULL DEFAULT '0.00' COMMENT '实还罚金',
  `pi_collect_total` decimal(18,2) NOT NULL DEFAULT '0.00' COMMENT '实还总额',
  `pi_paytime` datetime DEFAULT NULL COMMENT '应还日期',
  `pi_collecttime` datetime DEFAULT NULL COMMENT '实还日期',
  `pi_remain_fine` decimal(18,2) NOT NULL DEFAULT '0.00' COMMENT '剩余罚金 因罚金是时时计算的，当第一次罚金未还清时，保留剩余未还罚金',
  `pi_loan_period` int(11) NOT NULL COMMENT '期数',
  `pi_income_plan_state` tinyint(1) NOT NULL COMMENT '收益计划状态 -2:未激活 -1: 已删除 0:待收益 2:已结清 3:已被转出 4:已被收购',
  `pi_beneficiary` int(11) NOT NULL COMMENT '收益人',
  `pi_inner_seq_no` varchar(64) DEFAULT NULL COMMENT '内部交易流水号',
  `pi_createtime` datetime NOT NULL COMMENT '创建时间',
  `pi_modifytime` datetime NOT NULL COMMENT '修改时间',
  PRIMARY KEY (`pi_id`)
) ENGINE=InnoDB DEFAULT CHARSET=utf8 COMMENT='投资人收回计划表';

LOCK TABLES `abc_plan_income` WRITE;
/*!40000 ALTER TABLE `abc_plan_income` DISABLE KEYS */;

INSERT INTO `abc_plan_income` (`pi_id`, `pi_full_trans_record_id`, `pi_payment_plan_id`, `pi_invest_id`, `pi_loan_id`, `pi_pay_capital`, `pi_pay_interest`, `pi_pay_fine`, `pi_pay_total_money`, `pi_collect_capital`, `pi_collect_interest`, `pi_collect_fine`, `pi_collect_total`, `pi_paytime`, `pi_collecttime`, `pi_remain_fine`, `pi_loan_period`, `pi_income_plan_state`, `pi_beneficiary`, `pi_inner_seq_no`, `pi_createtime`, `pi_modifytime`)
VALUES
	(21,30,23,1,1,50000.00,3309.27,0.00,53309.27,0.00,0.00,0.00,0.00,'2016-01-23 16:36:43',NULL,0.00,1,0,2,NULL,'2015-01-23 16:36:12','2015-01-23 16:36:14'),
	(22,31,24,2,3,0.00,180.00,0.00,180.00,0.00,0.00,0.00,0.00,'2016-07-24 18:39:01',NULL,0.00,1,0,3,NULL,'2015-01-24 18:38:30','2015-01-24 18:38:30'),
	(23,31,24,3,3,0.00,36.00,0.00,36.00,0.00,0.00,0.00,0.00,'2016-07-24 18:39:01',NULL,0.00,1,0,1,NULL,'2015-01-24 18:38:30','2015-01-24 18:38:30'),
	(24,31,25,2,3,1000.00,180.00,0.00,1180.00,0.00,0.00,0.00,0.00,'2018-01-24 18:39:01',NULL,0.00,2,0,3,NULL,'2015-01-24 18:38:30','2015-01-24 18:38:30'),
	(25,31,25,3,3,200.00,36.00,0.00,236.00,0.00,0.00,0.00,0.00,'2018-01-24 18:39:01',NULL,0.00,2,0,1,NULL,'2015-01-24 18:38:30','2015-01-24 18:38:30'),
	(26,32,26,7,5,1000.00,20.07,0.00,1020.07,0.00,0.00,0.00,0.00,'2015-04-26 09:50:23',NULL,0.00,1,3,2,NULL,'2015-01-26 09:50:23','2015-01-26 09:57:49'),
	(27,33,26,8,5,1000.00,20.07,0.00,1020.07,0.00,0.00,0.00,0.00,'2015-04-26 09:50:23',NULL,0.00,1,0,3,NULL,'2015-01-26 09:57:49','2015-01-26 09:57:49'),
	(28,34,27,10,6,1000.00,250.00,0.00,1250.00,0.00,0.00,0.00,0.00,'2015-04-26 11:22:23',NULL,0.00,1,3,2,NULL,'2015-01-26 11:21:54','2015-01-26 11:38:36'),
	(29,35,27,12,6,1000.00,250.00,0.00,1250.00,0.00,0.00,0.00,0.00,'2015-04-26 11:22:23',NULL,0.00,1,0,3,NULL,'2015-01-26 11:38:35','2015-01-26 11:38:36'),
	(30,36,28,13,8,950.00,28.50,0.00,978.50,0.00,0.00,0.00,0.00,'2015-04-26 13:17:41',NULL,0.00,1,3,1,NULL,'2015-01-26 13:17:13','2015-01-26 13:20:09'),
	(31,36,28,14,8,50.00,1.50,0.00,51.50,0.00,0.00,0.00,0.00,'2015-04-26 13:17:41',NULL,0.00,1,0,2,NULL,'2015-01-26 13:17:13','2015-01-26 13:17:13'),
	(32,37,28,15,8,950.00,28.50,0.00,978.50,0.00,0.00,0.00,0.00,'2015-04-26 13:17:41',NULL,0.00,1,0,3,NULL,'2015-01-26 13:20:09','2015-01-26 13:20:09'),
	(33,38,29,18,11,0.00,10.00,0.00,10.00,0.00,0.00,0.00,0.00,'2015-02-28 15:57:47',NULL,0.00,1,0,1,NULL,'2015-01-28 15:57:21','2015-01-28 15:57:21'),
	(34,38,30,18,11,0.00,10.00,0.00,10.00,0.00,0.00,0.00,0.00,'2015-03-28 15:57:47',NULL,0.00,2,0,1,NULL,'2015-01-28 15:57:21','2015-01-28 15:57:21'),
	(35,38,31,18,11,1000.00,10.00,0.00,1010.00,0.00,0.00,0.00,0.00,'2015-04-28 15:57:47',NULL,0.00,3,0,1,NULL,'2015-01-28 15:57:21','2015-01-28 15:57:21'),
	(36,39,32,20,17,1000.00,360.00,0.00,1360.00,0.00,0.00,0.00,0.00,'2018-01-29 20:54:28',NULL,0.00,1,0,1,NULL,'2015-01-29 20:54:03','2015-01-29 20:54:03'),
	(37,40,33,21,18,1000.00,20.07,0.00,1020.07,0.00,0.00,0.00,0.00,'2015-04-29 20:55:37',NULL,0.00,1,0,2,NULL,'2015-01-29 20:55:13','2015-01-29 20:55:13'),
	(38,41,34,23,24,330.02,10.00,0.00,340.02,0.00,0.00,0.00,0.00,'2015-02-28 14:03:28',NULL,0.00,1,4,1,NULL,'2015-01-30 14:03:03','2015-01-30 14:06:00'),
	(39,41,35,23,24,333.32,6.70,0.00,340.02,0.00,0.00,0.00,0.00,'2015-03-30 14:03:28',NULL,0.00,2,4,1,NULL,'2015-01-30 14:03:03','2015-01-30 14:06:00'),
	(40,41,36,23,24,336.66,3.37,0.00,340.03,0.00,0.00,0.00,0.00,'2015-04-30 14:03:28',NULL,0.00,3,4,1,NULL,'2015-01-30 14:03:03','2015-01-30 14:06:00'),
	(41,42,34,24,24,330.02,10.00,0.00,340.02,0.00,0.00,0.00,0.00,'2015-02-28 14:03:28','2015-01-30 14:24:54',0.00,1,2,2,'ce31a314-8e75-495c-8fa9-b14b5523f07b','2015-01-30 14:06:00','2015-01-30 14:24:55'),
	(42,42,35,24,24,333.32,6.70,0.00,340.02,0.00,0.00,0.00,0.00,'2015-03-30 14:03:28',NULL,0.00,2,0,2,NULL,'2015-01-30 14:06:00','2015-01-30 14:06:00'),
	(43,42,36,24,24,336.66,3.37,0.00,340.03,0.00,0.00,0.00,0.00,'2015-04-30 14:03:28',NULL,0.00,3,0,2,NULL,'2015-01-30 14:06:00','2015-01-30 14:06:00'),
	(44,43,37,25,23,100.00,1.25,0.00,101.25,0.00,0.00,0.00,0.00,'2015-03-30 21:02:37',NULL,0.00,1,0,1,NULL,'2015-01-30 21:02:13','2015-01-30 21:02:13'),
	(45,44,38,27,29,2000.00,41.93,0.00,2041.93,0.00,0.00,0.00,0.00,'2017-01-31 17:33:40',NULL,0.00,1,0,6,NULL,'2015-01-31 17:32:26','2015-01-31 17:32:27'),
	(46,45,39,29,30,330.02,10.00,0.00,340.02,0.00,0.00,0.00,0.00,'2015-03-07 18:09:01','2015-02-07 18:17:51',0.00,1,2,1,'b489544f-54b0-42f3-80e6-9d81416d3cbe','2015-02-07 18:08:44','2015-02-07 18:17:52'),
	(47,45,39,30,30,77.23,2.34,0.00,79.57,0.00,0.00,0.00,0.00,'2015-03-07 18:09:01','2015-02-07 18:17:51',0.00,1,2,3,'b489544f-54b0-42f3-80e6-9d81416d3cbe','2015-02-07 18:08:44','2015-02-07 18:17:52'),
	(48,45,40,29,30,333.32,6.70,0.00,340.02,0.00,0.00,0.00,0.00,'2015-04-07 18:09:01',NULL,0.00,2,0,1,NULL,'2015-02-07 18:08:44','2015-02-07 18:08:44'),
	(49,45,40,30,30,78.00,1.57,0.00,79.57,0.00,0.00,0.00,0.00,'2015-04-07 18:09:01',NULL,0.00,2,0,3,NULL,'2015-02-07 18:08:44','2015-02-07 18:08:44'),
	(50,45,41,29,30,336.65,3.36,0.00,340.02,0.00,0.00,0.00,0.00,'2015-05-07 18:09:01',NULL,0.00,3,0,1,NULL,'2015-02-07 18:08:44','2015-02-07 18:08:44'),
	(51,45,41,30,30,78.78,0.79,0.00,79.56,0.00,0.00,0.00,0.00,'2015-05-07 18:09:01',NULL,0.00,3,0,3,NULL,'2015-02-07 18:08:44','2015-02-07 18:08:44');

/*!40000 ALTER TABLE `abc_plan_income` ENABLE KEYS */;
UNLOCK TABLES;


# Dump of table abc_plan_payment
# ------------------------------------------------------------

DROP TABLE IF EXISTS `abc_plan_payment`;

CREATE TABLE `abc_plan_payment` (
  `pp_id` int(11) unsigned NOT NULL AUTO_INCREMENT COMMENT '主键id',
  `pp_full_trans_record_id` int(11) NOT NULL COMMENT '满标资金划转记录id',
  `pp_loan_id` int(11) NOT NULL COMMENT '原始标id',
  `pp_pay_capital` decimal(18,2) NOT NULL DEFAULT '0.00' COMMENT '应还本金',
  `pp_pay_interest` decimal(18,2) NOT NULL DEFAULT '0.00' COMMENT '应还利息',
  `pp_pay_fine` decimal(18,2) NOT NULL DEFAULT '0.00' COMMENT '应还罚金',
  `pp_pay_service_fee` decimal(18,2) NOT NULL DEFAULT '0.00' COMMENT '应还平台服务费',
  `pp_pay_guar_fee` decimal(18,2) NOT NULL DEFAULT '0.00' COMMENT '应还平台担保费',
  `pp_pay_total_money` decimal(18,2) NOT NULL DEFAULT '0.00' COMMENT '应还总额',
  `pp_pay_collect_capital` decimal(18,2) NOT NULL DEFAULT '0.00' COMMENT '实还本金',
  `pp_pay_collect_interest` decimal(18,2) NOT NULL DEFAULT '0.00' COMMENT '实还利息',
  `pp_pay_collect_fine` decimal(18,2) NOT NULL DEFAULT '0.00' COMMENT '实还罚金',
  `pp_collect_service_fee` decimal(18,2) NOT NULL DEFAULT '0.00' COMMENT '实还平台服务费',
  `pp_collect_guar_fee` decimal(18,2) NOT NULL DEFAULT '0.00' COMMENT '实还担保服务费',
  `pp_collect_total` decimal(18,2) NOT NULL DEFAULT '0.00' COMMENT '实还总额',
  `pp_remain_fine` decimal(18,2) NOT NULL DEFAULT '0.00' COMMENT '剩余罚金 因罚金是时时计算的，当第一次罚金未还清时，保留剩余未还罚金',
  `pp_loan_period` int(11) NOT NULL COMMENT '期数',
  `pp_is_clear` tinyint(11) NOT NULL DEFAULT '0' COMMENT '是否还清 1:是 0:否',
  `pp_paytime` datetime NOT NULL COMMENT '应还日期',
  `pp_collecttime` datetime DEFAULT NULL COMMENT '实还日期',
  `pp_pay_state` tinyint(1) NOT NULL COMMENT '还款状态 －1:未激活 0:未还清 1:付款中 2:已还清',
  `pp_pay_type` tinyint(1) DEFAULT NULL COMMENT '还款类型 1:正常还款 2:平台代还 3:强制还款',
  `pp_replace_state` tinyint(1) DEFAULT '0' COMMENT '平台是否已经代还 1:是 0:否',
  `pp_loanee` int(11) NOT NULL COMMENT '借款人',
  `pp_inner_seq_no` varchar(64) DEFAULT NULL COMMENT '内部交易流水号',
  `pp_createtime` datetime NOT NULL COMMENT '创建时间',
  `pp_modifytime` datetime NOT NULL COMMENT '修改时间',
  PRIMARY KEY (`pp_id`)
) ENGINE=InnoDB DEFAULT CHARSET=utf8 COMMENT='借款人还款计划表';

LOCK TABLES `abc_plan_payment` WRITE;
/*!40000 ALTER TABLE `abc_plan_payment` DISABLE KEYS */;

INSERT INTO `abc_plan_payment` (`pp_id`, `pp_full_trans_record_id`, `pp_loan_id`, `pp_pay_capital`, `pp_pay_interest`, `pp_pay_fine`, `pp_pay_service_fee`, `pp_pay_guar_fee`, `pp_pay_total_money`, `pp_pay_collect_capital`, `pp_pay_collect_interest`, `pp_pay_collect_fine`, `pp_collect_service_fee`, `pp_collect_guar_fee`, `pp_collect_total`, `pp_remain_fine`, `pp_loan_period`, `pp_is_clear`, `pp_paytime`, `pp_collecttime`, `pp_pay_state`, `pp_pay_type`, `pp_replace_state`, `pp_loanee`, `pp_inner_seq_no`, `pp_createtime`, `pp_modifytime`)
VALUES
	(23,30,1,50000.00,3309.27,111111.00,111.00,0.00,53309.27,0.00,0.00,0.00,0.00,0.00,0.00,0.00,1,0,'2016-01-23 16:36:43',NULL,0,NULL,NULL,1,NULL,'2015-01-23 16:36:11','2015-01-23 16:36:14'),
	(24,31,3,0.00,216.00,0.00,111.00,0.00,216.00,0.00,0.00,0.00,0.00,0.00,0.00,0.00,1,0,'2016-07-24 18:39:01',NULL,0,NULL,NULL,5,NULL,'2015-01-24 18:38:30','2015-01-24 18:38:30'),
	(25,31,3,1200.00,216.00,0.00,111.00,0.00,1416.00,0.00,0.00,0.00,0.00,0.00,0.00,0.00,2,0,'2018-01-24 18:39:01',NULL,0,NULL,NULL,5,NULL,'2015-01-24 18:38:30','2015-01-24 18:38:30'),
	(26,32,5,1000.00,20.07,0.00,111.00,0.00,1020.07,0.00,0.00,0.00,0.00,0.00,0.00,0.00,1,0,'2015-04-26 09:50:23',NULL,0,NULL,NULL,4,NULL,'2015-01-26 09:50:23','2015-01-26 09:50:23'),
	(27,34,6,1000.00,250.00,0.00,111.00,0.00,1250.00,0.00,0.00,0.00,0.00,0.00,0.00,0.00,1,0,'2015-04-26 11:22:23',NULL,0,NULL,NULL,5,NULL,'2015-01-26 11:21:54','2015-01-26 11:21:54'),
	(28,36,8,1000.00,30.00,0.00,111.00,0.00,1030.00,0.00,0.00,0.00,0.00,0.00,0.00,0.00,1,0,'2015-04-26 13:17:41',NULL,0,NULL,NULL,5,NULL,'2015-01-26 13:17:13','2015-01-26 13:17:13'),
	(29,38,11,0.00,10.00,0.00,111.00,0.00,10.00,0.00,0.00,0.00,0.00,0.00,0.00,0.00,1,0,'2015-02-28 15:57:47',NULL,0,NULL,NULL,4,NULL,'2015-01-28 15:57:21','2015-01-28 15:57:21'),
	(30,38,11,0.00,10.00,0.00,111.00,0.00,10.00,0.00,0.00,0.00,0.00,0.00,0.00,0.00,2,0,'2015-03-28 15:57:47',NULL,0,NULL,NULL,4,NULL,'2015-01-28 15:57:21','2015-01-28 15:57:21'),
	(31,38,11,1000.00,10.00,0.00,111.00,0.00,1010.00,0.00,0.00,0.00,0.00,0.00,0.00,0.00,3,0,'2015-04-28 15:57:47',NULL,0,NULL,NULL,4,NULL,'2015-01-28 15:57:21','2015-01-28 15:57:21'),
	(32,39,17,1000.00,360.00,0.00,23.00,0.00,1360.00,0.00,0.00,0.00,0.00,0.00,0.00,0.00,1,0,'2018-01-29 20:54:28',NULL,0,NULL,NULL,8,NULL,'2015-01-29 20:54:03','2015-01-29 20:54:03'),
	(33,40,18,1000.00,20.07,0.00,12.00,0.00,1020.07,0.00,0.00,0.00,0.00,0.00,0.00,0.00,1,0,'2015-04-29 20:55:37',NULL,0,NULL,NULL,1,NULL,'2015-01-29 20:55:13','2015-01-29 20:55:13'),
	(34,41,24,330.02,10.00,0.00,77.00,0.00,340.02,0.00,0.00,0.00,0.00,0.00,0.00,0.00,1,0,'2015-02-28 14:03:28','2015-01-30 14:24:54',2,2,NULL,6,'ce31a314-8e75-495c-8fa9-b14b5523f07b','2015-01-30 14:03:03','2015-01-30 14:24:55'),
	(35,41,24,333.32,6.70,0.00,77.00,0.00,340.02,0.00,0.00,0.00,0.00,0.00,0.00,0.00,2,0,'2015-03-30 14:03:28',NULL,0,NULL,NULL,6,NULL,'2015-01-30 14:03:03','2015-01-30 14:03:03'),
	(36,41,24,336.66,3.37,0.00,77.00,0.00,340.02,0.00,0.00,0.00,0.00,0.00,0.00,0.00,3,0,'2015-04-30 14:03:28',NULL,0,NULL,NULL,6,NULL,'2015-01-30 14:03:03','2015-01-30 14:03:03'),
	(37,43,23,100.00,1.25,0.00,111.00,0.00,101.25,0.00,0.00,0.00,0.00,0.00,0.00,0.00,1,0,'2015-03-30 21:02:37',NULL,0,NULL,NULL,2,NULL,'2015-01-30 21:02:13','2015-01-30 21:02:13'),
	(38,44,29,2000.00,41.93,0.00,111.00,0.00,2041.93,0.00,0.00,0.00,0.00,0.00,0.00,0.00,1,0,'2017-01-31 17:33:40',NULL,0,NULL,NULL,5,NULL,'2015-01-31 17:32:26','2015-01-31 17:32:27'),
	(39,45,30,407.25,12.34,0.00,23.00,0.00,419.59,0.00,0.00,0.00,0.00,0.00,0.00,0.00,1,0,'2015-03-07 18:09:01','2015-02-07 18:17:51',0,2,1,2,'b489544f-54b0-42f3-80e6-9d81416d3cbe','2015-02-07 18:08:43','2015-02-07 18:17:52'),
	(40,45,30,411.32,8.27,0.00,23.00,0.00,419.59,0.00,0.00,0.00,0.00,0.00,0.00,0.00,2,0,'2015-04-07 18:09:01',NULL,0,NULL,0,2,NULL,'2015-02-07 18:08:43','2015-02-07 18:08:44'),
	(41,45,30,415.43,4.15,0.00,23.00,0.00,419.59,0.00,0.00,0.00,0.00,0.00,0.00,0.00,3,0,'2015-05-07 18:09:01',NULL,0,NULL,0,2,NULL,'2015-02-07 18:08:43','2015-02-07 18:08:44');

/*!40000 ALTER TABLE `abc_plan_payment` ENABLE KEYS */;
UNLOCK TABLES;


# Dump of table abc_product_info
# ------------------------------------------------------------

DROP TABLE IF EXISTS `abc_product_info`;

CREATE TABLE `abc_product_info` (
  `product_id` int(11) NOT NULL AUTO_INCREMENT COMMENT '主键ID',
  `product_name` varchar(64) COLLATE utf8_bin DEFAULT NULL COMMENT '产品名称',
  `product_mark` varchar(512) COLLATE utf8_bin DEFAULT NULL COMMENT '备注',
  PRIMARY KEY (`product_id`)
) ENGINE=InnoDB DEFAULT CHARSET=utf8 COLLATE=utf8_bin COMMENT='产品信息表';

LOCK TABLES `abc_product_info` WRITE;
/*!40000 ALTER TABLE `abc_product_info` DISABLE KEYS */;

INSERT INTO `abc_product_info` (`product_id`, `product_name`, `product_mark`)
VALUES
	(2,X'3331',X'33'),
	(3,X'E4B880E4BA8CE4B889E59B9BE4BA94E585ADE4B883E585ABE4B99DE4B880E4BA8CE4B889E59B9BE4BA94E585ADE4B883E585ABE4B99DE4B880E4BA8CE4B889E59B9BE4BA94E585ADE4B883E585ABE4B99DE4B880E4BA8CE4B889E59B9BE4BA94E585ADE4B883E585ABE4B99DE4B880E4BA8CE4B889E59B9BE4BA94E585ADE4B883E585ABE4B99DE4B880E4BA8CE4B889E59B9B',X'E4B880E4BA8CE4B889E59B9BE4BA94E585ADE4B883E585ABE4B99DE4B880E4BA8CE4B889E59B9BE4BA94E585ADE4B883E585ABE4B99DE4B880E4BA8CE4B889E59B9BE4BA94E585ADE4B883E585ABE4B99DE4B880E4BA8CE4B889E59B9BE4BA94E585ADE4B883E585ABE4B99DE4B880E4BA8CE4B889E59B9BE4BA94E585ADE4B883E585ABE4B99DE4B880E4BA8CE4B889E59B9BE4BA94E585ADE4B883E585ABE4B99DE4B880E4BA8CE4B889E59B9BE4BA94E585ADE4B883E585ABE4B99DE4B880E4BA8CE4B889E59B9BE4BA94E585ADE4B883E585ABE4B99DE4B880E4BA8CE4B889E59B9BE4BA94E585ADE4B883E585ABE4B99DE4B880E4BA8CE4B889E59B9BE4BA94E585ADE4B883E585ABE4B99DE4B880E4BA8CE4B889E59B9BE4BA94E585ADE4B883E585ABE4B99DE4B880E4BA8CE4B889E59B9BE4BA94E585ADE4B883E585ABE4B99DE4B880E4BA8CE4B889E59B9BE4BA94E585ADE4B883E585ABE4B99DE4B880E4BA8CE4B889E59B9BE4BA94E585ADE4B883E585ABE4B99DE4B880E4BA8CE4B889E59B9BE4BA94E585ADE4B883E585ABE4B99DE4B880E4BA8CE4B889E59B9BE4BA94E585ADE4B883E585ABE4B99DE4B880E4BA8CE4B889E59B9BE4BA94E585ADE4B883E585ABE4B99D'),
	(4,X'E4B880E4BA8CE4B889E59B9B',X'E4B88AE6B0B4E4B88A'),
	(5,X'E4B880E4BA8CE4B889E59B9BE4BA94',X'E4B880E4BA8CE4B889E59B9BE4BA94E4B880E4BA8CE4B889E59B9BE4BA94E4B880E4BA8CE4B889E59B9BE4BA94E4B880E4BA8CE4B889E59B9BE4BA94E4B880E4BA8CE4B889E59B9BE4BA94E788B1E788B1E788B1'),
	(6,X'E4B880E4BA8CE4B889E59B9BE4BA94',NULL),
	(7,X'E4B880E4BA8CE4B889E59B9BE4BA94',NULL),
	(8,X'E4B880E4BA8CE4B889',X'74657874617265612D74657874207738307320636C695F626C7520677261796C656674206D7435206D6235206576742D6B65797570206D61696E'),
	(9,X'E6909CE7B4A2',X'74657874617265612D74657874207738307320636C695F626C7520677261796C656674206D7435206D6235206576742D6B65797570206D61696E74657874617265612D74657874207738307320636C695F626C7520677261796C656674206D7435206D6235206576742D6B65797570206D61696E74657874617265612D74657874207738307320636C695F626C7520677261796C656674206D74352074657874617265612D74657874207738307320636C695F626C7520677261796C656674206D7435206D6235206576742D6B65797570206D61696E74657874617265612D74657874207738307320636C695F626C7520677261796C656674206D7435206D6235206576742D6B65797570206D61696E74657874617265612D74657874207738307320636C695F626C7520677261796C656674206D74352074657874617265612D74657874207738307320636C695F626C7520677261796C656674206D7435206D6235206576742D6B65797570206D61696E74657874617265612D74657874207738307320636C695F626C7520677261796C656674206D7435206D6235206576742D6B65797570206D61696E74657874617265612D74657874207738307320636C695F626C7520677261796C656674206D74352074657874617265612D74657874207738307320636C695F626C7520677261796C'),
	(10,X'73747232',X'73747233'),
	(11,X'73747232',X'73747233');

/*!40000 ALTER TABLE `abc_product_info` ENABLE KEYS */;
UNLOCK TABLES;


# Dump of table abc_product_rate
# ------------------------------------------------------------

DROP TABLE IF EXISTS `abc_product_rate`;

CREATE TABLE `abc_product_rate` (
  `product_rate_id` int(11) NOT NULL AUTO_INCREMENT COMMENT '主键ID',
  `product_id` int(11) DEFAULT NULL COMMENT '产品ID',
  `product_rate` decimal(18,2) DEFAULT NULL COMMENT '年化收益率',
  `product_min_period` int(11) DEFAULT NULL COMMENT '最小期限',
  `product_max_period` int(11) DEFAULT NULL COMMENT '最大期限',
  PRIMARY KEY (`product_rate_id`),
  KEY `FY_product_id_1` (`product_id`)
) ENGINE=MyISAM DEFAULT CHARSET=utf8 COLLATE=utf8_bin COMMENT='产品期限利率表';

LOCK TABLES `abc_product_rate` WRITE;
/*!40000 ALTER TABLE `abc_product_rate` DISABLE KEYS */;

INSERT INTO `abc_product_rate` (`product_rate_id`, `product_id`, `product_rate`, `product_min_period`, `product_max_period`)
VALUES
	(14,2,3.00,4,5),
	(7,6,10.00,13,24),
	(8,7,12.00,25,36),
	(9,8,4.00,1,2),
	(13,9,12.00,1,2),
	(15,2,3.00,4,5);

/*!40000 ALTER TABLE `abc_product_rate` ENABLE KEYS */;
UNLOCK TABLES;


# Dump of table abc_realname_auth
# ------------------------------------------------------------

DROP TABLE IF EXISTS `abc_realname_auth`;

CREATE TABLE `abc_realname_auth` (
  `rnp_id` int(11) NOT NULL AUTO_INCREMENT,
  `rnp_userid` int(11) DEFAULT NULL COMMENT '用户ID',
  `rnp_name` varchar(20) COLLATE utf8_bin DEFAULT NULL COMMENT '真实姓名',
  `rnp_sex` tinyint(1) DEFAULT NULL COMMENT '性别	0：女 1：男',
  `rnp_nation` char(15) COLLATE utf8_bin DEFAULT NULL COMMENT '民族',
  `rnp_birthday` datetime DEFAULT NULL COMMENT '出生日期',
  `rnp_doc_type` varchar(50) COLLATE utf8_bin DEFAULT NULL COMMENT '证件类型',
  `rnp_doc_no` varchar(50) COLLATE utf8_bin DEFAULT NULL COMMENT '证件号码',
  `rnp_native` varchar(25) COLLATE utf8_bin DEFAULT NULL COMMENT '籍贯',
  `rnp_idcard_front` varchar(100) COLLATE utf8_bin DEFAULT NULL COMMENT '身份证正面照片',
  `rnp_idcard_back` varchar(100) COLLATE utf8_bin DEFAULT NULL COMMENT '身份证背面照片',
  `rnp_apply_date` datetime DEFAULT NULL COMMENT '申请日期',
  `rnp_review_state` tinyint(1) DEFAULT NULL COMMENT '审核状态	0：待审核 1：审核已通过 2：审核未通过',
  `rnp_review_date` datetime DEFAULT NULL COMMENT '审核日期',
  `rnp_review_note` varchar(512) COLLATE utf8_bin DEFAULT NULL COMMENT '审核意见',
  PRIMARY KEY (`rnp_id`)
) ENGINE=InnoDB DEFAULT CHARSET=utf8 COLLATE=utf8_bin ROW_FORMAT=COMPACT COMMENT='实名认证申请表';



# Dump of table abc_recharge_record
# ------------------------------------------------------------

DROP TABLE IF EXISTS `abc_recharge_record`;

CREATE TABLE `abc_recharge_record` (
  `recharge_id` int(11) NOT NULL AUTO_INCREMENT COMMENT '充值记录表',
  `recharge_user_id` int(11) DEFAULT NULL COMMENT '充值用户id',
  `recharge_account_id` varchar(18) COLLATE utf8_bin DEFAULT NULL COMMENT '充值账户',
  `recharge_seq_no` varchar(64) COLLATE utf8_bin DEFAULT NULL COMMENT '交易流水号',
  `recharge_amount` decimal(18,2) DEFAULT NULL COMMENT '充值金额',
  `recharge_state` int(1) DEFAULT NULL COMMENT '充值状态，0充值中，1充值成功，2充值不成功',
  `recharge_date` datetime DEFAULT NULL COMMENT '充值时间',
  `recharge_out_seq_no` varchar(64) COLLATE utf8_bin DEFAULT NULL COMMENT '外部交易流水号',
  PRIMARY KEY (`recharge_id`)
) ENGINE=InnoDB DEFAULT CHARSET=utf8 COLLATE=utf8_bin COMMENT='充值记录表';



# Dump of table abc_red
# ------------------------------------------------------------

DROP TABLE IF EXISTS `abc_red`;

CREATE TABLE `abc_red` (
  `red_id` int(11) NOT NULL AUTO_INCREMENT COMMENT '红包编号',
  `red_name` varchar(50) DEFAULT NULL COMMENT '红包名称',
  `red_desc` varchar(500) DEFAULT NULL COMMENT '红包描述',
  `red_type` tinyint(1) DEFAULT NULL COMMENT '红包类型   1：新手专享红包 2：新手特权红包 \r\n3：成功进阶红包 4：项目奖励红包\r\n5：个人奖励红包 6：推荐邀请红包',
  `red_amount` decimal(18,2) DEFAULT NULL COMMENT '红包金额',
  `red_createtime` datetime DEFAULT NULL COMMENT '红包创建时间',
  `red_creator` int(11) DEFAULT NULL COMMENT '创建红包的用户id abc_user',
  `red_state` int(1) DEFAULT NULL COMMENT '红包机制状态 -1：删除  0：无效 1：有效',
  `red_reward_number` int(11) DEFAULT NULL COMMENT '红包发放次数,当红包为个人奖励类型时，记录个人奖励红包数；当红包为项目奖励类型时，记录项目奖励红包数',
  `red_amt` decimal(11,2) DEFAULT NULL COMMENT '红包发放金额',
  `red_theme` varchar(60) DEFAULT NULL COMMENT '红包主题',
  `red_use_scope` varchar(200) DEFAULT NULL COMMENT '使用范围（如：投资|受让|收购）多个产品范围时，用“|”分割',
  `red_bizid` int(11) DEFAULT NULL COMMENT '项目id',
  `red_closetime` datetime DEFAULT NULL COMMENT '''红包失效时间',
  `red_sendtime` datetime DEFAULT NULL COMMENT '红包发放时间',
  PRIMARY KEY (`red_id`)
) ENGINE=InnoDB DEFAULT CHARSET=utf8 COMMENT='红包表';

LOCK TABLES `abc_red` WRITE;
/*!40000 ALTER TABLE `abc_red` DISABLE KEYS */;

INSERT INTO `abc_red` (`red_id`, `red_name`, `red_desc`, `red_type`, `red_amount`, `red_createtime`, `red_creator`, `red_state`, `red_reward_number`, `red_amt`, `red_theme`, `red_use_scope`, `red_bizid`, `red_closetime`, `red_sendtime`)
VALUES
	(1,'测试项目红包','ddd红包的',1,200.00,'2015-01-28 15:17:57',2,1,NULL,NULL,NULL,NULL,1,NULL,NULL),
	(2,'测试项目红包','ddd红包的',1,200.00,'2015-01-28 15:17:57',2,1,NULL,NULL,NULL,NULL,2,NULL,NULL),
	(3,'测试项目红包','ddd红包的',1,200.00,'2015-01-28 15:17:57',2,1,NULL,NULL,NULL,NULL,3,NULL,NULL),
	(4,'测试项目红包','ddd红包的',1,200.00,'2015-01-28 15:17:57',2,1,NULL,NULL,NULL,NULL,4,NULL,NULL),
	(5,'测试项目红包','ddd红包的',1,200.00,'2015-02-02 17:45:50',2,1,NULL,NULL,NULL,NULL,1,NULL,NULL),
	(6,'测试项目红包','ddd红包的',1,200.00,'2015-02-02 17:45:50',2,1,NULL,NULL,NULL,NULL,2,NULL,NULL),
	(7,'测试项目红包','ddd红包的',1,200.00,'2015-02-02 17:45:50',2,1,NULL,NULL,NULL,NULL,3,NULL,NULL),
	(8,'测试项目红包','ddd红包的',1,200.00,'2015-02-02 17:45:50',2,1,NULL,NULL,NULL,NULL,4,NULL,NULL),
	(9,'测试项目红包','ddd红包的',1,200.00,'2015-02-02 18:08:29',2,1,NULL,NULL,NULL,NULL,1,NULL,NULL),
	(10,'测试项目红包','ddd红包的',1,200.00,'2015-02-02 18:08:29',2,1,NULL,NULL,NULL,NULL,2,NULL,NULL),
	(11,'测试项目红包','ddd红包的',1,200.00,'2015-02-02 18:08:29',2,1,NULL,NULL,NULL,NULL,3,NULL,NULL),
	(12,'测试项目红包','ddd红包的',1,200.00,'2015-02-02 18:08:29',2,1,NULL,NULL,NULL,NULL,4,NULL,NULL);

/*!40000 ALTER TABLE `abc_red` ENABLE KEYS */;
UNLOCK TABLES;


# Dump of table abc_red_send
# ------------------------------------------------------------

DROP TABLE IF EXISTS `abc_red_send`;

CREATE TABLE `abc_red_send` (
  `rs_id` int(11) NOT NULL AUTO_INCREMENT COMMENT '发放的红包记录编号',
  `rs_red_id` int(11) DEFAULT NULL COMMENT '红包机制 abc_redenvelope',
  `rs_amt` decimal(11,2) DEFAULT NULL COMMENT '红包发放金额',
  `rs_theme` varchar(60) DEFAULT NULL COMMENT '红包奖励主题',
  `rs_valid_amount` decimal(18,2) DEFAULT NULL COMMENT '红包有效金额',
  `rs_type` tinyint(1) DEFAULT NULL COMMENT '红包奖励类型：1：个人奖励；2：项目奖励',
  `rs_userid` int(11) DEFAULT NULL COMMENT '红包用户id',
  `rs_bizid` int(11) DEFAULT NULL COMMENT '项目id',
  `rs_use_scope` varchar(200) DEFAULT NULL COMMENT '使用范围（如：投资|受让|收购）多个产品范围时，用“|”分割',
  `rs_lifetime` int(2) DEFAULT NULL COMMENT '红包有效使用期限 即发送红包后的有效使用时间 单位/月',
  `rs_invest_amount` decimal(18,2) DEFAULT NULL COMMENT '投资奖励自动发放条件',
  `rs_starttime` datetime DEFAULT NULL COMMENT '红包开始有效时间',
  `rs_closetime` datetime DEFAULT NULL COMMENT '红包失效时间',
  `rs_sendtime` datetime DEFAULT NULL COMMENT '红包发放时间',
  `rs_sender` int(11) DEFAULT NULL COMMENT '发放红包的用户id abc_user',
  `rs_state` tinyint(1) DEFAULT '0' COMMENT '红包使用状态 :  0:已过期 1:未使用，2：已使用',
  PRIMARY KEY (`rs_id`)
) ENGINE=InnoDB DEFAULT CHARSET=utf8 COMMENT='红包发放表';



# Dump of table abc_red_use
# ------------------------------------------------------------

DROP TABLE IF EXISTS `abc_red_use`;

CREATE TABLE `abc_red_use` (
  `ru_id` int(11) NOT NULL AUTO_INCREMENT,
  `ru_redvsend_id` int(11) NOT NULL COMMENT '红包发放id',
  `ru_type` int(2) DEFAULT NULL COMMENT '红包使用类型 ：如投资',
  `ru_biz_id` int(11) DEFAULT NULL COMMENT '红包使用投资id 如果收购也可以使用就再添加一个收购id',
  `ru_userid` int(11) NOT NULL COMMENT '红包用户id',
  `ru_usetime` datetime DEFAULT NULL COMMENT '红包使用时间',
  `ru_desc` varchar(500) DEFAULT NULL COMMENT '红包使用描述',
  `ru_amount` decimal(18,2) DEFAULT NULL COMMENT '红包使用金额',
  `ru_remainder_amount` decimal(18,2) DEFAULT NULL COMMENT '红包剩余金额',
  `ru_deduct_fee` decimal(18,2) DEFAULT NULL COMMENT '抵扣手续费',
  `ru_deduct_discount` decimal(18,2) DEFAULT NULL COMMENT '抵扣折让费',
  `ru_usecount` int(11) DEFAULT NULL COMMENT '红包使用次数',
  PRIMARY KEY (`ru_id`)
) ENGINE=InnoDB DEFAULT CHARSET=utf8 COMMENT='红包使用表';



# Dump of table abc_refund_apply
# ------------------------------------------------------------

DROP TABLE IF EXISTS `abc_refund_apply`;

CREATE TABLE `abc_refund_apply` (
  `ra_id` int(11) NOT NULL AUTO_INCREMENT COMMENT '主键id',
  `ra_user_id` int(11) DEFAULT NULL COMMENT '用户id',
  `ra_account_no` varchar(18) COLLATE utf8_bin DEFAULT NULL COMMENT '退回账户号',
  `ra_reason` varchar(1000) COLLATE utf8_bin DEFAULT NULL COMMENT '退费原因',
  `ra_user_phone` varchar(32) COLLATE utf8_bin DEFAULT NULL COMMENT '用户手机号',
  `ra_amount` decimal(18,2) DEFAULT NULL COMMENT '退费金额',
  `ra_applicant_id` int(11) DEFAULT NULL COMMENT '申请人id employee',
  `ra_apply_date` datetime DEFAULT NULL COMMENT '申请日期',
  `ra_apply_state` tinyint(4) DEFAULT NULL COMMENT '申请状态 0待审核 1 通过 2 未通过',
  PRIMARY KEY (`ra_id`)
) ENGINE=InnoDB DEFAULT CHARSET=utf8 COLLATE=utf8_bin COMMENT='退费申请';



# Dump of table abc_refund_record
# ------------------------------------------------------------

DROP TABLE IF EXISTS `abc_refund_record`;

CREATE TABLE `abc_refund_record` (
  `refund_id` int(11) NOT NULL AUTO_INCREMENT COMMENT '主键id',
  `refund_user_id` int(11) DEFAULT NULL COMMENT '用户id',
  `refund_account_no` varchar(18) COLLATE utf8_bin DEFAULT NULL COMMENT '退回开户账户 取账户开户表中的：开户账户',
  `refund_user_phone` varchar(32) COLLATE utf8_bin DEFAULT NULL COMMENT '退回用户手机：网友基本信息表中user_phone，如果上述字段中没有值，取 账户开户表user_phone',
  `refund_reason` varchar(1000) COLLATE utf8_bin DEFAULT NULL COMMENT '退费原因',
  `refund_amount` decimal(18,2) NOT NULL COMMENT '退费金额',
  `refund_operator` int(11) DEFAULT NULL COMMENT '操作人id：employee',
  `refund_date` datetime DEFAULT NULL COMMENT '退费日期',
  `refund_seq_no` varchar(64) COLLATE utf8_bin DEFAULT NULL COMMENT '交易流水号',
  `refund_state` int(1) DEFAULT NULL COMMENT '退费状态(0退款中，1退款成功，2退款失败)',
  `refund_applicant` int(11) DEFAULT NULL COMMENT '退费申请人id',
  `refund_apply_date` datetime DEFAULT NULL COMMENT '申请日期',
  `refund_apply_opinion` varchar(1024) COLLATE utf8_bin DEFAULT NULL COMMENT '审核意见',
  `refund_apply_state` int(1) DEFAULT NULL COMMENT '申请状态(0待审核 1 通过 2 未通过)',
  `refund_check_date` datetime DEFAULT NULL COMMENT '审核日期',
  PRIMARY KEY (`refund_id`)
) ENGINE=InnoDB DEFAULT CHARSET=utf8 COLLATE=utf8_bin COMMENT='退费记录表';



# Dump of table abc_review
# ------------------------------------------------------------

DROP TABLE IF EXISTS `abc_review`;

CREATE TABLE `abc_review` (
  `review_id` int(11) NOT NULL AUTO_INCREMENT COMMENT '审核id',
  `review_origin_review_id` int(11) DEFAULT NULL COMMENT '创建此审核的原始审核id，可为空',
  `review_type` int(11) DEFAULT NULL COMMENT '审核类型，对应枚举类ReviewType',
  `review_apply_id` int(11) DEFAULT NULL COMMENT '对应的申请id',
  `review_info` varchar(512) DEFAULT NULL COMMENT '简要的审核说明信息',
  `review_suspend` int(11) DEFAULT NULL COMMENT '审核是否挂起 0否 1是 默认0未挂起',
  `review_end` int(11) DEFAULT NULL COMMENT '审核的流程是否已结束 0否 1是 默认0未结束',
  `review_curr_role_idx` int(11) DEFAULT NULL COMMENT '当前待审核角色index',
  `review_curr_emp_id` int(11) DEFAULT NULL COMMENT '当前待审核人id',
  `review_state` int(11) DEFAULT NULL COMMENT '审核状态 0待审核 1审核通过 2不通过',
  `review_last_op_log_id` int(11) DEFAULT NULL COMMENT '最后有效审核操作记录id',
  `review_last_send_log_id` int(11) DEFAULT NULL COMMENT '此审核相关的最后发送记录id, -1表示空，无记录',
  `review_version` int(11) DEFAULT NULL COMMENT '版本号，对审核的任何操作都会使其加1',
  `review_create_time` datetime DEFAULT NULL COMMENT '创建时间',
  `review_update_time` datetime DEFAULT NULL COMMENT '更新时间',
  `review_deleted` int(11) DEFAULT NULL COMMENT '逻辑删除标识，0未删除 -1已删除',
  PRIMARY KEY (`review_id`),
  KEY `unionIndex` (`review_type`,`review_apply_id`,`review_deleted`)
) ENGINE=InnoDB DEFAULT CHARSET=utf8;

LOCK TABLES `abc_review` WRITE;
/*!40000 ALTER TABLE `abc_review` DISABLE KEYS */;

INSERT INTO `abc_review` (`review_id`, `review_origin_review_id`, `review_type`, `review_apply_id`, `review_info`, `review_suspend`, `review_end`, `review_curr_role_idx`, `review_curr_emp_id`, `review_state`, `review_last_op_log_id`, `review_last_send_log_id`, `review_version`, `review_create_time`, `review_update_time`, `review_deleted`)
VALUES
	(316,NULL,15,64,NULL,0,0,2,NULL,0,NULL,-1,1,'2015-01-22 16:07:11','2015-01-22 16:07:11',0),
	(317,NULL,17,1,NULL,0,1,5,115,1,3,2,5,'2015-01-23 13:31:11','2015-01-23 14:05:18',0),
	(318,317,2,1,NULL,0,1,2,0,1,4,2,6,'2015-01-23 14:05:18','2015-01-23 14:11:07',0),
	(319,NULL,3,1,NULL,0,1,2,0,1,5,-1,2,'2015-01-23 14:13:12','2015-01-23 14:20:20',0),
	(320,NULL,17,2,NULL,0,0,2,NULL,0,NULL,-1,1,'2015-01-23 17:51:40','2015-01-23 17:51:40',0),
	(321,NULL,17,3,NULL,0,1,2,0,1,7,3,3,'2015-01-24 15:53:42','2015-01-24 15:55:35',0),
	(322,321,2,3,NULL,0,1,2,0,1,21,3,5,'2015-01-24 15:55:35','2015-01-26 09:48:41',0),
	(323,NULL,3,3,NULL,0,1,2,0,1,9,-1,2,'2015-01-24 16:00:21','2015-01-24 16:35:25',0),
	(324,NULL,1,1,NULL,0,1,5,115,1,14,6,7,'2015-01-24 16:04:27','2015-01-24 16:55:56',0),
	(325,324,2,4,NULL,0,1,2,0,1,15,6,8,'2015-01-24 16:55:56','2015-01-24 16:57:41',0),
	(326,NULL,3,4,NULL,0,1,2,0,1,16,-1,2,'2015-01-24 17:18:39','2015-01-24 17:19:52',0),
	(327,NULL,1,2,NULL,0,0,2,NULL,0,NULL,-1,2,'2015-01-24 21:19:29','2015-01-29 21:52:17',0),
	(328,NULL,4,1,NULL,0,1,2,0,1,17,-1,2,'2015-01-24 22:08:39','2015-01-24 22:09:43',0),
	(329,NULL,5,1,NULL,0,1,2,0,1,18,-1,2,'2015-01-24 22:25:26','2015-01-24 22:32:16',0),
	(330,NULL,17,5,NULL,0,0,2,0,0,20,7,4,'2015-01-26 09:48:12','2015-01-27 18:36:51',0),
	(331,330,2,5,NULL,0,0,2,NULL,0,NULL,7,2,'2015-01-26 09:48:32','2015-01-27 18:36:51',-1),
	(332,NULL,3,5,NULL,0,1,2,0,1,22,-1,2,'2015-01-26 09:49:34','2015-01-26 09:49:46',0),
	(333,NULL,4,2,NULL,0,1,2,0,1,23,-1,2,'2015-01-26 09:51:37','2015-01-26 09:51:52',0),
	(334,NULL,5,2,NULL,0,1,2,0,1,24,-1,2,'2015-01-26 09:52:41','2015-01-26 09:53:03',0),
	(335,NULL,6,1,NULL,0,1,2,0,1,25,-1,2,'2015-01-26 10:04:10','2015-01-26 10:04:37',0),
	(336,NULL,7,1,NULL,0,1,2,0,1,42,-1,2,'2015-01-26 10:08:19','2015-01-26 13:50:28',0),
	(337,NULL,6,2,NULL,0,1,2,0,1,26,-1,2,'2015-01-26 10:18:50','2015-01-26 10:19:04',0),
	(338,NULL,17,6,NULL,0,1,2,0,1,28,8,3,'2015-01-26 11:19:23','2015-01-26 11:19:48',0),
	(339,338,2,6,NULL,0,1,2,0,1,29,8,3,'2015-01-26 11:19:48','2015-01-26 11:20:13',0),
	(340,NULL,3,6,NULL,0,1,2,0,1,30,-1,2,'2015-01-26 11:20:37','2015-01-26 11:21:04',0),
	(341,NULL,6,3,NULL,0,1,2,0,1,31,-1,2,'2015-01-26 11:22:32','2015-01-26 11:22:54',0),
	(342,NULL,7,3,NULL,0,0,2,NULL,0,NULL,-1,1,'2015-01-26 11:23:16','2015-01-26 11:23:16',0),
	(343,NULL,4,3,NULL,0,1,2,0,1,32,-1,2,'2015-01-26 11:24:19','2015-01-26 11:25:10',0),
	(344,NULL,5,3,NULL,0,1,2,0,1,33,-1,2,'2015-01-26 11:27:35','2015-01-26 11:28:53',0),
	(345,NULL,1,3,NULL,0,0,2,NULL,0,NULL,-1,2,'2015-01-26 11:38:38','2015-01-26 11:50:40',0),
	(346,NULL,17,8,NULL,0,1,2,0,1,35,9,3,'2015-01-26 13:14:24','2015-01-26 13:14:34',0),
	(347,346,2,8,NULL,0,1,2,0,1,36,9,3,'2015-01-26 13:14:34','2015-01-26 13:14:50',0),
	(348,NULL,3,8,NULL,0,1,2,0,1,37,-1,2,'2015-01-26 13:15:30','2015-01-26 13:15:59',0),
	(349,NULL,4,4,NULL,0,1,2,0,1,38,-1,2,'2015-01-26 13:17:34','2015-01-26 13:17:58',0),
	(350,NULL,5,4,NULL,0,1,2,0,1,39,-1,2,'2015-01-26 13:18:46','2015-01-26 13:19:03',0),
	(351,NULL,6,4,NULL,0,1,2,0,1,40,-1,2,'2015-01-26 13:23:43','2015-01-26 13:23:58',0),
	(352,NULL,7,4,NULL,0,1,2,0,1,41,-1,2,'2015-01-26 13:44:12','2015-01-26 13:45:04',0),
	(353,NULL,1,4,NULL,0,0,2,NULL,0,NULL,-1,2,'2015-01-27 14:19:05','2015-01-29 21:54:47',0),
	(354,NULL,1,5,NULL,0,1,2,0,1,44,10,4,'2015-01-27 16:47:30','2015-01-27 18:36:39',0),
	(355,354,2,9,NULL,0,1,2,0,1,52,10,5,'2015-01-27 18:36:39','2015-01-29 16:40:01',0),
	(356,NULL,1,6,NULL,0,0,5,115,0,131,38,6,'2015-01-27 18:37:59','2015-02-08 17:29:43',0),
	(357,NULL,17,11,NULL,0,1,2,0,1,48,12,3,'2015-01-28 14:03:10','2015-01-28 14:03:24',0),
	(358,357,2,11,NULL,0,1,2,0,1,49,12,3,'2015-01-28 14:03:24','2015-01-28 14:04:01',0),
	(359,NULL,3,11,NULL,0,1,2,0,1,50,-1,2,'2015-01-28 14:26:27','2015-01-28 14:30:24',0),
	(360,NULL,6,5,NULL,0,1,2,0,1,51,-1,2,'2015-01-28 15:57:43','2015-01-29 14:13:59',0),
	(361,NULL,17,12,NULL,0,0,2,NULL,0,NULL,-1,1,'2015-01-28 16:12:23','2015-01-28 16:12:23',0),
	(362,NULL,17,13,NULL,0,0,2,NULL,0,NULL,-1,1,'2015-01-28 16:13:35','2015-01-28 16:13:35',0),
	(363,NULL,17,14,NULL,0,0,2,NULL,0,NULL,-1,1,'2015-01-28 16:21:07','2015-01-28 16:21:07',0),
	(364,NULL,17,15,NULL,0,1,2,0,1,54,14,3,'2015-01-29 16:48:23','2015-01-29 17:10:29',0),
	(365,364,2,15,NULL,0,1,2,0,1,55,14,3,'2015-01-29 17:10:29','2015-01-29 17:10:42',0),
	(366,NULL,3,15,NULL,0,1,2,0,1,56,-1,2,'2015-01-29 17:11:00','2015-01-29 17:11:12',0),
	(367,NULL,17,16,NULL,0,1,2,0,1,58,15,3,'2015-01-29 20:36:28','2015-01-29 20:38:17',0),
	(368,367,2,16,NULL,0,1,2,0,1,59,15,3,'2015-01-29 20:38:17','2015-01-29 20:39:28',0),
	(369,NULL,17,17,NULL,0,1,2,0,1,61,16,3,'2015-01-29 20:47:51','2015-01-29 20:48:04',0),
	(370,369,2,17,NULL,0,1,2,0,1,62,16,3,'2015-01-29 20:48:04','2015-01-29 20:48:14',0),
	(371,NULL,3,17,NULL,0,1,2,0,1,63,-1,2,'2015-01-29 20:48:31','2015-01-29 20:48:44',0),
	(372,NULL,17,18,NULL,0,1,2,0,1,65,17,3,'2015-01-29 20:50:56','2015-01-29 20:51:03',0),
	(373,372,2,18,NULL,0,1,2,0,1,66,17,3,'2015-01-29 20:51:03','2015-01-29 20:51:11',0),
	(374,NULL,3,18,NULL,0,1,2,0,1,67,-1,2,'2015-01-29 20:51:45','2015-01-29 20:52:04',0),
	(375,NULL,4,5,NULL,0,1,2,0,1,68,-1,2,'2015-01-29 21:06:55','2015-01-29 21:07:15',0),
	(376,NULL,5,5,NULL,0,1,2,0,1,69,-1,2,'2015-01-29 21:07:31','2015-01-29 21:07:41',0),
	(377,NULL,17,19,NULL,0,1,2,0,1,128,37,3,'2015-01-29 21:50:45','2015-02-08 10:57:59',0),
	(378,NULL,17,21,NULL,0,1,2,112,1,97,25,17,'2015-01-29 21:52:53','2015-01-31 16:18:43',0),
	(379,NULL,17,22,NULL,0,0,2,NULL,0,NULL,-1,1,'2015-01-29 21:54:47','2015-01-29 21:54:47',0),
	(380,NULL,17,23,NULL,0,1,2,0,1,77,19,3,'2015-01-30 10:03:37','2015-01-30 20:58:33',0),
	(381,NULL,17,24,NULL,0,1,2,0,1,71,18,3,'2015-01-30 14:01:02','2015-01-30 14:01:12',0),
	(382,381,2,24,NULL,0,1,2,0,1,72,18,3,'2015-01-30 14:01:12','2015-01-30 14:01:37',0),
	(383,NULL,3,24,NULL,0,1,2,0,1,73,-1,2,'2015-01-30 14:02:30','2015-01-30 14:02:44',0),
	(384,NULL,6,6,NULL,0,1,2,0,1,74,-1,2,'2015-01-30 14:03:29','2015-01-30 14:03:39',0),
	(385,NULL,7,6,NULL,0,1,2,0,1,75,-1,2,'2015-01-30 14:04:22','2015-01-30 14:04:35',0),
	(386,NULL,1,7,NULL,0,1,2,0,1,117,-1,9,'2015-01-30 15:21:57','2015-02-02 16:21:40',0),
	(387,NULL,17,25,NULL,0,0,2,NULL,0,NULL,-1,1,'2015-01-30 15:45:33','2015-01-30 15:45:33',0),
	(388,NULL,1,8,NULL,0,1,2,0,1,116,-1,4,'2015-01-30 16:09:48','2015-02-02 16:20:17',0),
	(389,NULL,17,26,NULL,0,0,2,NULL,0,NULL,-1,1,'2015-01-30 16:10:29','2015-01-30 16:10:29',0),
	(390,NULL,4,6,NULL,0,0,2,NULL,0,NULL,-1,1,'2015-01-30 20:44:00','2015-01-30 20:44:00',0),
	(391,380,2,23,NULL,0,1,2,0,1,78,19,3,'2015-01-30 20:58:33','2015-01-30 21:00:41',0),
	(392,NULL,3,23,NULL,0,1,2,0,1,79,-1,2,'2015-01-30 21:01:30','2015-01-30 21:01:47',0),
	(393,NULL,4,7,NULL,0,1,2,0,1,80,-1,2,'2015-01-30 21:03:05','2015-01-30 21:03:19',0),
	(394,NULL,5,7,NULL,0,1,2,0,1,81,-1,2,'2015-01-30 21:03:54','2015-01-30 21:04:10',0),
	(395,378,2,21,NULL,0,0,2,NULL,0,NULL,21,4,'2015-01-31 16:09:14','2015-01-31 16:09:20',-1),
	(396,378,2,21,NULL,0,0,2,NULL,0,NULL,22,7,'2015-01-31 16:15:33','2015-01-31 16:15:37',-1),
	(397,378,2,21,NULL,0,0,2,NULL,0,NULL,23,10,'2015-01-31 16:16:13','2015-01-31 16:17:33',-1),
	(398,378,2,21,NULL,0,0,2,NULL,0,NULL,24,13,'2015-01-31 16:17:39','2015-01-31 16:17:42',-1),
	(399,378,2,21,NULL,0,0,2,NULL,0,NULL,25,16,'2015-01-31 16:18:43','2015-01-31 16:18:43',0),
	(400,NULL,17,27,NULL,0,1,2,0,1,107,29,11,'2015-01-31 16:20:13','2015-01-31 16:20:41',0),
	(401,400,2,27,NULL,0,1,2,0,2,110,26,3,'2015-01-31 16:20:40','2015-01-31 16:37:16',0),
	(405,NULL,17,28,NULL,0,1,2,0,1,109,30,3,'2015-01-31 16:26:08','2015-01-31 16:26:20',0),
	(406,405,2,28,NULL,0,1,2,0,1,118,30,3,'2015-01-31 16:26:20','2015-02-02 17:42:44',0),
	(407,NULL,17,29,NULL,0,1,2,0,1,112,31,3,'2015-01-31 16:41:09','2015-01-31 16:41:28',0),
	(408,407,2,29,NULL,0,1,2,0,1,113,31,3,'2015-01-31 16:41:28','2015-01-31 16:41:43',0),
	(409,NULL,3,29,NULL,0,1,2,0,1,114,-1,2,'2015-01-31 16:42:46','2015-01-31 16:53:01',0),
	(410,NULL,4,8,NULL,0,1,2,0,1,115,-1,2,'2015-01-31 17:33:19','2015-01-31 17:34:31',0),
	(411,NULL,5,8,NULL,0,0,2,NULL,0,NULL,-1,1,'2015-01-31 17:34:43','2015-01-31 17:34:43',0),
	(412,NULL,14,1,NULL,0,1,2,0,1,119,-1,2,'2015-02-03 16:50:28','2015-02-03 16:51:06',0),
	(413,NULL,17,30,NULL,0,1,2,0,1,121,34,3,'2015-02-07 18:06:21','2015-02-07 18:06:46',0),
	(414,413,2,30,NULL,0,1,2,0,1,122,34,3,'2015-02-07 18:06:46','2015-02-07 18:06:54',0),
	(415,NULL,3,30,NULL,0,1,2,0,1,123,-1,2,'2015-02-07 18:07:38','2015-02-07 18:07:48',0),
	(416,NULL,17,31,NULL,0,1,5,116,1,126,36,4,'2015-02-08 09:53:18','2015-02-08 09:54:27',0),
	(417,416,2,31,NULL,0,0,2,NULL,0,NULL,36,4,'2015-02-08 09:54:27','2015-02-08 09:54:27',0),
	(418,NULL,17,32,NULL,0,0,2,NULL,0,NULL,-1,1,'2015-02-08 10:47:27','2015-02-08 10:47:27',0),
	(419,377,2,19,NULL,0,1,2,0,1,129,37,3,'2015-02-08 10:57:59','2015-02-08 10:58:17',0),
	(420,356,2,10,NULL,0,0,2,NULL,0,NULL,38,5,'2015-02-08 17:29:07','2015-02-08 17:29:43',-1),
	(421,NULL,17,33,NULL,0,0,2,NULL,0,NULL,-1,1,'2015-02-09 16:12:47','2015-02-09 16:12:47',0),
	(422,NULL,17,34,NULL,0,0,2,NULL,0,NULL,-1,1,'2015-02-09 17:10:16','2015-02-09 17:10:16',0);

/*!40000 ALTER TABLE `abc_review` ENABLE KEYS */;
UNLOCK TABLES;


# Dump of table abc_review_op_log
# ------------------------------------------------------------

DROP TABLE IF EXISTS `abc_review_op_log`;

CREATE TABLE `abc_review_op_log` (
  `rol_id` int(11) NOT NULL AUTO_INCREMENT COMMENT '审核操作记录id',
  `rol_review_id` int(11) DEFAULT NULL COMMENT '审核id',
  `rol_role_idx` int(11) DEFAULT NULL COMMENT '审核者角色的index',
  `rol_emp_id` int(11) DEFAULT NULL COMMENT '审核人id',
  `rol_op` int(11) DEFAULT NULL COMMENT '审核操作 1通过 2否决 3打回 4挂起 5转移',
  `rol_msg` varchar(512) DEFAULT NULL COMMENT '审核意见',
  `rol_next_role_idx` int(11) DEFAULT NULL COMMENT '下一审核人角色的index',
  `rol_next_emp_id` int(11) DEFAULT NULL COMMENT '下一审核人id',
  `rol_date` datetime DEFAULT NULL COMMENT '审核操作日期',
  PRIMARY KEY (`rol_id`)
) ENGINE=InnoDB DEFAULT CHARSET=utf8;

LOCK TABLES `abc_review_op_log` WRITE;
/*!40000 ALTER TABLE `abc_review_op_log` DISABLE KEYS */;

INSERT INTO `abc_review_op_log` (`rol_id`, `rol_review_id`, `rol_role_idx`, `rol_emp_id`, `rol_op`, `rol_msg`, `rol_next_role_idx`, `rol_next_emp_id`, `rol_date`)
VALUES
	(1,317,2,112,5,NULL,5,115,'2015-01-23 13:34:54'),
	(2,317,5,115,1,'ok',NULL,NULL,'2015-01-23 14:05:01'),
	(3,317,5,115,5,NULL,2,NULL,'2015-01-23 14:05:18'),
	(4,318,2,112,1,'ok',NULL,NULL,'2015-01-23 14:11:07'),
	(5,319,2,112,1,'ok',NULL,NULL,'2015-01-23 14:20:20'),
	(6,321,2,112,1,NULL,NULL,NULL,'2015-01-24 15:55:34'),
	(7,321,2,112,5,NULL,2,NULL,'2015-01-24 15:55:35'),
	(8,322,2,112,1,'打算',NULL,NULL,'2015-01-24 15:55:50'),
	(9,323,2,112,1,'dsa',NULL,NULL,'2015-01-24 16:35:25'),
	(10,324,2,112,5,NULL,5,115,'2015-01-24 16:48:22'),
	(11,324,2,112,6,'',2,112,'2015-01-24 16:50:53'),
	(12,324,2,112,5,NULL,5,115,'2015-01-24 16:52:05'),
	(13,324,5,115,1,'通过',NULL,NULL,'2015-01-24 16:55:49'),
	(14,324,5,115,5,NULL,2,NULL,'2015-01-24 16:55:56'),
	(15,325,2,112,1,'通过',NULL,NULL,'2015-01-24 16:57:41'),
	(16,326,2,112,1,'通过',NULL,NULL,'2015-01-24 17:19:52'),
	(17,328,2,112,1,'ad',NULL,NULL,'2015-01-24 22:09:43'),
	(18,329,2,112,1,'1',NULL,NULL,'2015-01-24 22:32:16'),
	(19,330,2,112,1,NULL,NULL,NULL,'2015-01-26 09:48:32'),
	(20,330,2,112,5,NULL,2,NULL,'2015-01-26 09:48:32'),
	(21,322,2,112,1,'sa',NULL,NULL,'2015-01-26 09:48:41'),
	(22,332,2,112,1,'sda',NULL,NULL,'2015-01-26 09:49:46'),
	(23,333,2,112,1,'dsa',NULL,NULL,'2015-01-26 09:51:52'),
	(24,334,2,112,1,'das',NULL,NULL,'2015-01-26 09:53:03'),
	(25,335,2,112,1,'dsa',NULL,NULL,'2015-01-26 10:04:37'),
	(26,337,2,112,1,'f',NULL,NULL,'2015-01-26 10:19:04'),
	(27,338,2,112,1,NULL,NULL,NULL,'2015-01-26 11:19:48'),
	(28,338,2,112,5,NULL,2,NULL,'2015-01-26 11:19:48'),
	(29,339,2,112,1,'dsa',NULL,NULL,'2015-01-26 11:20:13'),
	(30,340,2,112,1,'dsa',NULL,NULL,'2015-01-26 11:21:04'),
	(31,341,2,112,1,'ds',NULL,NULL,'2015-01-26 11:22:54'),
	(32,343,2,112,1,'ss',NULL,NULL,'2015-01-26 11:25:10'),
	(33,344,2,112,1,'dsa',NULL,NULL,'2015-01-26 11:28:53'),
	(34,346,2,112,1,NULL,NULL,NULL,'2015-01-26 13:14:34'),
	(35,346,2,112,5,NULL,2,NULL,'2015-01-26 13:14:34'),
	(36,347,2,112,1,'ds',NULL,NULL,'2015-01-26 13:14:50'),
	(37,348,2,112,1,'2',NULL,NULL,'2015-01-26 13:15:59'),
	(38,349,2,112,1,'ds',NULL,NULL,'2015-01-26 13:17:58'),
	(39,350,2,112,1,'asd',NULL,NULL,'2015-01-26 13:19:03'),
	(40,351,2,112,1,'打算',NULL,NULL,'2015-01-26 13:23:58'),
	(41,352,2,112,1,'21',NULL,NULL,'2015-01-26 13:45:04'),
	(42,336,2,112,1,'da',NULL,NULL,'2015-01-26 13:50:28'),
	(43,354,2,112,1,'d',NULL,NULL,'2015-01-27 18:36:30'),
	(44,354,2,112,5,NULL,2,NULL,'2015-01-27 18:36:39'),
	(45,331,2,112,3,'f',2,112,'2015-01-27 18:36:51'),
	(46,356,2,112,5,NULL,5,115,'2015-01-27 18:38:34'),
	(47,357,2,112,1,NULL,NULL,NULL,'2015-01-28 14:03:24'),
	(48,357,2,112,5,NULL,2,NULL,'2015-01-28 14:03:24'),
	(49,358,2,112,1,'12',NULL,NULL,'2015-01-28 14:04:01'),
	(50,359,2,112,1,'d',NULL,NULL,'2015-01-28 14:30:24'),
	(51,360,2,112,1,'通过',NULL,NULL,'2015-01-29 14:13:59'),
	(52,355,2,112,1,'撒旦',NULL,NULL,'2015-01-29 16:40:01'),
	(53,364,2,112,1,NULL,NULL,NULL,'2015-01-29 17:10:29'),
	(54,364,2,112,5,NULL,2,NULL,'2015-01-29 17:10:29'),
	(55,365,2,112,1,'打算',NULL,NULL,'2015-01-29 17:10:42'),
	(56,366,2,112,1,'撒旦',NULL,NULL,'2015-01-29 17:11:12'),
	(57,367,2,112,1,NULL,NULL,NULL,'2015-01-29 20:38:17'),
	(58,367,2,112,5,NULL,2,NULL,'2015-01-29 20:38:17'),
	(59,368,2,112,1,'111',NULL,NULL,'2015-01-29 20:39:28'),
	(60,369,2,112,1,NULL,NULL,NULL,'2015-01-29 20:48:04'),
	(61,369,2,112,5,NULL,2,NULL,'2015-01-29 20:48:04'),
	(62,370,2,112,1,'dsa',NULL,NULL,'2015-01-29 20:48:14'),
	(63,371,2,112,1,'sda',NULL,NULL,'2015-01-29 20:48:44'),
	(64,372,2,112,1,NULL,NULL,NULL,'2015-01-29 20:51:03'),
	(65,372,2,112,5,NULL,2,NULL,'2015-01-29 20:51:03'),
	(66,373,2,112,1,'dsa',NULL,NULL,'2015-01-29 20:51:11'),
	(67,374,2,112,1,'sdaf',NULL,NULL,'2015-01-29 20:52:04'),
	(68,375,2,112,1,'打算',NULL,NULL,'2015-01-29 21:07:15'),
	(69,376,2,112,1,'打算',NULL,NULL,'2015-01-29 21:07:41'),
	(70,381,2,112,1,NULL,NULL,NULL,'2015-01-30 14:01:12'),
	(71,381,2,112,5,NULL,2,NULL,'2015-01-30 14:01:12'),
	(72,382,2,112,1,'sad',NULL,NULL,'2015-01-30 14:01:37'),
	(73,383,2,112,1,'撒旦',NULL,NULL,'2015-01-30 14:02:44'),
	(74,384,2,112,1,'打算',NULL,NULL,'2015-01-30 14:03:39'),
	(75,385,2,112,1,'打算',NULL,NULL,'2015-01-30 14:04:35'),
	(76,380,2,112,1,NULL,NULL,NULL,'2015-01-30 20:58:33'),
	(77,380,2,112,5,NULL,2,NULL,'2015-01-30 20:58:33'),
	(78,391,2,112,1,'das',NULL,NULL,'2015-01-30 21:00:41'),
	(79,392,2,112,1,'dsa',NULL,NULL,'2015-01-30 21:01:47'),
	(80,393,2,112,1,'das',NULL,NULL,'2015-01-30 21:03:19'),
	(81,394,2,112,1,'ds',NULL,NULL,'2015-01-30 21:04:10'),
	(82,378,2,112,5,NULL,5,115,'2015-01-31 16:08:48'),
	(83,378,2,112,6,'',2,112,'2015-01-31 16:08:52'),
	(84,378,2,112,1,NULL,NULL,NULL,'2015-01-31 16:09:14'),
	(85,378,2,112,5,NULL,2,NULL,'2015-01-31 16:09:14'),
	(86,378,2,112,6,'',2,112,'2015-01-31 16:09:20'),
	(87,378,2,112,1,NULL,NULL,NULL,'2015-01-31 16:15:33'),
	(88,378,2,112,5,NULL,2,NULL,'2015-01-31 16:15:33'),
	(89,378,2,112,6,'',2,112,'2015-01-31 16:15:37'),
	(90,378,2,112,1,NULL,NULL,NULL,'2015-01-31 16:16:13'),
	(91,378,2,112,5,NULL,2,NULL,'2015-01-31 16:16:13'),
	(92,378,2,112,6,'',2,112,'2015-01-31 16:17:33'),
	(93,378,2,112,1,NULL,NULL,NULL,'2015-01-31 16:17:39'),
	(94,378,2,112,5,NULL,2,NULL,'2015-01-31 16:17:39'),
	(95,378,2,112,6,'',2,112,'2015-01-31 16:17:42'),
	(96,378,2,112,1,NULL,NULL,NULL,'2015-01-31 16:18:43'),
	(97,378,2,112,5,NULL,2,NULL,'2015-01-31 16:18:43'),
	(98,400,2,112,1,NULL,NULL,NULL,'2015-01-31 16:20:40'),
	(99,400,2,112,1,NULL,NULL,NULL,'2015-01-31 16:20:40'),
	(100,400,2,112,1,NULL,NULL,NULL,'2015-01-31 16:20:40'),
	(101,400,2,112,1,NULL,NULL,NULL,'2015-01-31 16:20:40'),
	(102,400,2,112,1,NULL,NULL,NULL,'2015-01-31 16:20:40'),
	(103,400,2,112,1,NULL,NULL,NULL,'2015-01-31 16:20:40'),
	(104,400,2,112,5,NULL,2,NULL,'2015-01-31 16:20:40'),
	(105,400,2,112,5,NULL,2,NULL,'2015-01-31 16:20:40'),
	(106,400,2,112,5,NULL,2,NULL,'2015-01-31 16:20:40'),
	(107,400,2,112,5,NULL,2,NULL,'2015-01-31 16:20:40'),
	(108,405,2,112,1,NULL,NULL,NULL,'2015-01-31 16:26:20'),
	(109,405,2,112,5,NULL,2,NULL,'2015-01-31 16:26:20'),
	(110,401,2,112,2,'测试',NULL,NULL,'2015-01-31 16:37:16'),
	(111,407,2,112,1,NULL,NULL,NULL,'2015-01-31 16:41:28'),
	(112,407,2,112,5,NULL,2,NULL,'2015-01-31 16:41:28'),
	(113,408,2,112,1,'1111',NULL,NULL,'2015-01-31 16:41:43'),
	(114,409,2,112,1,'111',NULL,NULL,'2015-01-31 16:53:01'),
	(115,410,2,112,1,'111',NULL,NULL,'2015-01-31 17:34:31'),
	(116,388,2,112,1,'jQuery18209489454489666969_1422865173305??',NULL,NULL,'2015-02-02 16:20:17'),
	(117,386,2,112,1,'jQuery182026734739006496966_1422865257042?',NULL,NULL,'2015-02-02 16:21:40'),
	(118,406,2,112,1,'tongyi',NULL,NULL,'2015-02-02 17:42:44'),
	(119,412,2,112,1,'同意',NULL,NULL,'2015-02-03 16:51:06'),
	(120,413,2,112,1,NULL,NULL,NULL,'2015-02-07 18:06:45'),
	(121,413,2,112,5,NULL,2,NULL,'2015-02-07 18:06:46'),
	(122,414,2,112,1,'da',NULL,NULL,'2015-02-07 18:06:54'),
	(123,415,2,112,1,'dsa',NULL,NULL,'2015-02-07 18:07:48'),
	(124,416,2,112,5,NULL,5,116,'2015-02-08 09:53:35'),
	(125,416,5,116,1,'11',NULL,NULL,'2015-02-08 09:54:17'),
	(126,416,5,116,5,NULL,2,NULL,'2015-02-08 09:54:27'),
	(127,377,2,112,1,NULL,NULL,NULL,'2015-02-08 10:57:59'),
	(128,377,2,112,5,NULL,2,NULL,'2015-02-08 10:57:59'),
	(129,419,2,112,1,'111',NULL,NULL,'2015-02-08 10:58:17'),
	(130,356,5,115,1,'das',NULL,NULL,'2015-02-08 17:28:53'),
	(131,356,5,115,5,NULL,2,NULL,'2015-02-08 17:29:06'),
	(132,420,2,112,3,'dsa',5,115,'2015-02-08 17:29:43');

/*!40000 ALTER TABLE `abc_review_op_log` ENABLE KEYS */;
UNLOCK TABLES;


# Dump of table abc_review_send_log
# ------------------------------------------------------------

DROP TABLE IF EXISTS `abc_review_send_log`;

CREATE TABLE `abc_review_send_log` (
  `rsl_id` int(11) NOT NULL AUTO_INCREMENT COMMENT '主键',
  `rsl_review_id` int(11) DEFAULT NULL COMMENT '相关的ReviewID',
  `rsl_review_version` int(11) DEFAULT NULL COMMENT '此次发送时相关审核的版本号',
  `rsl_prev_id` int(11) DEFAULT NULL COMMENT '上一条发送记录ID',
  `rsl_from_role` int(11) DEFAULT NULL COMMENT '发送方角色',
  `rsl_from_emp` int(11) DEFAULT NULL COMMENT '发送方员工ID',
  `rsl_to_role` int(11) DEFAULT NULL COMMENT '接收方角色',
  `rsl_to_emp` int(11) DEFAULT NULL COMMENT '接收方员工ID',
  `rsl_next_review_id` int(11) DEFAULT NULL COMMENT '如果此次发送涉及到审核改变，改变后的ReviewID',
  `rsl_create_time` datetime DEFAULT NULL COMMENT '创建时间',
  `rsl_update_time` datetime DEFAULT NULL COMMENT '更新时间',
  PRIMARY KEY (`rsl_id`)
) ENGINE=InnoDB DEFAULT CHARSET=utf8;

LOCK TABLES `abc_review_send_log` WRITE;
/*!40000 ALTER TABLE `abc_review_send_log` DISABLE KEYS */;

INSERT INTO `abc_review_send_log` (`rsl_id`, `rsl_review_id`, `rsl_review_version`, `rsl_prev_id`, `rsl_from_role`, `rsl_from_emp`, `rsl_to_role`, `rsl_to_emp`, `rsl_next_review_id`, `rsl_create_time`, `rsl_update_time`)
VALUES
	(1,317,2,-1,2,112,5,115,317,'2015-01-23 13:34:54','2015-01-23 13:34:54'),
	(2,317,5,1,5,115,2,NULL,318,'2015-01-23 14:05:18','2015-01-23 14:05:18'),
	(3,321,2,-1,2,112,2,NULL,322,'2015-01-24 15:55:35','2015-01-24 15:55:35'),
	(4,324,3,-1,2,112,5,115,324,'2015-01-24 16:48:22','2015-01-24 16:48:22'),
	(5,324,5,-1,2,112,5,115,324,'2015-01-24 16:52:05','2015-01-24 16:52:05'),
	(6,324,7,5,5,115,2,NULL,325,'2015-01-24 16:55:56','2015-01-24 16:55:56'),
	(7,330,2,-1,2,112,2,NULL,331,'2015-01-26 09:48:32','2015-01-26 09:48:32'),
	(8,338,2,-1,2,112,2,NULL,339,'2015-01-26 11:19:48','2015-01-26 11:19:48'),
	(9,346,2,-1,2,112,2,NULL,347,'2015-01-26 13:14:34','2015-01-26 13:14:34'),
	(10,354,4,-1,2,112,2,NULL,355,'2015-01-27 18:36:39','2015-01-27 18:36:39'),
	(11,356,3,-1,2,112,5,115,356,'2015-01-27 18:38:34','2015-01-27 18:38:34'),
	(12,357,2,-1,2,112,2,NULL,358,'2015-01-28 14:03:24','2015-01-28 14:03:24'),
	(13,1,4,99,2,2,5,3,5,'2015-01-28 15:18:11','2015-01-28 15:18:11'),
	(14,364,2,-1,2,112,2,NULL,365,'2015-01-29 17:10:29','2015-01-29 17:10:29'),
	(15,367,2,-1,2,112,2,NULL,368,'2015-01-29 20:38:17','2015-01-29 20:38:17'),
	(16,369,2,-1,2,112,2,NULL,370,'2015-01-29 20:48:04','2015-01-29 20:48:04'),
	(17,372,2,-1,2,112,2,NULL,373,'2015-01-29 20:51:03','2015-01-29 20:51:03'),
	(18,381,2,-1,2,112,2,NULL,382,'2015-01-30 14:01:12','2015-01-30 14:01:12'),
	(19,380,2,-1,2,112,2,NULL,391,'2015-01-30 20:58:33','2015-01-30 20:58:33'),
	(20,378,2,-1,2,112,5,115,378,'2015-01-31 16:08:48','2015-01-31 16:08:48'),
	(21,378,4,-1,2,112,2,NULL,395,'2015-01-31 16:09:14','2015-01-31 16:09:14'),
	(22,378,7,-1,2,112,2,NULL,396,'2015-01-31 16:15:33','2015-01-31 16:15:33'),
	(23,378,10,-1,2,112,2,NULL,397,'2015-01-31 16:16:13','2015-01-31 16:16:13'),
	(24,378,13,-1,2,112,2,NULL,398,'2015-01-31 16:17:39','2015-01-31 16:17:39'),
	(25,378,16,-1,2,112,2,NULL,399,'2015-01-31 16:18:43','2015-01-31 16:18:43'),
	(26,400,2,-1,2,112,2,NULL,401,'2015-01-31 16:20:40','2015-01-31 16:20:40'),
	(27,400,2,-1,2,112,2,NULL,402,'2015-01-31 16:20:40','2015-01-31 16:20:40'),
	(28,400,2,-1,2,112,2,NULL,403,'2015-01-31 16:20:40','2015-01-31 16:20:40'),
	(29,400,2,-1,2,112,2,NULL,404,'2015-01-31 16:20:40','2015-01-31 16:20:41'),
	(30,405,2,-1,2,112,2,NULL,406,'2015-01-31 16:26:20','2015-01-31 16:26:20'),
	(31,407,2,-1,2,112,2,NULL,408,'2015-01-31 16:41:28','2015-01-31 16:41:28'),
	(32,1,4,99,2,2,5,3,5,'2015-02-02 17:49:02','2015-02-02 17:49:02'),
	(33,1,4,99,2,2,5,3,5,'2015-02-02 18:11:34','2015-02-02 18:11:34'),
	(34,413,2,-1,2,112,2,NULL,414,'2015-02-07 18:06:46','2015-02-07 18:06:46'),
	(35,416,2,-1,2,112,5,116,416,'2015-02-08 09:53:35','2015-02-08 09:53:35'),
	(36,416,4,35,5,116,2,NULL,417,'2015-02-08 09:54:27','2015-02-08 09:54:27'),
	(37,377,2,-1,2,112,2,NULL,419,'2015-02-08 10:57:59','2015-02-08 10:57:59'),
	(38,356,5,11,5,115,2,NULL,420,'2015-02-08 17:29:07','2015-02-08 17:29:07');

/*!40000 ALTER TABLE `abc_review_send_log` ENABLE KEYS */;
UNLOCK TABLES;


# Dump of table abc_review_send_status
# ------------------------------------------------------------

DROP TABLE IF EXISTS `abc_review_send_status`;

CREATE TABLE `abc_review_send_status` (
  `rss_id` int(11) NOT NULL AUTO_INCREMENT COMMENT '自增主键',
  `rss_review_id` int(11) DEFAULT NULL COMMENT '相关联的审核ID',
  `rss_send_loan_gov` int(11) DEFAULT NULL COMMENT '是否发送到小贷公司 0否 1是',
  `rss_send_guar_gov` int(11) DEFAULT NULL COMMENT '是否发送到担保机构 0否 1是',
  `rss_send_platform` int(11) DEFAULT NULL COMMENT '是否发送到平台审核 0否 1是',
  PRIMARY KEY (`rss_id`)
) ENGINE=InnoDB DEFAULT CHARSET=utf8;

LOCK TABLES `abc_review_send_status` WRITE;
/*!40000 ALTER TABLE `abc_review_send_status` DISABLE KEYS */;

INSERT INTO `abc_review_send_status` (`rss_id`, `rss_review_id`, `rss_send_loan_gov`, `rss_send_guar_gov`, `rss_send_platform`)
VALUES
	(1,317,0,1,1),
	(2,321,0,0,1),
	(3,324,0,1,1),
	(4,330,0,0,0),
	(5,338,0,0,1),
	(6,346,0,0,1),
	(7,354,0,0,1),
	(8,356,0,1,0),
	(9,357,0,0,1),
	(10,364,0,0,1),
	(11,367,0,0,1),
	(12,369,0,0,1),
	(13,372,0,0,1),
	(14,381,0,0,1),
	(15,380,0,0,1),
	(16,378,0,0,1),
	(17,400,0,0,1),
	(18,400,0,0,1),
	(19,400,0,0,1),
	(20,400,0,0,1),
	(21,405,0,0,1),
	(22,407,0,0,1),
	(23,413,0,0,1),
	(24,416,0,1,1),
	(25,377,0,0,1);

/*!40000 ALTER TABLE `abc_review_send_status` ENABLE KEYS */;
UNLOCK TABLES;


# Dump of table abc_role
# ------------------------------------------------------------

DROP TABLE IF EXISTS `abc_role`;

CREATE TABLE `abc_role` (
  `role_id` int(11) NOT NULL AUTO_INCREMENT COMMENT '主键，自增',
  `role_name` varchar(20) COLLATE utf8_bin NOT NULL COMMENT '角色名称',
  `role_default` int(11) DEFAULT '0',
  `role_sort` int(11) NOT NULL DEFAULT '0' COMMENT '角色排序',
  `role_des` varchar(50) COLLATE utf8_bin DEFAULT NULL COMMENT '备注',
  `role_createtime` datetime DEFAULT NULL COMMENT '建立时间',
  `role_modifytime` datetime DEFAULT NULL COMMENT '修改时间',
  PRIMARY KEY (`role_id`)
) ENGINE=InnoDB DEFAULT CHARSET=utf8 COLLATE=utf8_bin COMMENT='角色表';

LOCK TABLES `abc_role` WRITE;
/*!40000 ALTER TABLE `abc_role` DISABLE KEYS */;

INSERT INTO `abc_role` (`role_id`, `role_name`, `role_default`, `role_sort`, `role_des`, `role_createtime`, `role_modifytime`)
VALUES
	(1,X'E79086E8B4A2E7BB8FE79086',0,0,NULL,'2014-12-11 10:27:54',NULL),
	(2,X'E5B9B3E58FB0E5AEA2E69C8D',0,0,NULL,'2014-12-11 10:28:17',NULL),
	(3,X'E5B9B3E58FB0E8B4A2E58AA1',0,0,NULL,'2014-12-11 10:28:36',NULL),
	(4,X'E5809FE8B4B7E69CBAE69E84',0,0,NULL,'2014-12-11 10:28:50',NULL),
	(5,X'E68B85E4BF9DE69CBAE69E84',0,0,NULL,'2014-12-11 10:29:01',NULL),
	(6,X'E7AEA1E79086E59198',1,2,NULL,'2014-11-19 16:54:07',NULL),
	(7,X'E6B58BE8AF95E8A792E889B2',NULL,0,NULL,'2015-01-28 15:18:11',NULL),
	(8,X'E6B58BE8AF95E8A792E889B2',NULL,0,NULL,'2015-02-02 17:49:02',NULL),
	(9,X'E6B58BE8AF95E8A792E889B2',NULL,0,NULL,'2015-02-02 18:11:34',NULL);

/*!40000 ALTER TABLE `abc_role` ENABLE KEYS */;
UNLOCK TABLES;


# Dump of table abc_role_btn
# ------------------------------------------------------------

DROP TABLE IF EXISTS `abc_role_btn`;

CREATE TABLE `abc_role_btn` (
  `rbt_id` int(11) NOT NULL AUTO_INCREMENT COMMENT '主键自增',
  `role_id` int(11) NOT NULL COMMENT 'abc_role外键',
  `btn_id` int(11) NOT NULL COMMENT 'abc_btn外键',
  `menu_id` int(11) NOT NULL COMMENT 'abc_menu外键',
  PRIMARY KEY (`rbt_id`)
) ENGINE=InnoDB DEFAULT CHARSET=utf8 COLLATE=utf8_bin COMMENT='角色按钮表';

LOCK TABLES `abc_role_btn` WRITE;
/*!40000 ALTER TABLE `abc_role_btn` DISABLE KEYS */;

INSERT INTO `abc_role_btn` (`rbt_id`, `role_id`, `btn_id`, `menu_id`)
VALUES
	(19537,1,163,128),
	(19538,1,138,66),
	(19539,1,138,138),
	(19540,1,138,76),
	(19541,1,138,77),
	(19542,1,138,126),
	(19543,1,138,79),
	(19563,5,138,117),
	(19564,5,147,117),
	(19565,5,158,117),
	(19566,5,159,117),
	(19567,5,162,117),
	(19568,5,163,117),
	(19569,5,172,117),
	(19570,5,193,117),
	(19571,5,194,117),
	(19572,5,138,138),
	(19573,5,162,80),
	(19574,5,163,80),
	(19575,5,138,66),
	(19576,5,138,76),
	(19577,5,138,43),
	(19578,5,138,78),
	(19579,5,138,79),
	(19580,3,138,102),
	(19581,3,147,102),
	(19582,3,162,102),
	(19583,3,163,119),
	(19584,3,138,138),
	(19585,3,138,81),
	(19586,3,138,66),
	(19587,3,138,113),
	(19588,3,163,113),
	(19589,3,180,113),
	(19590,3,138,96),
	(19591,3,138,112),
	(19592,3,163,112),
	(19593,3,180,112),
	(19594,3,138,82),
	(19595,3,163,82),
	(19596,3,138,93),
	(19597,3,138,111),
	(19598,3,163,111),
	(19599,3,180,111),
	(19600,3,138,74),
	(19601,3,139,74),
	(19602,3,140,74),
	(19603,3,141,74),
	(19638,4,147,118),
	(19639,4,158,118),
	(19640,4,159,118),
	(19641,4,162,118),
	(19642,4,163,118),
	(19643,4,172,118),
	(19644,4,192,118),
	(19645,4,193,118),
	(19646,4,194,118),
	(19647,4,138,138),
	(19648,4,138,116),
	(19649,4,138,71),
	(19650,4,162,71),
	(19651,4,174,71),
	(19652,4,184,71),
	(19653,4,189,71),
	(19654,4,139,115),
	(19655,4,140,115),
	(19656,4,141,115),
	(19657,4,158,115),
	(19658,4,162,115),
	(19659,4,163,115),
	(19660,4,172,115),
	(19661,4,192,115),
	(19662,4,194,115),
	(19663,4,138,114),
	(19664,4,162,80),
	(19665,4,163,80),
	(19666,4,138,66),
	(19667,4,138,76),
	(19668,4,138,43),
	(19669,4,138,78),
	(19670,4,138,79),
	(20095,2,147,136),
	(20096,2,162,136),
	(20097,2,163,136),
	(20098,2,138,139),
	(20099,2,138,138),
	(20100,2,138,141),
	(20101,2,138,140),
	(20102,2,138,143),
	(20103,2,138,142),
	(20104,2,138,129),
	(20105,2,138,131),
	(20106,2,147,131),
	(20107,2,162,131),
	(20108,2,163,131),
	(20109,2,138,135),
	(20110,2,147,134),
	(20111,2,162,134),
	(20112,2,163,134),
	(20113,2,172,134),
	(20114,2,138,26),
	(20115,2,139,26),
	(20116,2,140,26),
	(20117,2,138,38),
	(20118,2,147,39),
	(20119,2,162,39),
	(20120,2,163,39),
	(20121,2,172,39),
	(20122,2,139,36),
	(20123,2,140,36),
	(20124,2,141,36),
	(20125,2,163,36),
	(20126,2,140,42),
	(20127,2,162,42),
	(20128,2,163,42),
	(20129,2,138,43),
	(20130,2,138,40),
	(20131,2,138,47),
	(20132,2,139,44),
	(20133,2,140,44),
	(20134,2,141,44),
	(20135,2,162,44),
	(20136,2,163,44),
	(20137,2,147,45),
	(20138,2,158,45),
	(20139,2,159,45),
	(20140,2,162,45),
	(20141,2,163,45),
	(20142,2,172,45),
	(20143,2,147,51),
	(20144,2,158,51),
	(20145,2,162,51),
	(20146,2,163,51),
	(20147,2,172,51),
	(20148,2,192,51),
	(20149,2,193,51),
	(20150,2,194,51),
	(20151,2,138,50),
	(20152,2,147,49),
	(20153,2,162,49),
	(20154,2,163,49),
	(20155,2,172,49),
	(20156,2,147,48),
	(20157,2,162,48),
	(20158,2,163,48),
	(20159,2,172,48),
	(20160,2,139,59),
	(20161,2,140,59),
	(20162,2,141,59),
	(20163,2,162,59),
	(20164,2,163,59),
	(20165,2,175,59),
	(20166,2,176,59),
	(20167,2,190,59),
	(20168,2,139,63),
	(20169,2,140,63),
	(20170,2,141,63),
	(20171,2,162,63),
	(20172,2,138,62),
	(20173,2,139,68),
	(20174,2,140,68),
	(20175,2,141,68),
	(20176,2,162,68),
	(20177,2,163,68),
	(20178,2,139,69),
	(20179,2,147,70),
	(20180,2,162,70),
	(20181,2,163,70),
	(20182,2,172,70),
	(20183,2,138,71),
	(20184,2,162,71),
	(20185,2,174,71),
	(20186,2,184,71),
	(20187,2,189,71),
	(20188,2,138,66),
	(20189,2,138,67),
	(20190,2,138,72),
	(20191,2,139,72),
	(20192,2,140,72),
	(20193,2,141,72),
	(20194,2,138,73),
	(20195,2,147,73),
	(20196,2,163,73),
	(20197,2,172,73),
	(20198,2,138,75),
	(20199,2,138,85),
	(20200,2,147,84),
	(20201,2,162,84),
	(20202,2,163,84),
	(20203,2,138,87),
	(20204,2,163,86),
	(20205,2,139,92),
	(20206,2,140,92),
	(20207,2,141,92),
	(20208,2,163,92),
	(20209,2,177,92),
	(20210,2,196,92),
	(20211,2,139,95),
	(20212,2,140,95),
	(20213,2,141,95),
	(20214,2,162,95),
	(20215,2,163,95),
	(20216,2,147,94),
	(20217,2,162,94),
	(20218,2,163,94),
	(20219,2,142,89),
	(20220,2,162,89),
	(20221,2,163,89),
	(20222,2,206,89),
	(20223,2,142,88),
	(20224,2,159,88),
	(20225,2,162,88),
	(20226,2,163,88),
	(20227,2,196,88),
	(20228,2,204,88),
	(20229,2,138,91),
	(20230,2,142,90),
	(20231,2,162,90),
	(20232,2,163,90),
	(20233,2,147,110),
	(20234,2,162,110),
	(20235,2,163,110),
	(20236,2,172,110),
	(20237,2,138,108),
	(20238,2,147,109),
	(20239,2,162,109),
	(20240,2,163,109),
	(20241,2,172,109),
	(20242,2,138,106),
	(20243,2,138,107),
	(20244,2,138,116),
	(20245,2,139,115),
	(20246,2,140,115),
	(20247,2,141,115),
	(20248,2,158,115),
	(20249,2,162,115),
	(20250,2,163,115),
	(20251,2,172,115),
	(20252,2,192,115),
	(20253,2,194,115),
	(20254,2,138,114),
	(20255,1,1,1),
	(20256,1,1,1),
	(20257,1,1,1),
	(20258,6,138,64),
	(20259,6,138,66),
	(20260,6,139,41),
	(20261,6,140,41),
	(20262,6,141,41),
	(20263,6,162,41),
	(20264,6,163,41),
	(20265,6,175,41),
	(20266,6,176,41),
	(20267,6,190,41),
	(20268,6,139,19),
	(20269,6,140,19),
	(20270,6,141,19),
	(20271,6,151,19),
	(20272,6,138,18),
	(20273,6,139,20),
	(20274,6,140,20),
	(20275,6,141,20),
	(20276,6,149,20),
	(20277,6,139,53),
	(20278,6,140,53),
	(20279,6,141,53),
	(20280,6,198,53),
	(20281,6,138,144),
	(20282,6,139,58),
	(20283,6,140,58),
	(20284,6,141,58),
	(20285,6,163,58),
	(20286,6,139,125),
	(20287,6,140,125),
	(20288,6,141,125),
	(20289,6,138,124),
	(20290,6,138,123),
	(20291,6,138,122),
	(20292,6,138,121),
	(20293,6,139,60),
	(20294,6,140,60),
	(20295,6,141,60),
	(20296,6,163,60),
	(20297,6,138,120);

/*!40000 ALTER TABLE `abc_role_btn` ENABLE KEYS */;
UNLOCK TABLES;


# Dump of table abc_role_log
# ------------------------------------------------------------

DROP TABLE IF EXISTS `abc_role_log`;

CREATE TABLE `abc_role_log` (
  `al_id` int(11) NOT NULL AUTO_INCREMENT,
  `emp_id` int(11) NOT NULL COMMENT '操作人  abc_employee外键',
  `menu_id` int(11) NOT NULL COMMENT '被操作的menu  abc_menu外键',
  `btn_id` int(11) NOT NULL COMMENT '被操作的btn   abc_btn外键',
  `role_id` int(11) NOT NULL COMMENT '被操作角色 abc_role外键',
  `operat_before` varchar(100) COLLATE utf8_bin DEFAULT NULL,
  `operat_after` varchar(100) COLLATE utf8_bin DEFAULT NULL,
  `operat_time` datetime NOT NULL,
  PRIMARY KEY (`al_id`)
) ENGINE=InnoDB DEFAULT CHARSET=utf8 COLLATE=utf8_bin COMMENT='权限授予资料表';



# Dump of table abc_scene_prove
# ------------------------------------------------------------

DROP TABLE IF EXISTS `abc_scene_prove`;

CREATE TABLE `abc_scene_prove` (
  `sp_id` int(11) NOT NULL AUTO_INCREMENT,
  `sp_user_id` int(11) DEFAULT NULL COMMENT '用户ID 关联user表',
  `sp_apply_date` datetime DEFAULT NULL COMMENT '申请日期',
  `sp_note` varchar(512) COLLATE utf8_bin DEFAULT NULL COMMENT '备注',
  `sp_prove_state` tinyint(1) DEFAULT NULL COMMENT '审核状态	0：待审核 1：审核已通过 2：审核未通过',
  PRIMARY KEY (`sp_id`)
) ENGINE=InnoDB DEFAULT CHARSET=utf8 COLLATE=utf8_bin ROW_FORMAT=COMPACT COMMENT='现场认证申请表';



# Dump of table abc_score
# ------------------------------------------------------------

DROP TABLE IF EXISTS `abc_score`;

CREATE TABLE `abc_score` (
  `score_id` int(11) NOT NULL AUTO_INCREMENT,
  `score_name` varchar(50) COLLATE utf8_bin DEFAULT NULL COMMENT '积分名称',
  `score_code` varchar(50) COLLATE utf8_bin DEFAULT NULL COMMENT '积分代码',
  `score_value` int(11) DEFAULT NULL COMMENT '积分值',
  `score_createtime` datetime DEFAULT NULL COMMENT '积分创建时间',
  `score_state` tinyint(1) DEFAULT '1' COMMENT '积分状态 0：禁用 1：启用 2：已删除',
  PRIMARY KEY (`score_id`)
) ENGINE=InnoDB DEFAULT CHARSET=utf8 COLLATE=utf8_bin ROW_FORMAT=COMPACT COMMENT='积分类型表';

LOCK TABLES `abc_score` WRITE;
/*!40000 ALTER TABLE `abc_score` DISABLE KEYS */;

INSERT INTO `abc_score` (`score_id`, `score_name`, `score_code`, `score_value`, `score_createtime`, `score_state`)
VALUES
	(1,X'E98280E8AFB7E68EA8E88D90',X'7971746A',10,'2014-11-26 10:56:26',1),
	(2,X'E8BF98E6ACBEE7BB93E6B885',X'686B6A71',15,'2014-11-26 10:56:44',1),
	(3,X'E5BCBAE588B6E8BF98E6ACBE',X'717A686B',5,'2014-11-22 15:59:16',1),
	(4,X'E7B3BBE7BB9FE4BBA3E8BF98',X'78746468',-10,'2014-11-26 10:57:40',1),
	(5,X'E6ADA3E5B8B8E8BF98E6ACBE',X'7A63686B',10,'2014-11-26 10:59:50',1),
	(6,X'E580BAE69D83E694B6E8B4AD',X'7A717367',5,'2014-11-26 10:59:53',1),
	(7,X'E580BAE69D83E8BDACE8AEA9',X'7A717A72',-5,'2014-11-26 10:59:55',1),
	(8,X'E9A1B9E79BAEE68A95E8B584',X'786D747A',10,'2014-11-26 10:59:56',1),
	(9,X'E993B6E8A18CE7BB91E58DA1',X'7968626B',5,'2014-11-26 10:59:57',1),
	(10,X'E8B4A6E688B7E5BC80E688B7',X'7A686B68',5,'2014-11-26 10:59:59',1);

/*!40000 ALTER TABLE `abc_score` ENABLE KEYS */;
UNLOCK TABLES;


# Dump of table abc_score_config
# ------------------------------------------------------------

DROP TABLE IF EXISTS `abc_score_config`;

CREATE TABLE `abc_score_config` (
  `sc_id` int(11) NOT NULL AUTO_INCREMENT,
  `sc_max_score` decimal(18,2) DEFAULT NULL COMMENT '兑换积分',
  `sc_score_pic` varchar(512) COLLATE utf8_bin DEFAULT NULL COMMENT '积分兑换图片',
  `sc_score_cash` decimal(10,2) DEFAULT NULL COMMENT '积分兑换金额',
  PRIMARY KEY (`sc_id`)
) ENGINE=InnoDB DEFAULT CHARSET=utf8 COLLATE=utf8_bin ROW_FORMAT=COMPACT COMMENT='积分兑换投资券设置表';

LOCK TABLES `abc_score_config` WRITE;
/*!40000 ALTER TABLE `abc_score_config` DISABLE KEYS */;

INSERT INTO `abc_score_config` (`sc_id`, `sc_max_score`, `sc_score_pic`, `sc_score_cash`)
VALUES
	(1,100.00,NULL,NULL),
	(2,500.00,NULL,NULL),
	(3,1000.00,NULL,0.00),
	(4,51.00,NULL,5.00),
	(5,9999999999999999.99,NULL,5.00),
	(6,100.90,NULL,0.00),
	(7,200.10,NULL,20.00),
	(8,190.10,NULL,19.00),
	(9,0.10,NULL,0.10),
	(10,999999999999999.00,NULL,999.00);

/*!40000 ALTER TABLE `abc_score_config` ENABLE KEYS */;
UNLOCK TABLES;


# Dump of table abc_score_history
# ------------------------------------------------------------

DROP TABLE IF EXISTS `abc_score_history`;

CREATE TABLE `abc_score_history` (
  `sh_id` int(11) NOT NULL AUTO_INCREMENT,
  `sh_user_id` int(11) DEFAULT NULL COMMENT '用户ID',
  `sh_score_id` int(11) DEFAULT NULL COMMENT '积分ID',
  `sh_createtime` datetime DEFAULT NULL COMMENT '添加时间',
  `sh_note` varchar(512) COLLATE utf8_bin DEFAULT NULL COMMENT '备注',
  PRIMARY KEY (`sh_id`)
) ENGINE=InnoDB DEFAULT CHARSET=utf8 COLLATE=utf8_bin ROW_FORMAT=COMPACT COMMENT='积分记录表';

LOCK TABLES `abc_score_history` WRITE;
/*!40000 ALTER TABLE `abc_score_history` DISABLE KEYS */;

INSERT INTO `abc_score_history` (`sh_id`, `sh_user_id`, `sh_score_id`, `sh_createtime`, `sh_note`)
VALUES
	(1,2,8,'2015-01-23 14:13:12',X'E794A8E688B7E68A95E8B584E9A1B9E79BAEEFBC8CE7B3BBE7BB9FE8B5A0E98081E794A8E688B7E7A7AFE58886'),
	(2,3,8,'2015-01-24 16:00:08',X'E794A8E688B7E68A95E8B584E9A1B9E79BAEEFBC8CE7B3BBE7BB9FE8B5A0E98081E794A8E688B7E7A7AFE58886'),
	(3,1,8,'2015-01-24 16:00:21',X'E794A8E688B7E68A95E8B584E9A1B9E79BAEEFBC8CE7B3BBE7BB9FE8B5A0E98081E794A8E688B7E7A7AFE58886'),
	(4,5,8,'2015-01-24 17:18:14',X'E794A8E688B7E68A95E8B584E9A1B9E79BAEEFBC8CE7B3BBE7BB9FE8B5A0E98081E794A8E688B7E7A7AFE58886'),
	(5,4,8,'2015-01-24 17:18:39',X'E794A8E688B7E68A95E8B584E9A1B9E79BAEEFBC8CE7B3BBE7BB9FE8B5A0E98081E794A8E688B7E7A7AFE58886'),
	(6,1,8,'2015-01-24 22:25:26',X'E794A8E688B7E68A95E8B584E9A1B9E79BAEEFBC8CE7B3BBE7BB9FE8B5A0E98081E794A8E688B7E7A7AFE58886'),
	(7,2,8,'2015-01-26 09:49:34',X'E794A8E688B7E68A95E8B584E9A1B9E79BAEEFBC8CE7B3BBE7BB9FE8B5A0E98081E794A8E688B7E7A7AFE58886'),
	(8,3,8,'2015-01-26 09:52:41',X'E794A8E688B7E68A95E8B584E9A1B9E79BAEEFBC8CE7B3BBE7BB9FE8B5A0E98081E794A8E688B7E7A7AFE58886'),
	(9,2,7,'2015-01-26 09:57:49',X'E794A8E688B7E8BDACE8AEA9E9A1B9E79BAEEFBC8CE7B3BBE7BB9FE8B5A0E98081E794A8E688B7E7A7AFE58886'),
	(10,2,8,'2015-01-26 11:20:37',X'E794A8E688B7E68A95E8B584E9A1B9E79BAEEFBC8CE7B3BBE7BB9FE8B5A0E98081E794A8E688B7E7A7AFE58886'),
	(11,3,8,'2015-01-26 11:27:35',X'E794A8E688B7E68A95E8B584E9A1B9E79BAEEFBC8CE7B3BBE7BB9FE8B5A0E98081E794A8E688B7E7A7AFE58886'),
	(12,2,7,'2015-01-26 11:38:36',X'E794A8E688B7E8BDACE8AEA9E9A1B9E79BAEEFBC8CE7B3BBE7BB9FE8B5A0E98081E794A8E688B7E7A7AFE58886'),
	(13,1,8,'2015-01-26 13:15:24',X'E794A8E688B7E68A95E8B584E9A1B9E79BAEEFBC8CE7B3BBE7BB9FE8B5A0E98081E794A8E688B7E7A7AFE58886'),
	(14,2,8,'2015-01-26 13:15:30',X'E794A8E688B7E68A95E8B584E9A1B9E79BAEEFBC8CE7B3BBE7BB9FE8B5A0E98081E794A8E688B7E7A7AFE58886'),
	(15,3,8,'2015-01-26 13:18:46',X'E794A8E688B7E68A95E8B584E9A1B9E79BAEEFBC8CE7B3BBE7BB9FE8B5A0E98081E794A8E688B7E7A7AFE58886'),
	(16,1,7,'2015-01-26 13:20:09',X'E794A8E688B7E8BDACE8AEA9E9A1B9E79BAEEFBC8CE7B3BBE7BB9FE8B5A0E98081E794A8E688B7E7A7AFE58886'),
	(17,1,8,'2015-01-28 14:26:27',X'E794A8E688B7E68A95E8B584E9A1B9E79BAEEFBC8CE7B3BBE7BB9FE8B5A0E98081E794A8E688B7E7A7AFE58886'),
	(18,1,8,'2015-01-29 17:11:00',X'E794A8E688B7E68A95E8B584E9A1B9E79BAEEFBC8CE7B3BBE7BB9FE8B5A0E98081E794A8E688B7E7A7AFE58886'),
	(19,1,8,'2015-01-29 20:48:32',X'E794A8E688B7E68A95E8B584E9A1B9E79BAEEFBC8CE7B3BBE7BB9FE8B5A0E98081E794A8E688B7E7A7AFE58886'),
	(20,2,8,'2015-01-29 20:51:45',X'E794A8E688B7E68A95E8B584E9A1B9E79BAEEFBC8CE7B3BBE7BB9FE8B5A0E98081E794A8E688B7E7A7AFE58886'),
	(21,3,8,'2015-01-29 21:07:31',X'E794A8E688B7E68A95E8B584E9A1B9E79BAEEFBC8CE7B3BBE7BB9FE8B5A0E98081E794A8E688B7E7A7AFE58886'),
	(22,1,8,'2015-01-30 14:02:30',X'E794A8E688B7E68A95E8B584E9A1B9E79BAEEFBC8CE7B3BBE7BB9FE8B5A0E98081E794A8E688B7E7A7AFE58886'),
	(23,2,6,'2015-01-30 14:06:00',X'E794A8E688B7E694B6E8B4ADE9A1B9E79BAEEFBC8CE7B3BBE7BB9FE8B5A0E98081E794A8E688B7E7A7AFE58886'),
	(24,6,4,'2015-01-30 14:24:55',X'E5809FE6ACBEE5B7B2E8BF98E6ACBEEFBC8CE7B3BBE7BB9FE8B5A0E98081E794A8E688B7E7A7AFE58886'),
	(25,1,8,'2015-01-30 21:01:30',X'E794A8E688B7E68A95E8B584E9A1B9E79BAEEFBC8CE7B3BBE7BB9FE8B5A0E98081E794A8E688B7E7A7AFE58886'),
	(26,3,8,'2015-01-30 21:03:54',X'E794A8E688B7E68A95E8B584E9A1B9E79BAEEFBC8CE7B3BBE7BB9FE8B5A0E98081E794A8E688B7E7A7AFE58886'),
	(27,6,8,'2015-01-31 16:42:46',X'E794A8E688B7E68A95E8B584E9A1B9E79BAEEFBC8CE7B3BBE7BB9FE8B5A0E98081E794A8E688B7E7A7AFE58886'),
	(28,4,8,'2015-01-31 17:34:43',X'E794A8E688B7E68A95E8B584E9A1B9E79BAEEFBC8CE7B3BBE7BB9FE8B5A0E98081E794A8E688B7E7A7AFE58886'),
	(29,1,8,'2015-02-07 18:07:32',X'E794A8E688B7E68A95E8B584E9A1B9E79BAEEFBC8CE7B3BBE7BB9FE8B5A0E98081E794A8E688B7E7A7AFE58886'),
	(30,3,8,'2015-02-07 18:07:38',X'E794A8E688B7E68A95E8B584E9A1B9E79BAEEFBC8CE7B3BBE7BB9FE8B5A0E98081E794A8E688B7E7A7AFE58886'),
	(31,2,4,'2015-02-07 18:17:52',X'E5809FE6ACBEE5B7B2E8BF98E6ACBEEFBC8CE7B3BBE7BB9FE8B5A0E98081E794A8E688B7E7A7AFE58886');

/*!40000 ALTER TABLE `abc_score_history` ENABLE KEYS */;
UNLOCK TABLES;


# Dump of table abc_score_usage_record
# ------------------------------------------------------------

DROP TABLE IF EXISTS `abc_score_usage_record`;

CREATE TABLE `abc_score_usage_record` (
  `sur_id` int(11) NOT NULL AUTO_INCREMENT,
  `sur_user_id` int(11) DEFAULT NULL COMMENT '用户ID 关联user表',
  `sur_exchange_score` int(11) DEFAULT NULL COMMENT '兑换积分',
  `sur_exchange_cash` decimal(10,0) DEFAULT NULL COMMENT '兑换金额',
  `sur_exchange_date` datetime DEFAULT NULL COMMENT '兑现日期',
  `sur_start_date` datetime DEFAULT NULL COMMENT '有效开始日期',
  `sur_end_date` datetime DEFAULT NULL COMMENT '有效结束日期',
  `sur_use_money` decimal(10,0) DEFAULT NULL COMMENT '划转金额 即已使用金额',
  `sur_review_state` tinyint(1) DEFAULT NULL COMMENT '审核状态 0：待审核 1：审核已通过 2：审核未通过',
  `sur_score_state` tinyint(1) DEFAULT NULL COMMENT '投资券状态 0：未使用 1：已使用 2：已过期',
  PRIMARY KEY (`sur_id`)
) ENGINE=InnoDB DEFAULT CHARSET=utf8 COLLATE=utf8_bin ROW_FORMAT=COMPACT COMMENT='积分兑换投资券记录表';



# Dump of table abc_sys_config
# ------------------------------------------------------------

DROP TABLE IF EXISTS `abc_sys_config`;

CREATE TABLE `abc_sys_config` (
  `conf_id` int(11) NOT NULL AUTO_INCREMENT COMMENT '自增id',
  `conf_key` varchar(128) NOT NULL DEFAULT '' COMMENT '键名，对应SysConfig枚举',
  `conf_value` text COMMENT '值',
  `conf_desc` text COMMENT '描述',
  `conf_create_time` datetime NOT NULL COMMENT '创建时间',
  `conf_modify_time` datetime NOT NULL COMMENT '修改时间',
  `conf_name` varchar(128) DEFAULT NULL COMMENT '参数名称',
  PRIMARY KEY (`conf_id`)
) ENGINE=InnoDB DEFAULT CHARSET=utf8 COMMENT='系统配置表';

LOCK TABLES `abc_sys_config` WRITE;
/*!40000 ALTER TABLE `abc_sys_config` DISABLE KEYS */;

INSERT INTO `abc_sys_config` (`conf_id`, `conf_key`, `conf_value`, `conf_desc`, `conf_create_time`, `conf_modify_time`, `conf_name`)
VALUES
	(11,'EMPLOYEE_DEFAULT_PASSWORD','123456',NULL,'2014-12-11 16:21:38','2014-12-11 16:21:41',NULL),
	(12,'SMS_USER','3213','短信用户名','2014-12-11 16:24:35','2014-12-11 16:24:35',NULL),
	(42,'MAIL_SMTP_SERVER','12','SMTP服务器','2014-12-11 20:22:07','2014-12-11 20:22:07',NULL),
	(43,'MAIL_ADDRESS','tiuwer@qq.com','邮箱地址','2014-12-11 20:22:07','2014-12-11 20:22:07',NULL),
	(44,'MAIL_PASSWORD','212','邮箱密码','2014-12-11 20:22:07','2014-12-11 20:22:07',NULL),
	(45,'MAIL_SENDER_NAME','21','发件人昵称或姓名','2014-12-11 20:22:07','2014-12-11 20:22:07',NULL),
	(46,'SMS_USER','212','短信用户名','2014-12-11 20:22:27','2014-12-11 20:22:27',NULL),
	(47,'SMS_PASSWORD','212','短信密码','2014-12-11 20:22:27','2014-12-11 20:22:27',NULL),
	(48,'SHUTDOWN_SITE','1','关闭站点','2014-12-12 11:24:00','2014-12-12 11:24:00',NULL),
	(49,'SHUTDOWN_INFO','1','网站关闭信息','2014-12-12 11:24:00','2014-12-12 11:24:00',NULL),
	(50,'MIN_CREDIT_LIMIT','2','起始最低信用额度','2014-12-12 11:24:00','2014-12-12 11:24:00',NULL),
	(51,'PUNISH_INTEREST_RATE','3','罚息利率','2014-12-12 11:24:00','2014-12-12 11:24:00',NULL),
	(52,'CONTINUE_DESIGNATED_PAY','1','上期代还未收回是否继续代还','2014-12-12 11:24:00','2014-12-12 11:24:00',NULL),
	(53,'LOAN_TRANSFER_LIMIT','','债权转让次数','2014-12-12 11:24:00','2014-12-12 11:24:00',NULL),
	(54,'LOAN_TRANSFER_DISCONT_MIN','','最小债权转让折扣','2014-12-12 11:24:00','2014-12-12 11:24:00',NULL),
	(55,'LOAN_TRANSFER_DISCONT_MAX','5','最大债权转让折扣','2014-12-12 11:24:00','2014-12-12 11:24:00',NULL),
	(56,'LOAN_TRANSFER_FEE_RATE','6','转让手续费率','2014-12-12 11:24:00','2014-12-12 11:24:00',NULL),
	(57,'LOAN_TRANSFER_PERIOD','7','首次债权转让距放款周期','2014-12-12 11:24:00','2014-12-12 11:24:00',NULL),
	(58,'LOAN_TRANSFER_PERIOD_TYPE','1','首次债权转让距放款周期类型','2014-12-12 11:24:00','2014-12-12 11:24:00',NULL),
	(59,'LOAN_LIMIT_PER_DAY','8','个体每日融资项目数','2014-12-12 11:24:00','2014-12-12 11:24:00',NULL),
	(60,'SHUTDOWN_SITE','1','关闭站点','2014-12-12 11:37:55','2014-12-12 11:37:55',NULL),
	(61,'SHUTDOWN_INFO','1','网站关闭信息','2014-12-12 11:37:55','2014-12-12 11:37:55',NULL),
	(62,'MIN_CREDIT_LIMIT','2','起始最低信用额度','2014-12-12 11:37:55','2014-12-12 11:37:55',NULL),
	(63,'PUNISH_INTEREST_RATE','3','罚息利率','2014-12-12 11:37:55','2014-12-12 11:37:55',NULL),
	(64,'CONTINUE_DESIGNATED_PAY','1','上期代还未收回是否继续代还','2014-12-12 11:37:55','2014-12-12 11:37:55',NULL),
	(65,'LOAN_TRANSFER_LIMIT','','债权转让次数','2014-12-12 11:37:55','2014-12-12 11:37:55',NULL),
	(66,'LOAN_TRANSFER_DISCONT_MIN','4','最小债权转让折扣','2014-12-12 11:37:55','2014-12-12 11:37:55',NULL),
	(67,'LOAN_TRANSFER_DISCONT_MAX','5','最大债权转让折扣','2014-12-12 11:37:55','2014-12-12 11:37:55',NULL),
	(68,'LOAN_TRANSFER_FEE_RATE','6','转让手续费率','2014-12-12 11:37:55','2014-12-12 11:37:55',NULL),
	(69,'LOAN_TRANSFER_PERIOD','7','首次债权转让距放款周期','2014-12-12 11:37:55','2014-12-12 11:37:55',NULL),
	(70,'LOAN_TRANSFER_PERIOD_TYPE','1','首次债权转让距放款周期类型','2014-12-12 11:37:55','2014-12-12 11:37:55',NULL),
	(71,'LOAN_LIMIT_PER_DAY','8','个体每日融资项目数','2014-12-12 11:37:55','2014-12-12 11:37:55',NULL),
	(72,'SHUTDOWN_SITE','1','关闭站点','2014-12-12 18:12:52','2014-12-12 18:12:52',NULL),
	(73,'SHUTDOWN_INFO','1','网站关闭信息','2014-12-12 18:12:52','2014-12-12 18:12:52',NULL),
	(74,'MIN_CREDIT_LIMIT','2','起始最低信用额度','2014-12-12 18:12:52','2014-12-12 18:12:52',NULL),
	(75,'PUNISH_INTEREST_RATE','3','罚息利率','2014-12-12 18:12:52','2014-12-12 18:12:52',NULL),
	(76,'CONTINUE_DESIGNATED_PAY','1','上期代还未收回是否继续代还','2014-12-12 18:12:52','2014-12-12 18:12:52',NULL),
	(77,'LOAN_TRANSFER_LIMIT','','债权转让次数','2014-12-12 18:12:52','2014-12-12 18:12:52',NULL),
	(78,'LOAN_TRANSFER_DISCONT_MIN','4','最小债权转让折扣','2014-12-12 18:12:52','2014-12-12 18:12:52',NULL),
	(79,'LOAN_TRANSFER_DISCONT_MAX','5','最大债权转让折扣','2014-12-12 18:12:52','2014-12-12 18:12:52',NULL),
	(80,'LOAN_TRANSFER_FEE_RATE','6','转让手续费率','2014-12-12 18:12:52','2014-12-12 18:12:52',NULL),
	(81,'LOAN_TRANSFER_PERIOD','7','首次债权转让距放款周期','2014-12-12 18:12:52','2014-12-12 18:12:52',NULL),
	(82,'LOAN_TRANSFER_PERIOD_TYPE','1','首次债权转让距放款周期类型','2014-12-12 18:12:52','2014-12-12 18:12:52',NULL),
	(83,'LOAN_LIMIT_PER_DAY','8','个体每日融资项目数','2014-12-12 18:12:52','2014-12-12 18:12:52',NULL),
	(84,'SHUTDOWN_SITE','1','关闭站点','2014-12-12 18:13:09','2014-12-12 18:13:09',NULL),
	(85,'SHUTDOWN_INFO','1','网站关闭信息','2014-12-12 18:13:09','2014-12-12 18:13:09',NULL),
	(86,'MIN_CREDIT_LIMIT','2','起始最低信用额度','2014-12-12 18:13:09','2014-12-12 18:13:09',NULL),
	(87,'PUNISH_INTEREST_RATE','3','罚息利率','2014-12-12 18:13:09','2014-12-12 18:13:09',NULL),
	(88,'CONTINUE_DESIGNATED_PAY','1','上期代还未收回是否继续代还','2014-12-12 18:13:09','2014-12-12 18:13:09',NULL),
	(89,'LOAN_TRANSFER_LIMIT','','债权转让次数','2014-12-12 18:13:09','2014-12-12 18:13:09',NULL),
	(90,'LOAN_TRANSFER_DISCONT_MIN','4','最小债权转让折扣','2014-12-12 18:13:09','2014-12-12 18:13:09',NULL),
	(91,'LOAN_TRANSFER_DISCONT_MAX','5','最大债权转让折扣','2014-12-12 18:13:09','2014-12-12 18:13:09',NULL),
	(92,'LOAN_TRANSFER_FEE_RATE','6','转让手续费率','2014-12-12 18:13:09','2014-12-12 18:13:09',NULL),
	(93,'LOAN_TRANSFER_PERIOD','7','首次债权转让距放款周期','2014-12-12 18:13:09','2014-12-12 18:13:09',NULL),
	(94,'LOAN_TRANSFER_PERIOD_TYPE','1','首次债权转让距放款周期类型','2014-12-12 18:13:09','2014-12-12 18:13:09',NULL),
	(95,'LOAN_LIMIT_PER_DAY','8','个体每日融资项目数','2014-12-12 18:13:09','2014-12-12 18:13:09',NULL),
	(96,'SHUTDOWN_SITE','1','关闭站点','2014-12-12 18:26:50','2014-12-12 18:26:50',NULL),
	(97,'SHUTDOWN_INFO','1','网站关闭信息','2014-12-12 18:26:50','2014-12-12 18:26:50',NULL),
	(98,'MIN_CREDIT_LIMIT','2','起始最低信用额度','2014-12-12 18:26:50','2014-12-12 18:26:50',NULL),
	(99,'PUNISH_INTEREST_RATE','3','罚息利率','2014-12-12 18:26:50','2014-12-12 18:26:50',NULL),
	(100,'CONTINUE_DESIGNATED_PAY','1','上期代还未收回是否继续代还','2014-12-12 18:26:50','2014-12-12 18:26:50',NULL),
	(101,'LOAN_TRANSFER_LIMIT','22','债权转让次数','2014-12-12 18:26:50','2014-12-12 18:26:50',NULL),
	(102,'LOAN_TRANSFER_DISCONT_MIN','4','最小债权转让折扣','2014-12-12 18:26:50','2014-12-12 18:26:50',NULL),
	(103,'LOAN_TRANSFER_DISCONT_MAX','5','最大债权转让折扣','2014-12-12 18:26:50','2014-12-12 18:26:50',NULL),
	(104,'LOAN_TRANSFER_FEE_RATE','6','转让手续费率','2014-12-12 18:26:50','2014-12-12 18:26:50',NULL),
	(105,'LOAN_TRANSFER_PERIOD','7','首次债权转让距放款周期','2014-12-12 18:26:50','2014-12-12 18:26:50',NULL),
	(106,'LOAN_TRANSFER_PERIOD_TYPE','2','首次债权转让距放款周期类型','2014-12-12 18:26:50','2014-12-12 18:26:50',NULL),
	(107,'LOAN_LIMIT_PER_DAY','8','个体每日融资项目数','2014-12-12 18:26:50','2014-12-12 18:26:50',NULL),
	(108,'SHUTDOWN_SITE','1','关闭站点','2014-12-12 18:47:45','2014-12-12 18:47:45',NULL),
	(109,'SHUTDOWN_INFO','1','网站关闭信息','2014-12-12 18:47:45','2014-12-12 18:47:45',NULL),
	(110,'MIN_CREDIT_LIMIT','2','起始最低信用额度','2014-12-12 18:47:45','2014-12-12 18:47:45',NULL),
	(111,'PUNISH_INTEREST_RATE','3','罚息利率','2014-12-12 18:47:45','2014-12-12 18:47:45',NULL),
	(112,'CONTINUE_DESIGNATED_PAY','1','上期代还未收回是否继续代还','2014-12-12 18:47:45','2014-12-12 18:47:45',NULL),
	(113,'LOAN_TRANSFER_LIMIT','','债权转让次数','2014-12-12 18:47:45','2014-12-12 18:47:45',NULL),
	(114,'LOAN_TRANSFER_DISCONT_MIN','4','最小债权转让折扣','2014-12-12 18:47:45','2014-12-12 18:47:45',NULL),
	(115,'LOAN_TRANSFER_DISCONT_MAX','5','最大债权转让折扣','2014-12-12 18:47:45','2014-12-12 18:47:45',NULL),
	(116,'LOAN_TRANSFER_FEE_RATE','6','转让手续费率','2014-12-12 18:47:45','2014-12-12 18:47:45',NULL),
	(117,'LOAN_TRANSFER_PERIOD','7','首次债权转让距放款周期','2014-12-12 18:47:45','2014-12-12 18:47:45',NULL),
	(118,'LOAN_TRANSFER_PERIOD_TYPE','2','首次债权转让距放款周期类型','2014-12-12 18:47:45','2014-12-12 18:47:45',NULL),
	(119,'LOAN_LIMIT_PER_DAY','8','个体每日融资项目数','2014-12-12 18:47:45','2014-12-12 18:47:45',NULL),
	(120,'SHUTDOWN_SITE','1','关闭站点','2014-12-12 18:48:37','2014-12-12 18:48:37',NULL),
	(121,'SHUTDOWN_INFO','1','网站关闭信息','2014-12-12 18:48:37','2014-12-12 18:48:37',NULL),
	(122,'MIN_CREDIT_LIMIT','2','起始最低信用额度','2014-12-12 18:48:37','2014-12-12 18:48:37',NULL),
	(123,'PUNISH_INTEREST_RATE','3','罚息利率','2014-12-12 18:48:37','2014-12-12 18:48:37',NULL),
	(124,'CONTINUE_DESIGNATED_PAY','1','上期代还未收回是否继续代还','2014-12-12 18:48:37','2014-12-12 18:48:37',NULL),
	(125,'LOAN_TRANSFER_LIMIT','2','债权转让次数','2014-12-12 18:48:37','2014-12-12 18:48:37',NULL),
	(126,'LOAN_TRANSFER_DISCONT_MIN','4','最小债权转让折扣','2014-12-12 18:48:37','2014-12-12 18:48:37',NULL),
	(127,'LOAN_TRANSFER_DISCONT_MAX','5','最大债权转让折扣','2014-12-12 18:48:37','2014-12-12 18:48:37',NULL),
	(128,'LOAN_TRANSFER_FEE_RATE','6','转让手续费率','2014-12-12 18:48:37','2014-12-12 18:48:37',NULL),
	(129,'LOAN_TRANSFER_PERIOD','7','首次债权转让距放款周期','2014-12-12 18:48:37','2014-12-12 18:48:37',NULL),
	(130,'LOAN_TRANSFER_PERIOD_TYPE','2','首次债权转让距放款周期类型','2014-12-12 18:48:37','2014-12-12 18:48:37',NULL),
	(131,'LOAN_LIMIT_PER_DAY','8','个体每日融资项目数','2014-12-12 18:48:37','2014-12-12 18:48:37',NULL),
	(132,'SHUTDOWN_SITE','1','关闭站点','2014-12-12 18:49:30','2014-12-12 18:49:30',NULL),
	(133,'SHUTDOWN_INFO','1','网站关闭信息','2014-12-12 18:49:30','2014-12-12 18:49:30',NULL),
	(134,'MIN_CREDIT_LIMIT','2','起始最低信用额度','2014-12-12 18:49:30','2014-12-12 18:49:30',NULL),
	(135,'PUNISH_INTEREST_RATE','3','罚息利率','2014-12-12 18:49:30','2014-12-12 18:49:30',NULL),
	(136,'CONTINUE_DESIGNATED_PAY','1','上期代还未收回是否继续代还','2014-12-12 18:49:30','2014-12-12 18:49:30',NULL),
	(137,'LOAN_TRANSFER_LIMIT','','债权转让次数','2014-12-12 18:49:30','2014-12-12 18:49:30',NULL),
	(138,'LOAN_TRANSFER_DISCONT_MIN','4','最小债权转让折扣','2014-12-12 18:49:30','2014-12-12 18:49:30',NULL),
	(139,'LOAN_TRANSFER_DISCONT_MAX','5','最大债权转让折扣','2014-12-12 18:49:30','2014-12-12 18:49:30',NULL),
	(140,'LOAN_TRANSFER_FEE_RATE','6','转让手续费率','2014-12-12 18:49:30','2014-12-12 18:49:30',NULL),
	(141,'LOAN_TRANSFER_PERIOD','7','首次债权转让距放款周期','2014-12-12 18:49:30','2014-12-12 18:49:30',NULL),
	(142,'LOAN_TRANSFER_PERIOD_TYPE','2','首次债权转让距放款周期类型','2014-12-12 18:49:30','2014-12-12 18:49:30',NULL),
	(143,'LOAN_LIMIT_PER_DAY','8','个体每日融资项目数','2014-12-12 18:49:30','2014-12-12 18:49:30',NULL),
	(144,'SCORE_USAGE_VALID_PERIOD','3','单位:月','2014-12-27 14:21:43','2014-12-27 14:22:12',NULL),
	(145,'PLATFORM_ACCOUNT','15209855822','平台账户','2014-12-27 14:21:43','2014-12-27 14:21:43',NULL),
	(146,'NUMBER_RULE','皖yyyyMMdd字第%04d号','项目编号设置','2014-12-27 14:21:43','2015-01-11 22:43:51',NULL),
	(147,'SITE_AUTO_PREFIX_das','dasdzz','xa','2015-01-05 09:35:21','2015-01-05 09:35:29','dsa');

/*!40000 ALTER TABLE `abc_sys_config` ENABLE KEYS */;
UNLOCK TABLES;


# Dump of table abc_sys_link_info
# ------------------------------------------------------------

DROP TABLE IF EXISTS `abc_sys_link_info`;

CREATE TABLE `abc_sys_link_info` (
  `sl_id` int(11) NOT NULL AUTO_INCREMENT COMMENT '主键ID',
  `sl_title` varchar(50) DEFAULT NULL COMMENT '链接标题',
  `sl_logo` varchar(50) DEFAULT NULL COMMENT '链接logo',
  `sl_address` varchar(50) DEFAULT NULL COMMENT '链接url',
  `sl_mark` varchar(512) DEFAULT NULL COMMENT '链接描述',
  `sl_width` decimal(18,2) unsigned zerofill DEFAULT NULL COMMENT '链接宽度',
  `sl_height` decimal(18,2) unsigned zerofill DEFAULT NULL COMMENT '链接高度',
  PRIMARY KEY (`sl_id`)
) ENGINE=MyISAM DEFAULT CHARSET=utf8 COMMENT='友情链接表';



# Dump of table abc_tocash_record
# ------------------------------------------------------------

DROP TABLE IF EXISTS `abc_tocash_record`;

CREATE TABLE `abc_tocash_record` (
  `tocash_id` int(11) NOT NULL AUTO_INCREMENT COMMENT '提现id',
  `tocash_user_id` int(11) DEFAULT NULL COMMENT '提现用户id',
  `tocash_account_id` varchar(18) COLLATE utf8_bin DEFAULT NULL COMMENT '提现账户No',
  `tocash_amount` decimal(18,2) DEFAULT NULL COMMENT '提现金额',
  `tocash_seq_no` varchar(64) COLLATE utf8_bin DEFAULT NULL COMMENT '提现交易流水号',
  `tocash_state` int(1) DEFAULT NULL COMMENT '提现状态：0提现中，1提现成功，2提现失败',
  `tocash_date` datetime DEFAULT NULL COMMENT '提现时间',
  `tocash_out_seq_no` varchar(64) COLLATE utf8_bin DEFAULT NULL COMMENT '外部交易流水号',
  PRIMARY KEY (`tocash_id`)
) ENGINE=InnoDB DEFAULT CHARSET=utf8 COLLATE=utf8_bin COMMENT='提现记录表';

LOCK TABLES `abc_tocash_record` WRITE;
/*!40000 ALTER TABLE `abc_tocash_record` DISABLE KEYS */;

INSERT INTO `abc_tocash_record` (`tocash_id`, `tocash_user_id`, `tocash_account_id`, `tocash_amount`, `tocash_seq_no`, `tocash_state`, `tocash_date`, `tocash_out_seq_no`)
VALUES
	(1,NULL,NULL,NULL,X'323232',2,'2015-01-28 15:18:11',NULL),
	(2,NULL,NULL,NULL,X'323232',2,'2015-02-02 17:51:09',NULL),
	(3,NULL,NULL,NULL,X'323232',2,'2015-02-02 18:11:36',NULL),
	(4,NULL,NULL,NULL,X'3131313131',2,'2015-02-07 15:02:09',NULL);

/*!40000 ALTER TABLE `abc_tocash_record` ENABLE KEYS */;
UNLOCK TABLES;


# Dump of table abc_trace_record
# ------------------------------------------------------------

DROP TABLE IF EXISTS `abc_trace_record`;

CREATE TABLE `abc_trace_record` (
  `tr_id` int(11) unsigned NOT NULL AUTO_INCREMENT COMMENT '主键',
  `tr_loan_id` int(11) DEFAULT NULL COMMENT '普通标id',
  `tr_bid_type` tinyint(1) NOT NULL COMMENT '要跟踪的标的类型',
  `tr_bid_id` int(11) NOT NULL COMMENT '要跟踪的标的id',
  `tr_bid_old_state` tinyint(2) DEFAULT NULL COMMENT '要跟踪的标的旧的项目状态',
  `tr_bid_new_state` tinyint(2) DEFAULT NULL COMMENT '要跟踪的标的新的项目状态',
  `tr_bid_trace_operation` int(11) NOT NULL COMMENT '跟踪操作',
  `tr_creator` int(11) NOT NULL COMMENT '创建人',
  `tr_createtime` datetime NOT NULL COMMENT '创建时间',
  `tr_note` varchar(512) DEFAULT NULL COMMENT '备注说明',
  PRIMARY KEY (`tr_id`)
) ENGINE=InnoDB DEFAULT CHARSET=utf8 COMMENT='项目跟踪状态记录表';



# Dump of table abc_transfer_loan
# ------------------------------------------------------------

DROP TABLE IF EXISTS `abc_transfer_loan`;

CREATE TABLE `abc_transfer_loan` (
  `tl_id` int(11) unsigned NOT NULL AUTO_INCREMENT COMMENT '主键id',
  `tl_origin_id` int(11) NOT NULL COMMENT '原始贷款id',
  `tl_invest_id` int(11) NOT NULL COMMENT '投资id',
  `tl_user_id` int(11) NOT NULL COMMENT '转让人',
  `tl_transfer_total` decimal(18,2) NOT NULL COMMENT '转让债权总额',
  `tl_transfer_money` decimal(18,2) NOT NULL COMMENT '转让金额',
  `tl_transfer_rate` decimal(18,2) DEFAULT NULL COMMENT '转让后利率',
  `tl_transfer_fee` decimal(18,2) DEFAULT NULL COMMENT '转让手续费',
  `tl_transfer_discount_rate` decimal(18,2) DEFAULT NULL COMMENT '转让折让率',
  `tl_transfer_discount_fee` decimal(18,2) DEFAULT NULL COMMENT '转让折让费',
  `tl_transfer_period` int(11) NOT NULL COMMENT '转让期数 比如：12期的收回计划表，还了3期，第4期转让，那么转让期数=12-3 = 9（期）',
  `tl_state` tinyint(1) NOT NULL COMMENT '转让状态 0：待审核 1：初审已通过 2：初审未通过 3：转让招标中 4：满标待审 5：满标审核通过 6：满标审核未通过 7：已流标 8：划转中 9：已划转',
  `tl_createtime` datetime NOT NULL COMMENT '转让申请日期 1、当转让人部分转让时，存在剩余金额，且同一笔贷款时，若第一笔债权未满标时，不允许转让第二次；\\n2、当未放款前，借款人还钱了，那么该转让申请作废，投资人钱重新进行返还，借款人把钱还给原债权人',
  `tl_modifytime` datetime NOT NULL COMMENT '修改日期',
  `tl_invest_starttime` datetime DEFAULT NULL COMMENT '投资开始时间',
  `tl_invest_endtime` datetime DEFAULT NULL COMMENT '投资结束时间',
  `tl_fulltime` datetime DEFAULT NULL COMMENT '满标日期',
  `tl_full_transferedtime` datetime DEFAULT NULL COMMENT '放款成功日期',
  `tl_current_invest` decimal(18,2) NOT NULL DEFAULT '0.00' COMMENT '当前投标总额',
  `tl_current_valid_invest` decimal(18,2) NOT NULL DEFAULT '0.00' COMMENT '当前有效投标总额',
  `tl_next_payment_id` int(11) NOT NULL COMMENT '下一次还款计划id',
  PRIMARY KEY (`tl_id`)
) ENGINE=InnoDB DEFAULT CHARSET=utf8 COMMENT='债权转让表';

LOCK TABLES `abc_transfer_loan` WRITE;
/*!40000 ALTER TABLE `abc_transfer_loan` DISABLE KEYS */;

INSERT INTO `abc_transfer_loan` (`tl_id`, `tl_origin_id`, `tl_invest_id`, `tl_user_id`, `tl_transfer_total`, `tl_transfer_money`, `tl_transfer_rate`, `tl_transfer_fee`, `tl_transfer_discount_rate`, `tl_transfer_discount_fee`, `tl_transfer_period`, `tl_state`, `tl_createtime`, `tl_modifytime`, `tl_invest_starttime`, `tl_invest_endtime`, `tl_fulltime`, `tl_full_transferedtime`, `tl_current_invest`, `tl_current_valid_invest`, `tl_next_payment_id`)
VALUES
	(1,3,2,3,1000.00,800.00,15.00,NULL,20.00,20.00,1,5,'2015-01-24 22:08:39','2015-01-24 22:32:16','2015-01-11 16:14:23','2015-02-20 16:14:26','2015-01-24 22:25:57',NULL,800.00,800.00,24),
	(2,5,7,2,1000.00,900.00,13.33,NULL,10.00,20.00,1,9,'2015-01-26 09:51:37','2015-01-26 09:57:49',NULL,NULL,'2015-01-26 09:52:41','2015-01-26 09:57:49',900.00,900.00,26),
	(3,6,10,2,1000.00,700.00,142.86,NULL,30.00,20.00,1,9,'2015-01-26 11:24:19','2015-01-26 11:38:36',NULL,NULL,'2015-01-26 11:28:05','2015-01-26 11:39:05',700.00,700.00,27),
	(4,8,13,1,950.00,500.00,22.80,NULL,47.37,20.00,1,9,'2015-01-26 13:17:34','2015-01-26 13:20:09',NULL,NULL,'2015-01-26 13:19:14','2015-01-26 13:20:38',500.00,500.00,28),
	(5,17,20,1,1000.00,400.00,30.00,NULL,60.00,20.00,1,6,'2015-01-29 21:06:55','2015-01-29 21:07:41','2015-01-29 21:07:39',NULL,'2015-01-29 21:07:55',NULL,400.00,400.00,32),
	(6,1,1,2,50000.00,100.00,6000.00,NULL,99.80,20.00,1,0,'2015-01-30 20:44:00','2015-01-30 20:44:00',NULL,NULL,NULL,NULL,0.00,0.00,23),
	(7,23,25,1,100.00,90.00,11.11,NULL,10.00,20.00,1,-1,'2015-01-30 21:03:05','2015-01-30 21:04:10','2015-01-30 21:03:43','2015-02-28 16:17:09','2015-02-28 21:04:18',NULL,90.00,90.00,37),
	(8,29,27,6,2000.00,1000.00,4.00,NULL,50.00,20.00,1,4,'2015-01-31 17:33:19','2015-01-31 17:34:43','2015-01-31 17:35:44',NULL,'2015-01-31 17:35:56',NULL,1000.00,1000.00,38);

/*!40000 ALTER TABLE `abc_transfer_loan` ENABLE KEYS */;
UNLOCK TABLES;


# Dump of table abc_transfer_schedule
# ------------------------------------------------------------

DROP TABLE IF EXISTS `abc_transfer_schedule`;

CREATE TABLE `abc_transfer_schedule` (
  `ts_id` int(11) NOT NULL AUTO_INCREMENT COMMENT 'ID',
  `ts_name` int(11) DEFAULT NULL COMMENT '环节名称',
  `ts_operator_id` int(11) DEFAULT NULL COMMENT '操作人',
  `ts_operate_time` datetime DEFAULT NULL COMMENT '操作时间',
  `ts_state` int(11) DEFAULT NULL COMMENT '转让状态',
  `ts_loan_id` int(11) DEFAULT NULL COMMENT '原始贷款ID',
  `ts_transfer_loan_id` int(11) DEFAULT NULL COMMENT '转让债权ID',
  PRIMARY KEY (`ts_id`)
) ENGINE=MyISAM DEFAULT CHARSET=utf8 COLLATE=utf8_bin COMMENT='转让进度表';



# Dump of table abc_user
# ------------------------------------------------------------

DROP TABLE IF EXISTS `abc_user`;

CREATE TABLE `abc_user` (
  `user_id` int(11) NOT NULL AUTO_INCREMENT COMMENT '主键',
  `user_name` varchar(50) COLLATE utf8_bin DEFAULT NULL COMMENT '用户名',
  `user_real_name` varchar(50) COLLATE utf8_bin DEFAULT NULL COMMENT '真实姓名',
  `user_pwd` varchar(50) COLLATE utf8_bin DEFAULT NULL COMMENT '登录密码',
  `user_deal_pwd` varchar(50) COLLATE utf8_bin DEFAULT NULL COMMENT '交易密码',
  `user_type` tinyint(1) DEFAULT NULL COMMENT '用户类型	1：个人 2：企业',
  `user_doc_type` varchar(50) COLLATE utf8_bin DEFAULT NULL COMMENT '证件类型',
  `user_doc_no` varchar(50) COLLATE utf8_bin DEFAULT NULL COMMENT '证件号码',
  `user_sex` tinyint(1) DEFAULT NULL COMMENT '性别	1:男  0:女',
  `user_birthday` datetime DEFAULT NULL COMMENT '生日',
  `user_nation` varchar(15) COLLATE utf8_bin DEFAULT NULL COMMENT '民族',
  `user_native` varchar(25) COLLATE utf8_bin DEFAULT '' COMMENT '籍贯',
  `user_phone` varchar(15) COLLATE utf8_bin DEFAULT NULL COMMENT '手机号码',
  `user_email` varchar(50) COLLATE utf8_bin DEFAULT NULL COMMENT '电子邮箱',
  `user_marry` tinyint(1) DEFAULT NULL COMMENT '婚姻状况	1:已婚 2:未婚 3:离婚 4:丧偶',
  `user_month_income` decimal(18,2) DEFAULT NULL COMMENT '月收入',
  `user_login_count` int(11) DEFAULT NULL COMMENT '登录次数',
  `user_head_img` varchar(50) COLLATE utf8_bin DEFAULT NULL COMMENT '网站头像',
  `user_score` int(10) DEFAULT '0' COMMENT '用户积分',
  `user_score_lastmodifytime` datetime DEFAULT NULL COMMENT '积分最后修改时间',
  `user_state` tinyint(1) DEFAULT '1' COMMENT '是否启用	1：是 0：否 -1 : 已删除',
  `user_auto_invest` tinyint(1) DEFAULT NULL COMMENT '是否开启自动投标计划	1：开启 0：未开启',
  `user_recommend_userid` int(11) DEFAULT NULL COMMENT '推荐人id',
  `user_loan_credit` decimal(18,2) DEFAULT NULL COMMENT '信用额度',
  `user_credit_sett` decimal(18,2) DEFAULT NULL COMMENT '可用信用额度',
  `user_register_date` datetime DEFAULT NULL COMMENT '注册日期',
  `user_realname_isproven` tinyint(1) DEFAULT '0' COMMENT '是否实名认证 	1：是 0：否',
  `user_mobile_isbinded` tinyint(1) NOT NULL DEFAULT '0' COMMENT '是否绑定手机号	1：是 0：否',
  `user_email_isbinded` tinyint(1) NOT NULL DEFAULT '0' COMMENT '是否绑定邮箱 	1：是 0：否',
  `user_bankcard_isbinded` tinyint(1) DEFAULT '0' COMMENT '是否绑定银行卡 	1：是 0：否',
  `user_email_verify_code` varchar(50) COLLATE utf8_bin DEFAULT NULL COMMENT '邮箱激活时验证码',
  `user_email_verify_date` datetime DEFAULT NULL COMMENT '邮箱激活时时间',
  `user_mobile_verify_date` datetime DEFAULT NULL COMMENT '手机认证日期',
  `user_isonline` tinyint(1) DEFAULT NULL COMMENT '1：已在线  0：未在线',
  `user_business_state` tinyint(1) DEFAULT NULL COMMENT '业务相关状态 1：注册成功 2：账户已开户 3：已充值 4：已投资',
  `user_authorize_flag` tinyint(1) DEFAULT NULL COMMENT '是否开启自动转账授权  0 未开启   1 已开启',
  PRIMARY KEY (`user_id`)
) ENGINE=InnoDB DEFAULT CHARSET=utf8 COLLATE=utf8_bin COMMENT='用户（网友）信息表';

LOCK TABLES `abc_user` WRITE;
/*!40000 ALTER TABLE `abc_user` DISABLE KEYS */;

INSERT INTO `abc_user` (`user_id`, `user_name`, `user_real_name`, `user_pwd`, `user_deal_pwd`, `user_type`, `user_doc_type`, `user_doc_no`, `user_sex`, `user_birthday`, `user_nation`, `user_native`, `user_phone`, `user_email`, `user_marry`, `user_month_income`, `user_login_count`, `user_head_img`, `user_score`, `user_score_lastmodifytime`, `user_state`, `user_auto_invest`, `user_recommend_userid`, `user_loan_credit`, `user_credit_sett`, `user_register_date`, `user_realname_isproven`, `user_mobile_isbinded`, `user_email_isbinded`, `user_bankcard_isbinded`, `user_email_verify_code`, `user_email_verify_date`, `user_mobile_verify_date`, `user_isonline`, `user_business_state`, `user_authorize_flag`)
VALUES
	(1,X'E8B5B5E4B8802D31',X'E8B5B5E4B880',X'6531306164633339343962613539616262653536653035376632306638383365',X'6531306164633339343962613539616262653536653035376632306638383365',1,X'E8BAABE4BBBDE8AF81',X'363230353232313936393037323936313336',1,'1969-07-29 00:00:00',X'E6B189',X'E79498E88283E79C81E6B885E6B0B4E58EBF',X'3133313132333435363738',X'3133313132333435363738403136332E636F6D',1,5000.00,1,NULL,90,'2015-02-09 15:11:18',1,0,NULL,50000.00,0.00,'2015-01-01 15:37:53',1,0,0,0,NULL,NULL,NULL,0,4,NULL),
	(2,X'E992B1E4BA8C2D32',X'E992B1E4BA8C',X'6531306164633339343962613539616262653536653035376632306638383365',X'6531306164633339343962613539616262653536653035376632306638383365',1,X'E8BAABE4BBBDE8AF81',X'353232343237313936303036303930313531',1,'1960-06-09 00:00:00',X'E6B189',X'E8B4B5E5B79EE79C81E8B4B5E998B3E5B882',X'3133323132333435363738',X'3133323132333435363738403136332E636F6D',1,4000.00,1,NULL,40,'2015-02-07 18:17:52',1,0,NULL,40000.00,38900.00,'2015-01-01 15:37:53',1,0,0,0,NULL,NULL,NULL,0,4,NULL),
	(3,X'E5AD99E4B8892D33',X'E5AD99E4B889',X'6531306164633339343962613539616262653536653035376632306638383365',X'6531306164633339343962613539616262653536653035376632306638383365',1,X'E8BAABE4BBBDE8AF81',X'313330313831313937313033323439333958',1,'1971-03-24 00:00:00',X'E6B189',X'E6B2B3E58C97E79C81E79FB3E5AEB6E5BA84E5B882',X'3133333132333435363738',X'3133333132333435363738403136636F6D332E',1,4000.00,1,NULL,75,'2015-02-07 18:07:38',1,0,NULL,40000.00,38769.00,'2015-01-01 15:37:53',1,0,0,0,NULL,NULL,NULL,0,4,NULL),
	(4,X'E69D8EE59B9B2D34',X'E69D8EE59B9B',X'6531306164633339343962613539616262653536653035376632306638383365',X'6531306164633339343962613539616262653536653035376632306638383365',1,X'E8BAABE4BBBDE8AF81',X'333431343032313937363131303634323631',2,'1976-11-06 00:00:00',X'E6B189',X'E5AE89E5BEBDE79C81E5B7A2E6B996E5B882',X'3133343132333435363738',X'3133343132333435363738403136332E636F6D',1,5000.00,1,NULL,25,'2015-01-31 17:34:43',1,0,NULL,50000.00,45800.00,'2015-01-01 15:37:53',1,0,0,0,NULL,NULL,NULL,0,4,NULL),
	(5,X'E591A8E4BA942D35',X'E591A8E4BA94',X'6531306164633339343962613539616262653536653035376632306638383365',X'6531306164633339343962613539616262653536653035376632306638383365',1,X'E8BAABE4BBBDE8AF81',X'323130393032313938303039303530373832',2,'1980-09-05 00:00:00',X'E6B189',X'E9878DE5BA86E5B882',X'3133353132333435363738',X'3133353132333435363738403136332E636F6D',1,6000.00,1,NULL,15,'2015-01-24 17:18:14',1,0,NULL,60000.00,53800.00,'2015-01-01 15:37:53',1,0,0,0,NULL,NULL,NULL,0,4,NULL),
	(6,X'E590B4E585AD2D36',X'E590B4E585AD',X'6531306164633339343962613539616262653536653035376632306638383365',X'6531306164633339343962613539616262653536653035376632306638383365',2,X'E8BAABE4BBBDE8AF81',X'333430383232313937353034303537313835',2,'1975-04-05 00:00:00',X'E6B189',X'E5AE89E5BEBDE79C81',X'3133363132333435363738',X'3133363132333435363738403136332E636F6D',1,4000.00,1,NULL,5,'2015-01-31 16:42:46',1,0,NULL,60000.00,59000.00,'2015-01-01 15:37:53',1,0,0,0,NULL,NULL,NULL,0,4,NULL),
	(7,X'E98391E4B8832D37',X'E98391E4B883',X'6531306164633339343962613539616262653536653035376632306638383365',X'6531306164633339343962613539616262653536653035376632306638383365',2,X'E8BAABE4BBBDE8AF81',X'333230353835313936363131313531343737',1,'1966-11-15 00:00:00',X'E6B189',X'E6B19FE8A5BFE79C81',X'3133373132333435363738',X'3133373132333435363738403136332E636F6D',1,2000.00,1,NULL,5,'2015-01-22 16:07:10',1,0,NULL,20000.00,20000.00,'2015-01-01 15:37:53',1,0,0,0,NULL,NULL,NULL,0,3,NULL),
	(8,X'E78E8BE585AB2D38',X'E78E8BE585AB',X'6531306164633339343962613539616262653536653035376632306638383365',X'6531306164633339343962613539616262653536653035376632306638383365',2,X'E8BAABE4BBBDE8AF81',X'333431353033313935323131313736363730',1,'1952-11-17 00:00:00',X'E6B189',X'E5AE89E5BEBDE79C81',X'3133383132333435363738',X'3133383132333435363738403136332E636F6D',1,3000.00,1,NULL,5,'2015-01-22 16:07:10',1,0,NULL,30000.00,30000.00,'2015-01-01 15:37:53',1,0,0,0,NULL,NULL,NULL,0,3,NULL),
	(9,X'E586AFE4B99D2D39',X'E586AFE4B99D',X'6531306164633339343962613539616262653536653035376632306638383365',X'6531306164633339343962613539616262653536653035376632306638383365',2,X'E8BAABE4BBBDE8AF81',X'353330333031313935373033303237393535',1,'1957-03-02 00:00:00',X'E6B189',X'E59B9BE5B79DE79C81',X'3133393132333435363738',X'3133393132333435363738403136332E636F6D',1,7000.00,1,NULL,5,'2015-01-22 16:07:10',1,0,NULL,70000.00,70000.00,'2015-01-01 15:37:53',1,0,0,0,NULL,NULL,NULL,0,3,NULL),
	(10,X'E99988E58D812D3130',X'E99988E58D81',X'6531306164633339343962613539616262653536653035376632306638383365',X'6531306164633339343962613539616262653536653035376632306638383365',2,X'E8BAABE4BBBDE8AF81',X'313230313134313937393032313936343939',1,'1979-02-19 00:00:00',X'E6B189',X'E58C97E4BAACE5B882',X'3135303132333435363738',X'3135303132333435363738403136332E636F6D',1,5000.00,1,NULL,5,'2015-01-22 16:07:10',1,0,NULL,50000.00,50000.00,'2015-01-01 15:37:53',1,0,0,0,NULL,NULL,NULL,0,3,NULL),
	(113,X'E99988E58D813233',X'E99988E58D81',X'6531306164633339343962613539616262653536653035376632306638383365',X'6531306164633339343962613539616262653536653035376632306638383365',1,X'E8BAABE4BBBDE8AF81',X'313230313134313937393032313936343939',1,'2015-02-10 14:54:48',X'E6B189',X'E58C97E4BAACE5B882',X'3135303132333435363738',X'3135303132333435363738403136332E636F6D',NULL,NULL,NULL,NULL,0,NULL,1,NULL,NULL,NULL,NULL,NULL,0,0,0,0,NULL,NULL,NULL,NULL,NULL,NULL);

/*!40000 ALTER TABLE `abc_user` ENABLE KEYS */;
UNLOCK TABLES;


# Dump of table abc_user_account
# ------------------------------------------------------------

DROP TABLE IF EXISTS `abc_user_account`;

CREATE TABLE `abc_user_account` (
  `ua_id` int(11) NOT NULL AUTO_INCREMENT COMMENT '主键id',
  `ua_total_money` decimal(18,2) DEFAULT NULL COMMENT '资金总额',
  `ua_useable_money` decimal(18,2) DEFAULT NULL COMMENT '可用余额',
  `ua_frozen` decimal(18,2) DEFAULT NULL COMMENT '冻结金额',
  `ua_account_no` varchar(18) COLLATE utf8_bin DEFAULT NULL COMMENT '用户账户id',
  `ua_operate_date` datetime DEFAULT NULL COMMENT '操作日期',
  PRIMARY KEY (`ua_id`),
  KEY `accountNoIndex` (`ua_account_no`)
) ENGINE=InnoDB DEFAULT CHARSET=utf8 COLLATE=utf8_bin;

LOCK TABLES `abc_user_account` WRITE;
/*!40000 ALTER TABLE `abc_user_account` DISABLE KEYS */;

INSERT INTO `abc_user_account` (`ua_id`, `ua_total_money`, `ua_useable_money`, `ua_frozen`, `ua_account_no`, `ua_operate_date`)
VALUES
	(1,100000.00,100000.00,0.00,X'3133313132333435363738','2015-01-23 12:24:56'),
	(2,100000.00,100000.00,0.00,X'3133323132333435363738','2015-01-23 12:24:56'),
	(3,100000.00,100000.00,0.00,X'3133333132333435363738','2015-01-23 12:24:56'),
	(4,100000.00,100000.00,0.00,X'3133343132333435363738','2015-01-23 12:24:56'),
	(5,100000.00,100000.00,0.00,X'3133353132333435363738','2015-01-23 12:24:56'),
	(6,100000.00,100000.00,0.00,X'3133363132333435363738','2015-01-23 12:24:56'),
	(7,100000.00,100000.00,0.00,X'3133373132333435363738','2015-01-23 12:24:56'),
	(8,100000.00,100000.00,0.00,X'3133383132333435363738','2015-01-23 12:24:56'),
	(9,100000.00,100000.00,0.00,X'3133393132333435363738','2015-01-23 12:24:56'),
	(10,100000.00,100000.00,0.00,X'3135303132333435363738','2015-01-23 12:24:56'),
	(11,100000.00,100000.00,0.00,X'3135323039383535383232','2015-01-23 12:24:56'),
	(12,100000.00,100000.00,0.00,X'3138333132333435363738','2015-01-23 12:24:56'),
	(13,100000.00,100000.00,0.00,X'3138343132333435363738','2015-01-23 12:24:56'),
	(14,100000.00,100000.00,0.00,X'3138353132333435363738','2015-01-23 12:24:56'),
	(15,100000.00,100000.00,0.00,X'3138363132333435363738','2015-01-23 12:24:56'),
	(16,100000.00,100000.00,0.00,X'3138373132333435363738','2015-01-23 12:24:56'),
	(32,100000.00,100000.00,0.00,X'3133313132333435363738','2015-01-23 14:13:12'),
	(33,100000.00,50000.00,50000.00,X'3133323132333435363738','2015-01-23 14:13:12'),
	(88,100011.00,100011.00,0.00,X'3135323039383535383232','2015-01-23 16:36:14'),
	(89,149989.00,149989.00,0.00,X'3133313132333435363738','2015-01-23 16:36:14'),
	(90,50000.00,50000.00,0.00,X'3133323132333435363738','2015-01-23 16:36:14'),
	(91,100000.00,99000.00,1000.00,X'3133333132333435363738','2015-01-24 16:00:08'),
	(92,100000.00,100000.00,0.00,X'3133353132333435363738','2015-01-24 16:00:08'),
	(93,149989.00,149789.00,200.00,X'3133313132333435363738','2015-01-24 16:00:21'),
	(94,100000.00,100000.00,0.00,X'3133353132333435363738','2015-01-24 16:00:21'),
	(95,50000.00,50000.00,0.00,X'3133323132333435363738','2015-01-24 17:18:13'),
	(96,100000.00,95000.00,5000.00,X'3133353132333435363738','2015-01-24 17:18:13'),
	(97,100000.00,95000.00,5000.00,X'3133343132333435363738','2015-01-24 17:18:39'),
	(98,50000.00,50000.00,0.00,X'3133323132333435363738','2015-01-24 17:18:39'),
	(99,100055.00,100055.00,0.00,X'3138343132333435363738','2015-01-24 18:38:30'),
	(100,100012.00,100012.00,0.00,X'3135323039383535383232','2015-01-24 18:38:30'),
	(101,99000.00,99000.00,0.00,X'3133333132333435363738','2015-01-24 18:38:30'),
	(102,149789.00,149789.00,0.00,X'3133313132333435363738','2015-01-24 18:38:30'),
	(103,101144.00,96144.00,5000.00,X'3133353132333435363738','2015-01-24 18:38:30'),
	(104,99000.00,99000.00,0.00,X'3133333132333435363738','2015-01-24 22:25:26'),
	(105,149789.00,148989.00,800.00,X'3133313132333435363738','2015-01-24 22:25:26'),
	(106,100000.00,95000.00,5000.00,X'3133343132333435363738','2015-01-26 09:49:34'),
	(107,50000.00,49000.00,1000.00,X'3133323132333435363738','2015-01-26 09:49:34'),
	(108,100110.00,100110.00,0.00,X'3138343132333435363738','2015-01-26 09:50:23'),
	(109,100023.00,100023.00,0.00,X'3135323039383535383232','2015-01-26 09:50:23'),
	(110,100934.00,95934.00,5000.00,X'3133343132333435363738','2015-01-26 09:50:23'),
	(111,49000.00,49000.00,0.00,X'3133323132333435363738','2015-01-26 09:50:23'),
	(112,99000.00,98100.00,900.00,X'3133333132333435363738','2015-01-26 09:52:41'),
	(113,49000.00,49000.00,0.00,X'3133323132333435363738','2015-01-26 09:52:41'),
	(114,100578.00,100578.00,0.00,X'3135323039383535383232','2015-01-26 09:57:49'),
	(115,98100.00,97200.00,900.00,X'3133333132333435363738','2015-01-26 09:57:49'),
	(116,49345.00,49345.00,0.00,X'3133323132333435363738','2015-01-26 09:57:49'),
	(117,100000.00,98500.00,1500.00,X'3133363132333435363738','2015-01-26 10:04:10'),
	(118,100000.00,98000.00,2000.00,X'3133373132333435363738','2015-01-26 10:18:50'),
	(119,101144.00,96144.00,5000.00,X'3133353132333435363738','2015-01-26 11:20:37'),
	(120,49345.00,48345.00,1000.00,X'3133323132333435363738','2015-01-26 11:20:37'),
	(121,100165.00,100165.00,0.00,X'3138343132333435363738','2015-01-26 11:21:54'),
	(122,100589.00,100589.00,0.00,X'3135323039383535383232','2015-01-26 11:21:54'),
	(123,102078.00,97078.00,5000.00,X'3133353132333435363738','2015-01-26 11:21:54'),
	(124,48345.00,48345.00,0.00,X'3133323132333435363738','2015-01-26 11:21:54'),
	(125,149789.00,147789.00,2000.00,X'3133313132333435363738','2015-01-26 11:22:32'),
	(126,98100.00,96500.00,1600.00,X'3133333132333435363738','2015-01-26 11:27:35'),
	(127,48345.00,48345.00,0.00,X'3133323132333435363738','2015-01-26 11:27:35'),
	(128,101144.00,101144.00,0.00,X'3135323039383535383232','2015-01-26 11:38:35'),
	(129,97400.00,95800.00,1600.00,X'3133333132333435363738','2015-01-26 11:38:35'),
	(130,48490.00,48490.00,0.00,X'3133323132333435363738','2015-01-26 11:38:35'),
	(131,102078.00,97078.00,5000.00,X'3133353132333435363738','2015-01-26 13:15:24'),
	(132,149789.00,146839.00,2950.00,X'3133313132333435363738','2015-01-26 13:15:24'),
	(133,48490.00,48440.00,50.00,X'3133323132333435363738','2015-01-26 13:15:30'),
	(134,102078.00,97078.00,5000.00,X'3133353132333435363738','2015-01-26 13:15:30'),
	(135,100220.00,100220.00,0.00,X'3138343132333435363738','2015-01-26 13:17:13'),
	(136,101155.00,101155.00,0.00,X'3135323039383535383232','2015-01-26 13:17:13'),
	(137,148839.00,146839.00,2000.00,X'3133313132333435363738','2015-01-26 13:17:13'),
	(138,48440.00,48440.00,0.00,X'3133323132333435363738','2015-01-26 13:17:13'),
	(139,103012.00,98012.00,5000.00,X'3133353132333435363738','2015-01-26 13:17:13'),
	(140,97400.00,95300.00,2100.00,X'3133333132333435363738','2015-01-26 13:18:46'),
	(141,148839.00,146839.00,2000.00,X'3133313132333435363738','2015-01-26 13:18:46'),
	(142,101710.00,101710.00,0.00,X'3135323039383535383232','2015-01-26 13:20:09'),
	(143,96900.00,94800.00,2100.00,X'3133333132333435363738','2015-01-26 13:20:09'),
	(144,148784.00,146784.00,2000.00,X'3133313132333435363738','2015-01-26 13:20:09'),
	(145,100934.00,93734.00,7200.00,X'3133343132333435363738','2015-01-26 13:23:43'),
	(146,148784.00,145784.00,3000.00,X'3133313132333435363738','2015-01-28 14:26:27'),
	(147,100934.00,93734.00,7200.00,X'3133343132333435363738','2015-01-28 14:26:27'),
	(148,NULL,NULL,NULL,X'6A796C74657374','2015-01-28 15:18:11'),
	(149,NULL,NULL,NULL,X'7A797174657374','2015-01-28 15:18:11'),
	(150,101721.00,101721.00,0.00,X'3135323039383535383232','2015-01-28 15:57:21'),
	(151,147784.00,145784.00,2000.00,X'3133313132333435363738','2015-01-28 15:57:21'),
	(152,101923.00,94723.00,7200.00,X'3133343132333435363738','2015-01-28 15:57:21'),
	(153,96900.00,93600.00,3300.00,X'3133333132333435363738','2015-01-28 15:57:43'),
	(154,0.00,0.00,0.00,X'3138303132333435363738','2015-01-28 16:09:15'),
	(155,0.00,0.00,0.00,X'3138393132333435363738','2015-01-28 16:58:20'),
	(156,103012.00,98012.00,5000.00,X'3133353132333435363738','2015-01-29 17:11:00'),
	(157,147784.00,144784.00,3000.00,X'3133313132333435363738','2015-01-29 17:11:00'),
	(158,100000.00,100000.00,0.00,X'3133383132333435363738','2015-01-29 20:48:31'),
	(159,147784.00,143784.00,4000.00,X'3133313132333435363738','2015-01-29 20:48:31'),
	(160,48440.00,47440.00,1000.00,X'3133323132333435363738','2015-01-29 20:51:45'),
	(161,147784.00,143784.00,4000.00,X'3133313132333435363738','2015-01-29 20:51:45'),
	(162,100263.00,100263.00,0.00,X'3138343132333435363738','2015-01-29 20:54:03'),
	(163,101933.00,101933.00,0.00,X'3135323039383535383232','2015-01-29 20:54:03'),
	(164,100745.00,100745.00,0.00,X'3133383132333435363738','2015-01-29 20:54:03'),
	(165,146784.00,143784.00,3000.00,X'3133313132333435363738','2015-01-29 20:54:03'),
	(166,47440.00,47440.00,0.00,X'3133323132333435363738','2015-01-29 20:55:13'),
	(167,100275.00,100275.00,0.00,X'3138343132333435363738','2015-01-29 20:55:13'),
	(168,101945.00,101945.00,0.00,X'3135323039383535383232','2015-01-29 20:55:13'),
	(169,147760.00,144760.00,3000.00,X'3133313132333435363738','2015-01-29 20:55:13'),
	(170,96900.00,93200.00,3700.00,X'3133333132333435363738','2015-01-29 21:07:31'),
	(171,147760.00,144760.00,3000.00,X'3133313132333435363738','2015-01-29 21:07:31'),
	(172,100000.00,98500.00,1500.00,X'3133363132333435363738','2015-01-30 14:02:30'),
	(173,147760.00,143760.00,4000.00,X'3133313132333435363738','2015-01-30 14:02:30'),
	(174,100308.00,100308.00,0.00,X'3138343132333435363738','2015-01-30 14:03:03'),
	(175,101999.00,101999.00,0.00,X'3135323039383535383232','2015-01-30 14:03:03'),
	(176,100913.00,99413.00,1500.00,X'3133363132333435363738','2015-01-30 14:03:03'),
	(177,146760.00,143760.00,3000.00,X'3133313132333435363738','2015-01-30 14:03:03'),
	(178,47440.00,45218.00,2222.00,X'3133323132333435363738','2015-01-30 14:03:29'),
	(179,102031.00,102031.00,0.00,X'3135323039383535383232','2015-01-30 14:06:00'),
	(180,146760.00,143760.00,3000.00,X'3133313132333435363738','2015-01-30 14:06:00'),
	(181,47408.00,45186.00,2222.00,X'3133323132333435363738','2015-01-30 14:06:00'),
	(182,101350.96,101350.96,0.00,X'3135323039383535383232','2015-01-30 14:24:55'),
	(183,147100.02,144100.02,3000.00,X'3133313132333435363738','2015-01-30 14:24:55'),
	(184,47748.02,45526.02,2222.00,X'3133323132333435363738','2015-01-30 14:24:55'),
	(185,147100.02,144000.02,3100.00,X'3133313132333435363738','2015-01-30 21:01:30'),
	(186,47748.02,45526.02,2222.00,X'3133323132333435363738','2015-01-30 21:01:30'),
	(187,101361.96,101361.96,0.00,X'3135323039383535383232','2015-01-30 21:02:13'),
	(188,147000.02,144000.02,3000.00,X'3133313132333435363738','2015-01-30 21:02:13'),
	(189,47837.02,45615.02,2222.00,X'3133323132333435363738','2015-01-30 21:02:13'),
	(190,96900.00,93110.00,3790.00,X'3133333132333435363738','2015-01-30 21:03:54'),
	(191,147000.02,144000.02,3000.00,X'3133313132333435363738','2015-01-30 21:03:54'),
	(192,103012.00,98012.00,5000.00,X'3133353132333435363738','2015-01-31 16:42:46'),
	(193,100913.00,97413.00,3500.00,X'3133363132333435363738','2015-01-31 16:42:46'),
	(194,100363.00,100363.00,0.00,X'3138343132333435363738','2015-01-31 17:32:27'),
	(195,101372.96,101372.96,0.00,X'3135323039383535383232','2015-01-31 17:32:27'),
	(196,104946.00,99946.00,5000.00,X'3133353132333435363738','2015-01-31 17:32:27'),
	(197,98913.00,97413.00,1500.00,X'3133363132333435363738','2015-01-31 17:32:27'),
	(198,101923.00,93723.00,8200.00,X'3133343132333435363738','2015-01-31 17:34:43'),
	(199,98913.00,97413.00,1500.00,X'3133363132333435363738','2015-01-31 17:34:43'),
	(200,NULL,NULL,NULL,X'6A796C74657374','2015-02-02 17:51:09'),
	(201,NULL,NULL,NULL,X'7A797174657374','2015-02-02 17:51:09'),
	(202,NULL,NULL,NULL,X'6A796C74657374','2015-02-02 18:11:36'),
	(203,NULL,NULL,NULL,X'7A797174657374','2015-02-02 18:11:36'),
	(204,NULL,NULL,NULL,X'6A796C74657374','2015-02-04 14:53:18'),
	(205,NULL,NULL,NULL,X'7A797174657374','2015-02-04 14:53:18'),
	(206,1000000.00,997200.00,2800.00,X'3133373030303030303031','2015-02-07 10:58:11'),
	(207,1000000.00,997200.00,2800.00,X'3133373030303030303031','2015-02-07 12:12:43'),
	(208,1000000.00,997200.00,2800.00,X'3133373030303030303031','2015-02-07 12:21:34'),
	(209,47837.02,45615.02,2222.00,X'3133323132333435363738','2015-02-07 18:07:32'),
	(210,147000.02,143000.02,4000.00,X'3133313132333435363738','2015-02-07 18:07:32'),
	(211,96900.00,92876.00,4024.00,X'3133333132333435363738','2015-02-07 18:07:38'),
	(212,47837.02,45615.02,2222.00,X'3133323132333435363738','2015-02-07 18:07:38'),
	(213,101584.96,101584.96,0.00,X'3135323039383535383232','2015-02-07 18:08:44'),
	(214,146000.02,143000.02,3000.00,X'3133313132333435363738','2015-02-07 18:08:44'),
	(215,96666.00,92876.00,3790.00,X'3133333132333435363738','2015-02-07 18:08:44'),
	(216,48859.02,46637.02,2222.00,X'3133323132333435363738','2015-02-07 18:08:44'),
	(217,101165.37,101165.37,0.00,X'3135323039383535383232','2015-02-07 18:17:52'),
	(218,146340.04,143340.04,3000.00,X'3133313132333435363738','2015-02-07 18:17:52'),
	(219,96745.57,92955.57,3790.00,X'3133333132333435363738','2015-02-07 18:17:52'),
	(220,998890.00,989320.00,9570.00,X'3133373030303030303031','2015-02-08 11:47:28'),
	(223,0.00,0.00,0.00,X'3138373035363936383832','2015-02-08 16:17:08');

/*!40000 ALTER TABLE `abc_user_account` ENABLE KEYS */;
UNLOCK TABLES;


# Dump of table abc_user_company
# ------------------------------------------------------------

DROP TABLE IF EXISTS `abc_user_company`;

CREATE TABLE `abc_user_company` (
  `uc_id` int(11) NOT NULL AUTO_INCREMENT COMMENT '主键',
  `uc_userid` int(11) DEFAULT NULL COMMENT '用户ID',
  `uc_company_name` varchar(64) COLLATE utf8_bin DEFAULT NULL COMMENT '单位名称',
  `uc_company_type` tinyint(1) DEFAULT NULL COMMENT '单位性质	1：政府机关 2：国有企业 3：台（港、澳）资企业 4：合资企业 5：个体户 6：事业性单位 7：私营企业',
  `uc_company_industry` varchar(64) COLLATE utf8_bin DEFAULT NULL COMMENT '单位行业	"1：农、林、牧、渔业\n2：制造业\n3：电力、燃气及水的生产和供应业\n4：建筑业\n5：交通运输、仓储和邮政业\n6：信息传输、计算机服务和软件业\n7：批发和零售业\n8：金融业\n9：房地产业\n10：采矿业\n11：租赁和商务服务业\n12：科学研究、技术服务和地质勘查业\n13：水利、环境和公共设施管理业\n14：居民服务和其他服务业\n15：教育\n16：卫生、社会保障和社会福利业\n17：文化、体育和娱乐业\n18：公共管理和社会组织\n19：国际组织"',
  `uc_work_year` tinyint(1) DEFAULT NULL COMMENT '工作年限	1：一年以内 2：一年以上 3：二年以上 4：三年以上 5：四年以上 6：五年以上 7 六年以上',
  `uc_position` varchar(64) COLLATE utf8_bin DEFAULT NULL COMMENT '职位',
  `uc_level` varchar(64) COLLATE utf8_bin DEFAULT NULL COMMENT '工作级别',
  `uc_phone` varchar(20) COLLATE utf8_bin DEFAULT NULL COMMENT '工作电话',
  `uc_work_period` varchar(64) COLLATE utf8_bin DEFAULT NULL COMMENT '工作时间',
  `uc_company_site` varchar(64) COLLATE utf8_bin DEFAULT NULL COMMENT '公司网址',
  `uc_company_address` varchar(512) COLLATE utf8_bin DEFAULT NULL COMMENT '公司地址',
  `uc_note` varchar(512) COLLATE utf8_bin DEFAULT NULL COMMENT '备注',
  PRIMARY KEY (`uc_id`)
) ENGINE=InnoDB DEFAULT CHARSET=utf8 COLLATE=utf8_bin ROW_FORMAT=COMPACT COMMENT='个人单位资料表';



# Dump of table abc_user_contact
# ------------------------------------------------------------

DROP TABLE IF EXISTS `abc_user_contact`;

CREATE TABLE `abc_user_contact` (
  `uc_id` int(11) NOT NULL AUTO_INCREMENT COMMENT '主键',
  `uc_userid` int(11) DEFAULT NULL COMMENT '用户ID',
  `uc_phone` varchar(20) COLLATE utf8_bin DEFAULT NULL COMMENT '手机号码',
  `uc_home_phone` varchar(20) COLLATE utf8_bin DEFAULT NULL COMMENT '居住地电话',
  `uc_city` varchar(25) COLLATE utf8_bin DEFAULT NULL COMMENT '居住所在省市',
  `uc_post` varchar(10) COLLATE utf8_bin DEFAULT NULL COMMENT '居住地邮编',
  `uc_address` varchar(512) COLLATE utf8_bin DEFAULT NULL COMMENT '现居住地址',
  `uc_second_contact_name` varchar(15) COLLATE utf8_bin DEFAULT NULL COMMENT '第二联系人姓名',
  `uc_second_contact_relationship` varchar(15) COLLATE utf8_bin DEFAULT NULL COMMENT '第二联系人关系',
  `uc_second_contact_phone` varchar(15) COLLATE utf8_bin DEFAULT NULL COMMENT '第二联系人电话',
  `uc_third_contact_name` varchar(15) COLLATE utf8_bin DEFAULT NULL COMMENT '第三联系人姓名',
  `uc_third_contact_relationship` varchar(15) COLLATE utf8_bin DEFAULT NULL COMMENT '第三联系人关系',
  `uc_third_contact_phone` varchar(15) COLLATE utf8_bin DEFAULT NULL COMMENT '第三联系人电话',
  `uc_fourth_contact_name` varchar(15) COLLATE utf8_bin DEFAULT NULL COMMENT '第四联系人姓名',
  `uc_fourth_contact_relationship` varchar(15) COLLATE utf8_bin DEFAULT NULL COMMENT '第四联系人关系',
  `uc_fourth_contact_phone` varchar(15) COLLATE utf8_bin DEFAULT NULL COMMENT '第四联系人电话',
  `uc_msn` varchar(20) COLLATE utf8_bin DEFAULT NULL COMMENT 'MSN',
  `uc_qq` varchar(20) COLLATE utf8_bin DEFAULT NULL COMMENT 'QQ',
  PRIMARY KEY (`uc_id`)
) ENGINE=InnoDB DEFAULT CHARSET=utf8 COLLATE=utf8_bin COMMENT='个人联系方式表';



# Dump of table abc_user_education
# ------------------------------------------------------------

DROP TABLE IF EXISTS `abc_user_education`;

CREATE TABLE `abc_user_education` (
  `ue_id` int(11) NOT NULL AUTO_INCREMENT COMMENT '主键',
  `ue_userid` int(11) DEFAULT NULL COMMENT '用户ID',
  `ue_top_education` tinyint(1) DEFAULT NULL COMMENT '最高学历	0：小学 1：初中 2：高中 3：中专 4：专科 5：本科 6：研究生  7： 博士  8：博士后  9：其它',
  `ue_top_school` varchar(25) COLLATE utf8_bin DEFAULT NULL COMMENT '最高学历院校',
  `ue_major` varchar(25) COLLATE utf8_bin DEFAULT NULL COMMENT '专业',
  `ue_start_time` datetime DEFAULT NULL COMMENT '入学时间',
  `ue_end_time` datetime DEFAULT NULL COMMENT '毕业时间',
  PRIMARY KEY (`ue_id`)
) ENGINE=InnoDB DEFAULT CHARSET=utf8 COLLATE=utf8_bin ROW_FORMAT=COMPACT COMMENT='个人教育背景表';



# Dump of table abc_user_finance
# ------------------------------------------------------------

DROP TABLE IF EXISTS `abc_user_finance`;

CREATE TABLE `abc_user_finance` (
  `uf_id` int(11) NOT NULL AUTO_INCREMENT COMMENT '主键',
  `uf_userid` int(11) DEFAULT NULL COMMENT '用户ID',
  `uf_unsecured_pay` decimal(18,2) DEFAULT NULL COMMENT '每月无抵押贷款还款额',
  `uf_credit_pay` decimal(18,2) DEFAULT NULL COMMENT '每月信用卡还款金额',
  `uf_house_pay` decimal(18,2) DEFAULT NULL COMMENT '每月房屋按揭金额',
  `uf_car_pay` decimal(18,2) DEFAULT NULL COMMENT '每月汽车按揭金额',
  `uf_own_house` tinyint(1) DEFAULT NULL COMMENT '自有房产	1：是 0：否',
  `uf_own_car` tinyint(1) DEFAULT NULL COMMENT '自有汽车	1：是 0：否',
  PRIMARY KEY (`uf_id`)
) ENGINE=InnoDB DEFAULT CHARSET=utf8 COLLATE=utf8_bin COMMENT='个人财务状况资料表';



# Dump of table abc_user_house
# ------------------------------------------------------------

DROP TABLE IF EXISTS `abc_user_house`;

CREATE TABLE `abc_user_house` (
  `uh_id` int(11) NOT NULL AUTO_INCREMENT COMMENT '主键id',
  `uh_user_id` int(11) DEFAULT NULL COMMENT '用户id',
  `uh_address` varchar(512) COLLATE utf8_bin DEFAULT NULL COMMENT '房产地址',
  `uh_area` decimal(18,2) DEFAULT NULL COMMENT '建筑面积',
  `uh_pay_state` char(1) COLLATE utf8_bin DEFAULT NULL COMMENT '供款状况',
  `uh_date` datetime DEFAULT NULL COMMENT '建筑日期',
  `uh_owner_one` varchar(50) COLLATE utf8_bin DEFAULT NULL COMMENT '所有权1',
  `uh_share_one` decimal(18,2) DEFAULT NULL COMMENT '所有权1的份额',
  `uh_owner_two` varchar(50) COLLATE utf8_bin DEFAULT NULL COMMENT '所有权2',
  `uh_share_two` decimal(18,2) DEFAULT NULL COMMENT '所有权2的份额',
  `uh_loan_period` int(11) DEFAULT NULL COMMENT '贷款年限',
  `uh_month_pay` decimal(18,2) DEFAULT NULL COMMENT '每月供款',
  `uh_sett_pay` decimal(18,2) DEFAULT NULL COMMENT '尚欠供款余额',
  `uh_pay_bank` varchar(50) COLLATE utf8_bin DEFAULT NULL COMMENT '按揭银行',
  PRIMARY KEY (`uh_id`)
) ENGINE=InnoDB DEFAULT CHARSET=utf8 COLLATE=utf8_bin COMMENT='个人房产信息表';



# Dump of table abc_user_other_info
# ------------------------------------------------------------

DROP TABLE IF EXISTS `abc_user_other_info`;

CREATE TABLE `abc_user_other_info` (
  `uoi_id` int(11) NOT NULL AUTO_INCREMENT,
  `uoi_userid` int(11) DEFAULT NULL COMMENT '用户ID',
  `uoi_ability` varchar(15) COLLATE utf8_bin DEFAULT NULL COMMENT '个人能力',
  `uoi_hobby` varchar(64) COLLATE utf8_bin DEFAULT NULL COMMENT '个人爱好',
  `uoi_note` varchar(512) COLLATE utf8_bin DEFAULT NULL COMMENT '备注',
  PRIMARY KEY (`uoi_id`)
) ENGINE=InnoDB DEFAULT CHARSET=utf8 COLLATE=utf8_bin ROW_FORMAT=COMPACT COMMENT='个人其他信息表';



# Dump of table abc_user_owner
# ------------------------------------------------------------

DROP TABLE IF EXISTS `abc_user_owner`;

CREATE TABLE `abc_user_owner` (
  `uo_id` int(11) NOT NULL AUTO_INCREMENT COMMENT '主键id',
  `uo_user_id` int(11) DEFAULT NULL COMMENT '用户id',
  `uo_type` varchar(64) COLLATE utf8_bin DEFAULT NULL COMMENT '私营企业类型',
  `uo_address` varchar(512) COLLATE utf8_bin DEFAULT NULL COMMENT '经营场所地址',
  `uo_date` datetime DEFAULT NULL COMMENT '成立日期',
  `uo_rent_period` decimal(18,2) DEFAULT NULL COMMENT '租期',
  `uo_rent_money` decimal(18,2) DEFAULT NULL COMMENT '租金',
  `uo_tax_no` varchar(64) COLLATE utf8_bin DEFAULT NULL COMMENT '税务编号',
  `uo_registrat_no` varchar(64) COLLATE utf8_bin DEFAULT NULL COMMENT '工商登记号',
  `uo_profit_money` decimal(18,2) DEFAULT NULL COMMENT '全年盈利/亏损额',
  `uo_employ_num` int(11) DEFAULT NULL COMMENT '雇佣人数',
  `uo_month_pay` decimal(18,2) DEFAULT NULL COMMENT '每月供款?',
  `uo_sett_pay` decimal(18,2) DEFAULT NULL COMMENT '尚欠供款余额?',
  `uo_bank_pay` varchar(50) COLLATE utf8_bin DEFAULT NULL COMMENT '按揭银行?',
  PRIMARY KEY (`uo_id`)
) ENGINE=InnoDB DEFAULT CHARSET=utf8 COLLATE=utf8_bin COMMENT='个人私营业主资料表';

LOCK TABLES `abc_user_owner` WRITE;
/*!40000 ALTER TABLE `abc_user_owner` DISABLE KEYS */;

INSERT INTO `abc_user_owner` (`uo_id`, `uo_user_id`, `uo_type`, `uo_address`, `uo_date`, `uo_rent_period`, `uo_rent_money`, `uo_tax_no`, `uo_registrat_no`, `uo_profit_money`, `uo_employ_num`, `uo_month_pay`, `uo_sett_pay`, `uo_bank_pay`)
VALUES
	(1,NULL,NULL,X'313231333231',NULL,NULL,NULL,NULL,NULL,NULL,NULL,NULL,NULL,NULL),
	(2,NULL,NULL,X'313231333231',NULL,NULL,NULL,NULL,NULL,NULL,NULL,NULL,NULL,NULL),
	(3,NULL,NULL,X'313231333231',NULL,NULL,NULL,NULL,NULL,NULL,NULL,NULL,NULL,NULL);

/*!40000 ALTER TABLE `abc_user_owner` ENABLE KEYS */;
UNLOCK TABLES;


# Dump of table abc_user_spouse
# ------------------------------------------------------------

DROP TABLE IF EXISTS `abc_user_spouse`;

CREATE TABLE `abc_user_spouse` (
  `us_id` int(11) NOT NULL AUTO_INCREMENT COMMENT '主键id',
  `us_user_id` int(11) DEFAULT NULL COMMENT '用户id',
  `us_name` varchar(25) COLLATE utf8_bin DEFAULT NULL COMMENT '配偶姓名',
  `us_income` decimal(18,2) DEFAULT NULL COMMENT '配偶收入',
  `us_phone` varchar(15) COLLATE utf8_bin DEFAULT NULL COMMENT '配偶移动电话',
  `us_work_phone` varchar(15) COLLATE utf8_bin DEFAULT NULL COMMENT '配偶工作电话',
  `us_work_company` varchar(64) COLLATE utf8_bin DEFAULT NULL COMMENT '配偶工作单位',
  `us_position` varchar(25) COLLATE utf8_bin DEFAULT NULL COMMENT '配偶职位',
  `us_work_address` varchar(512) COLLATE utf8_bin DEFAULT NULL COMMENT '配偶工作地点',
  PRIMARY KEY (`us_id`)
) ENGINE=InnoDB DEFAULT CHARSET=utf8 COLLATE=utf8_bin COMMENT='个人配偶资料表';



# Dump of table abc_view_cash_borrower
# ------------------------------------------------------------

DROP VIEW IF EXISTS `abc_view_cash_borrower`;

CREATE TABLE `abc_view_cash_borrower` (
   `pp_pay_capital` DECIMAL(18) NOT NULL DEFAULT '0.00',
   `pp_pay_interest` DECIMAL(18) NOT NULL DEFAULT '0.00',
   `pp_pay_fine` DECIMAL(18) NOT NULL DEFAULT '0.00',
   `pp_pay_service_fee` DECIMAL(18) NOT NULL DEFAULT '0.00',
   `pp_pay_guar_fee` DECIMAL(18) NOT NULL DEFAULT '0.00',
   `pp_pay_total_money` DECIMAL(18) NOT NULL DEFAULT '0.00',
   `pp_pay_collect_capital` DECIMAL(18) NOT NULL DEFAULT '0.00',
   `pp_pay_collect_interest` DECIMAL(18) NOT NULL DEFAULT '0.00',
   `pp_pay_collect_fine` DECIMAL(18) NOT NULL DEFAULT '0.00',
   `pp_collect_service_fee` DECIMAL(18) NOT NULL DEFAULT '0.00',
   `pp_collect_guar_fee` DECIMAL(18) NOT NULL DEFAULT '0.00',
   `pp_collect_total` DECIMAL(18) NOT NULL DEFAULT '0.00',
   `pp_remain_fine` DECIMAL(18) NOT NULL DEFAULT '0.00',
   `pp_loan_period` INT(11) NOT NULL,
   `pp_is_clear` TINYINT(11) NOT NULL DEFAULT '0',
   `pp_pay_state` TINYINT(1) NOT NULL,
   `pp_replace_state` TINYINT(1) NULL DEFAULT '0',
   `pp_loanee` INT(11) NOT NULL,
   `user_name` VARCHAR(50) NULL DEFAULT NULL,
   `user_real_name` VARCHAR(50) NULL DEFAULT NULL,
   `user_type` TINYINT(1) NULL DEFAULT NULL
) ENGINE=MyISAM;



# Dump of table abc_view_cash_invester
# ------------------------------------------------------------

DROP VIEW IF EXISTS `abc_view_cash_invester`;

CREATE TABLE `abc_view_cash_invester` (
   `account_user_id` INT(11) NULL DEFAULT NULL,
   `account_user_name` VARCHAR(30) NULL DEFAULT NULL,
   `user_real_name` VARCHAR(50) NULL DEFAULT NULL,
   `account_user_type` TINYINT(4) NULL DEFAULT NULL,
   `account_no` VARCHAR(18) NULL DEFAULT NULL,
   `pi_pay_capital` DECIMAL(18) NULL DEFAULT NULL,
   `pi_pay_interest` DECIMAL(18) NULL DEFAULT '0.00',
   `pi_pay_fine` DECIMAL(18) NULL DEFAULT '0.00',
   `pi_pay_total_money` DECIMAL(18) NULL DEFAULT '0.00',
   `pi_collect_capital` DECIMAL(18) NULL DEFAULT '0.00',
   `pi_collect_interest` DECIMAL(18) NULL DEFAULT '0.00',
   `pi_collect_fine` DECIMAL(18) NULL DEFAULT '0.00',
   `pi_collect_total` DECIMAL(18) NULL DEFAULT '0.00',
   `pi_remain_fine` DECIMAL(18) NULL DEFAULT '0.00',
   `pi_income_plan_state` TINYINT(1) NULL DEFAULT NULL,
   `in_invest_money` DECIMAL(18) NULL DEFAULT '0.00',
   `in_valid_invest_money` DECIMAL(18) NULL DEFAULT '0.00',
   `in_invest_state` TINYINT(1) NULL DEFAULT NULL,
   `tl_transfer_total` DECIMAL(18) NULL DEFAULT NULL,
   `tl_transfer_fee` DECIMAL(18) NULL DEFAULT NULL,
   `tl_state` TINYINT(1) NULL DEFAULT NULL,
   `bl_buy_total` DECIMAL(18) NULL DEFAULT NULL,
   `bl_fee` DECIMAL(18) NULL DEFAULT NULL,
   `bl_state` TINYINT(1) NULL DEFAULT NULL,
   `bls_transfer_money` DECIMAL(18) NULL DEFAULT NULL,
   `bls_state` TINYINT(1) NULL DEFAULT NULL
) ENGINE=MyISAM;





# Replace placeholder table for abc_view_cash_borrower with correct view syntax
# ------------------------------------------------------------

DROP TABLE `abc_view_cash_borrower`;

CREATE ALGORITHM=UNDEFINED DEFINER=`root`@`%` SQL SECURITY DEFINER VIEW `abc_view_cash_borrower`
AS SELECT
   `pp`.`pp_pay_capital` AS `pp_pay_capital`,
   `pp`.`pp_pay_interest` AS `pp_pay_interest`,
   `pp`.`pp_pay_fine` AS `pp_pay_fine`,
   `pp`.`pp_pay_service_fee` AS `pp_pay_service_fee`,
   `pp`.`pp_pay_guar_fee` AS `pp_pay_guar_fee`,
   `pp`.`pp_pay_total_money` AS `pp_pay_total_money`,
   `pp`.`pp_pay_collect_capital` AS `pp_pay_collect_capital`,
   `pp`.`pp_pay_collect_interest` AS `pp_pay_collect_interest`,
   `pp`.`pp_pay_collect_fine` AS `pp_pay_collect_fine`,
   `pp`.`pp_collect_service_fee` AS `pp_collect_service_fee`,
   `pp`.`pp_collect_guar_fee` AS `pp_collect_guar_fee`,
   `pp`.`pp_collect_total` AS `pp_collect_total`,
   `pp`.`pp_remain_fine` AS `pp_remain_fine`,
   `pp`.`pp_loan_period` AS `pp_loan_period`,
   `pp`.`pp_is_clear` AS `pp_is_clear`,
   `pp`.`pp_pay_state` AS `pp_pay_state`,
   `pp`.`pp_replace_state` AS `pp_replace_state`,
   `pp`.`pp_loanee` AS `pp_loanee`,
   `au`.`user_name` AS `user_name`,
   `au`.`user_real_name` AS `user_real_name`,
   `au`.`user_type` AS `user_type`
FROM (`abc_plan_payment` `pp` join `abc_user` `au` on((`pp`.`pp_loanee` = `au`.`user_id`)));


# Replace placeholder table for abc_view_cash_invester with correct view syntax
# ------------------------------------------------------------

DROP TABLE `abc_view_cash_invester`;

CREATE ALGORITHM=UNDEFINED DEFINER=`root`@`%` SQL SECURITY DEFINER VIEW `abc_view_cash_invester`
AS SELECT
   `abc_account_info`.`account_user_id` AS `account_user_id`,
   `abc_account_info`.`account_user_name` AS `account_user_name`,
   `abc_user`.`user_real_name` AS `user_real_name`,
   `abc_account_info`.`account_user_type` AS `account_user_type`,
   `abc_account_info`.`account_no` AS `account_no`,
   `abc_plan_income`.`pi_pay_capital` AS `pi_pay_capital`,
   `abc_plan_income`.`pi_pay_interest` AS `pi_pay_interest`,
   `abc_plan_income`.`pi_pay_fine` AS `pi_pay_fine`,
   `abc_plan_income`.`pi_pay_total_money` AS `pi_pay_total_money`,
   `abc_plan_income`.`pi_collect_capital` AS `pi_collect_capital`,
   `abc_plan_income`.`pi_collect_interest` AS `pi_collect_interest`,
   `abc_plan_income`.`pi_collect_fine` AS `pi_collect_fine`,
   `abc_plan_income`.`pi_collect_total` AS `pi_collect_total`,
   `abc_plan_income`.`pi_remain_fine` AS `pi_remain_fine`,
   `abc_plan_income`.`pi_income_plan_state` AS `pi_income_plan_state`,
   `abc_invest`.`in_invest_money` AS `in_invest_money`,
   `abc_invest`.`in_valid_invest_money` AS `in_valid_invest_money`,
   `abc_invest`.`in_invest_state` AS `in_invest_state`,
   `abc_transfer_loan`.`tl_transfer_total` AS `tl_transfer_total`,
   `abc_transfer_loan`.`tl_transfer_fee` AS `tl_transfer_fee`,
   `abc_transfer_loan`.`tl_state` AS `tl_state`,
   `abc_buy_loan`.`bl_buy_total` AS `bl_buy_total`,
   `abc_buy_loan`.`bl_fee` AS `bl_fee`,
   `abc_buy_loan`.`bl_state` AS `bl_state`,
   `abc_buy_loan_subscribe`.`bls_transfer_money` AS `bls_transfer_money`,
   `abc_buy_loan_subscribe`.`bls_state` AS `bls_state`
FROM ((((((`abc_account_info` left join `abc_plan_income` on((`abc_account_info`.`account_user_id` = `abc_plan_income`.`pi_beneficiary`))) left join `abc_invest` on((`abc_account_info`.`account_user_id` = `abc_invest`.`in_user_id`))) left join `abc_buy_loan` on((`abc_account_info`.`account_user_id` = `abc_buy_loan`.`bl_user_id`))) left join `abc_transfer_loan` on((`abc_account_info`.`account_user_id` = `abc_transfer_loan`.`tl_user_id`))) left join `abc_user` on((`abc_account_info`.`account_user_id` = `abc_user`.`user_id`))) left join `abc_buy_loan_subscribe` on((`abc_account_info`.`account_user_id` = `abc_buy_loan_subscribe`.`bls_user_id`))) where (`abc_account_info`.`account_user_type` <> 3);

/*!40111 SET SQL_NOTES=@OLD_SQL_NOTES */;
/*!40101 SET SQL_MODE=@OLD_SQL_MODE */;
/*!40014 SET FOREIGN_KEY_CHECKS=@OLD_FOREIGN_KEY_CHECKS */;
/*!40101 SET CHARACTER_SET_CLIENT=@OLD_CHARACTER_SET_CLIENT */;
/*!40101 SET CHARACTER_SET_RESULTS=@OLD_CHARACTER_SET_RESULTS */;
/*!40101 SET COLLATION_CONNECTION=@OLD_COLLATION_CONNECTION */;
